-- phpMyAdmin SQL Dump
-- version 5.2.0
-- https://www.phpmyadmin.net/
--
-- Host: 127.0.0.1
-- Generation Time: Apr 06, 2023 at 04:23 PM
-- Server version: 10.4.25-MariaDB
-- PHP Version: 8.1.10

SET SQL_MODE = "NO_AUTO_VALUE_ON_ZERO";
START TRANSACTION;
SET time_zone = "+00:00";


/*!40101 SET @OLD_CHARACTER_SET_CLIENT=@@CHARACTER_SET_CLIENT */;
/*!40101 SET @OLD_CHARACTER_SET_RESULTS=@@CHARACTER_SET_RESULTS */;
/*!40101 SET @OLD_COLLATION_CONNECTION=@@COLLATION_CONNECTION */;
/*!40101 SET NAMES utf8mb4 */;

--
-- Database: `reception`
--

-- --------------------------------------------------------

--
-- Table structure for table `antennes`
--

CREATE TABLE `antennes` (
  `id` bigint(20) UNSIGNED NOT NULL,
  `antenne_name` varchar(255) COLLATE utf8mb4_unicode_ci NOT NULL,
  `antenne_full_dn` varchar(255) COLLATE utf8mb4_unicode_ci NOT NULL,
  `antenne_dn` varchar(255) COLLATE utf8mb4_unicode_ci NOT NULL
) ENGINE=InnoDB DEFAULT CHARSET=utf8mb4 COLLATE=utf8mb4_unicode_ci;

--
-- Dumping data for table `antennes`
--

INSERT INTO `antennes` (`id`, `antenne_name`, `antenne_full_dn`, `antenne_dn`) VALUES
(23, 'BLIDA', 'cn=GR-BLIDA,ou=antenne de BLIDA,ou=antenne,ou=users,ou=anam,dc=corp,dc=anam,dc=dz', 'GR-BLIDA'),
(24, 'CONSTANTINE', 'cn=GR-CONSTANTINE,ou=antenne de CONSTANTINE,ou=antenne,ou=users,ou=anam,dc=corp,dc=anam,dc=dz', 'GR-CONSTANTINE'),
(25, 'SETIF', 'cn=GR-SETIF,ou=antenne de SETIF,ou=antenne,ou=users,ou=anam,dc=corp,dc=anam,dc=dz', 'GR-SETIF'),
(26, 'BATNA', 'cn=GR-BATNA,ou=antenne de BATNA,ou=antenne,ou=users,ou=anam,dc=corp,dc=anam,dc=dz', 'GR-BATNA'),
(27, 'Oran', 'cn=GR-Oran,ou=antenne de Oran,ou=antenne,ou=users,ou=anam,dc=corp,dc=anam,dc=dz', 'GR-Oran'),
(28, 'BECHAR', 'cn=GR-BECHAR,ou=antenne de BECHAR,ou=antenne,ou=users,ou=anam,dc=corp,dc=anam,dc=dz', 'GR-BECHAR'),
(29, 'BORDJ BOU ARRERIDJ', 'cn=GR-BORDJ BOU ARRERIDJ,ou=antenne de BORDJ BOU ARRERIDJ,ou=antenne,ou=users,ou=anam,dc=corp,dc=anam,dc=dz', 'GR-BORDJ BOU ARRERIDJ'),
(30, 'CHLEF', 'cn=GR-CHLEF,ou=antenne de CHLEF,ou=antenne,ou=users,ou=anam,dc=corp,dc=anam,dc=dz', 'GR-CHLEF'),
(31, 'BOUMERDES', 'cn=GR-BOUMERDES,ou=antenne de BOUMERDES,ou=antenne,ou=users,ou=anam,dc=corp,dc=anam,dc=dz', 'GR-BOUMERDES'),
(32, 'DJANET', 'cn=GR-DJANET,ou=antenne de DJANET,ou=antenne,ou=users,ou=anam,dc=corp,dc=anam,dc=dz', 'GR-DJANET'),
(33, 'DJELFA', 'cn=GR-DJELFA,ou=antenne de DJELFA,ou=antenne,ou=users,ou=anam,dc=corp,dc=anam,dc=dz', 'GR-DJELFA'),
(34, 'GUELMA', 'cn=GR-GUELMA,ou=antenne de GUELMA,ou=antenne,ou=users,ou=anam,dc=corp,dc=anam,dc=dz', 'GR-GUELMA'),
(35, 'MILA', 'cn=GR-MILA,ou=antenne de MILA,ou=antenne,ou=users,ou=anam,dc=corp,dc=anam,dc=dz', 'GR-MILA'),
(36, 'OUARGLA', 'cn=GR-OUARGLA,ou=antenne de OUARGLA,ou=antenne,ou=users,ou=anam,dc=corp,dc=anam,dc=dz', 'GR-OUARGLA'),
(37, 'OUM EL BOUAGHI', 'cn=GR-OUM EL BOUAGHI,ou=antenne de OUM EL BOUAGHI,ou=antenne,ou=users,ou=anam,dc=corp,dc=anam,dc=dz', 'GR-OUM EL BOUAGHI'),
(38, 'SAIDA', 'cn=GR-SAIDA,ou=antenne de SAIDA,ou=antenne,ou=users,ou=anam,dc=corp,dc=anam,dc=dz', 'GR-SAIDA'),
(39, 'TAMANRASSET', 'cn=GR-TAMANRASSET,ou=antenne de TAMANRASSET,ou=antenne,ou=users,ou=anam,dc=corp,dc=anam,dc=dz', 'GR-TAMANRASSET'),
(40, 'TEBESSA', 'cn=GR-TEBESSA,ou=antenne de TEBESSA,ou=antenne,ou=users,ou=anam,dc=corp,dc=anam,dc=dz', 'GR-TEBESSA'),
(41, 'TIARET', 'cn=GR-TIARET,ou=antenne de TIARET,ou=antenne,ou=users,ou=anam,dc=corp,dc=anam,dc=dz', 'GR-TIARET'),
(42, 'TLEMCEN', 'cn=GR-TLEMCEN,ou=antenne de TLEMCEN,ou=antenne,ou=users,ou=anam,dc=corp,dc=anam,dc=dz', 'GR-TLEMCEN'),
(43, 'TINDOUF', 'cn=GR-TINDOUF,ou=BUREAU REGIONALE DE TINDOUF,ou=antenne,ou=users,ou=anam,dc=corp,dc=anam,dc=dz', 'GR-TINDOUF');

-- --------------------------------------------------------

--
-- Table structure for table `antenne_users`
--

CREATE TABLE `antenne_users` (
  `id` bigint(20) UNSIGNED NOT NULL,
  `ant_user` bigint(20) UNSIGNED NOT NULL,
  `ant_group` bigint(20) UNSIGNED NOT NULL
) ENGINE=InnoDB DEFAULT CHARSET=utf8mb4 COLLATE=utf8mb4_unicode_ci;

--
-- Dumping data for table `antenne_users`
--

INSERT INTO `antenne_users` (`id`, `ant_user`, `ant_group`) VALUES
(1, 272, 23),
(2, 264, 23),
(3, 263, 23),
(4, 262, 23),
(5, 261, 23),
(6, 229, 23),
(7, 228, 23),
(8, 227, 23),
(9, 226, 23),
(10, 255, 24),
(11, 254, 24),
(12, 206, 24),
(13, 205, 24),
(14, 204, 24),
(15, 203, 24),
(16, 180, 25),
(17, 179, 25),
(18, 178, 25),
(19, 177, 25),
(20, 176, 25),
(21, 175, 25),
(22, 174, 25),
(23, 173, 25),
(24, 270, 26),
(25, 222, 26),
(26, 221, 26),
(27, 220, 26),
(28, 219, 26),
(29, 218, 26),
(30, 217, 26),
(31, 189, 27),
(32, 188, 27),
(33, 187, 27),
(34, 186, 27),
(35, 185, 27),
(36, 184, 27),
(37, 260, 28),
(38, 259, 28),
(39, 258, 28),
(40, 225, 28),
(41, 224, 28),
(42, 223, 28),
(43, 216, 29),
(44, 215, 29),
(45, 214, 29),
(46, 212, 29),
(47, 211, 29),
(48, 145, 29),
(49, 253, 30),
(50, 252, 30),
(51, 251, 30),
(52, 202, 30),
(53, 201, 30),
(54, 200, 30),
(55, 199, 30),
(56, 257, 31),
(57, 256, 31),
(58, 210, 31),
(59, 209, 31),
(60, 208, 31),
(61, 207, 31),
(62, 271, 32),
(63, 250, 32),
(64, 249, 32),
(65, 248, 32),
(66, 247, 32),
(67, 246, 32),
(68, 198, 32),
(69, 197, 32),
(70, 245, 33),
(71, 244, 33),
(72, 243, 33),
(73, 196, 33),
(74, 195, 33),
(75, 194, 34),
(76, 193, 34),
(77, 192, 34),
(78, 191, 34),
(79, 190, 34),
(80, 242, 35),
(81, 241, 35),
(82, 240, 35),
(83, 183, 35),
(84, 182, 35),
(85, 181, 35),
(86, 165, 36),
(87, 164, 36),
(88, 163, 36),
(89, 162, 36),
(90, 161, 36),
(91, 170, 37),
(92, 169, 37),
(93, 168, 37),
(94, 167, 37),
(95, 166, 37),
(96, 239, 38),
(97, 238, 38),
(98, 237, 38),
(99, 236, 38),
(100, 172, 38),
(101, 171, 38),
(102, 235, 39),
(103, 160, 39),
(104, 159, 39),
(105, 158, 39),
(106, 157, 39),
(107, 156, 39),
(108, 155, 39),
(109, 154, 39),
(110, 153, 39),
(111, 234, 40),
(112, 152, 40),
(113, 151, 40),
(114, 150, 40),
(115, 149, 40),
(116, 148, 40),
(117, 231, 41),
(118, 230, 41),
(119, 144, 41),
(120, 143, 41),
(121, 233, 42),
(122, 232, 42),
(123, 147, 42),
(124, 146, 42),
(125, 145, 42),
(126, 269, 43),
(127, 268, 43),
(128, 267, 43),
(129, 266, 43),
(130, 265, 43),
(131, 273, 26);

-- --------------------------------------------------------

--
-- Table structure for table `antenne_visitors`
--

CREATE TABLE `antenne_visitors` (
  `id` bigint(20) UNSIGNED NOT NULL,
  `firstname` varchar(255) COLLATE utf8mb4_unicode_ci NOT NULL,
  `lastname` varchar(255) COLLATE utf8mb4_unicode_ci NOT NULL,
  `position` bigint(20) UNSIGNED DEFAULT NULL,
  `attachment` bigint(20) UNSIGNED DEFAULT NULL,
  `cin` varchar(255) COLLATE utf8mb4_unicode_ci NOT NULL,
  `id_type` bigint(20) UNSIGNED NOT NULL,
  `is_deleted` tinyint(1) NOT NULL DEFAULT 0,
  `created_at` timestamp NULL DEFAULT NULL,
  `updated_at` timestamp NULL DEFAULT NULL
) ENGINE=InnoDB DEFAULT CHARSET=utf8mb4 COLLATE=utf8mb4_unicode_ci;

--
-- Dumping data for table `antenne_visitors`
--

INSERT INTO `antenne_visitors` (`id`, `firstname`, `lastname`, `position`, `attachment`, `cin`, `id_type`, `is_deleted`, `created_at`, `updated_at`) VALUES
(5, 'dsfdsfds', 'dsfdsfdsfs', 1, NULL, 'dfdsfdsfds', 1, 0, '2023-02-12 09:06:46', '2023-02-12 09:06:46'),
(6, 'dsfdsf', 'dsfdsfdsf', 1, NULL, 'dsfdsfdsf', 1, 0, '2023-02-12 09:06:56', '2023-02-12 09:06:56'),
(7, 'aaaaaaaaaaaaaaa', 'sdsdsd', 1, NULL, 'sdqsdsqdsqdsqd', 1, 0, '2023-02-12 09:09:09', '2023-02-12 09:09:09'),
(8, 'dfdsfdsf', 'dsfdsfdsf', 1, NULL, 'sdfdsfds', 1, 0, '2023-02-12 09:15:09', '2023-02-12 09:15:09'),
(9, 'qssqdsq', 'sqdsqd', 1, NULL, 'sqdsqdq', 1, 0, '2023-02-12 09:51:56', '2023-02-12 09:51:56'),
(10, 'gfhgfhgf', 'hgfhgfhgfhf', 1, NULL, 'gfhfghgfh', 1, 0, '2023-02-13 10:39:09', '2023-02-13 10:39:09'),
(11, 'dsfdsf', 'dsfsdf', 1, NULL, 'sdfds', 2, 0, '2023-02-13 10:39:16', '2023-02-13 10:39:16'),
(12, 'fdgfgfd', 'gfdgfdgfdgfdgfdg', 1, NULL, 'gdgfdfg', 1, 0, '2023-02-20 09:07:48', '2023-02-20 09:07:48'),
(13, 'qdqsdqs', 'qsdsqdsq', 1, NULL, 'sqdsqd', 1, 0, '2023-02-20 09:36:55', '2023-02-20 09:36:55'),
(14, 'dsfdsfdsf', 'dsfdsfdsf', 1, NULL, 'dsfdsf', 1, 0, '2023-02-20 09:59:00', '2023-02-20 09:59:00'),
(15, 'mohamed', 'sqdsqdq', 1, NULL, '545454', 1, 0, '2023-04-06 09:18:44', '2023-04-06 09:18:44'),
(16, 'sqdsqdsq', 'dsqdsqdsqfd', 1, NULL, '5454544', 1, 0, '2023-04-06 09:22:25', '2023-04-06 09:22:25'),
(17, 'fdsdsfsd', 'fdsdsfds', 1, NULL, 'sdfdsfds', 1, 0, '2023-04-06 10:24:47', '2023-04-06 10:24:47');

-- --------------------------------------------------------

--
-- Table structure for table `antenne_visits`
--

CREATE TABLE `antenne_visits` (
  `id` bigint(20) UNSIGNED NOT NULL,
  `visitor` bigint(20) UNSIGNED NOT NULL,
  `organization` bigint(20) UNSIGNED DEFAULT NULL,
  `category` bigint(20) UNSIGNED NOT NULL,
  `entry_date` datetime NOT NULL,
  `exit_date` datetime DEFAULT NULL,
  `ant_location` bigint(20) UNSIGNED NOT NULL,
  `emp_visited` bigint(20) UNSIGNED DEFAULT NULL,
  `status` int(11) NOT NULL,
  `hashost` tinyint(1) NOT NULL DEFAULT 0,
  `subject` varchar(255) COLLATE utf8mb4_unicode_ci DEFAULT NULL,
  `is_deleted` tinyint(1) NOT NULL DEFAULT 0
) ENGINE=InnoDB DEFAULT CHARSET=utf8mb4 COLLATE=utf8mb4_unicode_ci;

--
-- Dumping data for table `antenne_visits`
--

INSERT INTO `antenne_visits` (`id`, `visitor`, `organization`, `category`, `entry_date`, `exit_date`, `ant_location`, `emp_visited`, `status`, `hashost`, `subject`, `is_deleted`) VALUES
(18, 17, 663, 1, '2023-04-06 12:24:00', NULL, 23, 228, 0, 0, 'fdsfdsfdsf', 0);

-- --------------------------------------------------------

--
-- Table structure for table `attachments`
--

CREATE TABLE `attachments` (
  `id` bigint(20) UNSIGNED NOT NULL,
  `filepath` varchar(255) COLLATE utf8mb4_unicode_ci NOT NULL
) ENGINE=InnoDB DEFAULT CHARSET=utf8mb4 COLLATE=utf8mb4_unicode_ci;

-- --------------------------------------------------------

--
-- Table structure for table `categories`
--

CREATE TABLE `categories` (
  `id` bigint(20) UNSIGNED NOT NULL,
  `name` varchar(255) COLLATE utf8mb4_unicode_ci NOT NULL
) ENGINE=InnoDB DEFAULT CHARSET=utf8mb4 COLLATE=utf8mb4_unicode_ci;

--
-- Dumping data for table `categories`
--

INSERT INTO `categories` (`id`, `name`) VALUES
(1, 'Visite'),
(2, 'Invitation');

-- --------------------------------------------------------

--
-- Table structure for table `failed_jobs`
--

CREATE TABLE `failed_jobs` (
  `id` bigint(20) UNSIGNED NOT NULL,
  `uuid` varchar(255) COLLATE utf8mb4_unicode_ci NOT NULL,
  `connection` text COLLATE utf8mb4_unicode_ci NOT NULL,
  `queue` text COLLATE utf8mb4_unicode_ci NOT NULL,
  `payload` longtext COLLATE utf8mb4_unicode_ci NOT NULL,
  `exception` longtext COLLATE utf8mb4_unicode_ci NOT NULL,
  `failed_at` timestamp NOT NULL DEFAULT current_timestamp()
) ENGINE=InnoDB DEFAULT CHARSET=utf8mb4 COLLATE=utf8mb4_unicode_ci;

-- --------------------------------------------------------

--
-- Table structure for table `groups`
--

CREATE TABLE `groups` (
  `id` bigint(20) UNSIGNED NOT NULL,
  `group_name` varchar(255) COLLATE utf8mb4_unicode_ci NOT NULL,
  `group_full_dn` varchar(255) COLLATE utf8mb4_unicode_ci NOT NULL,
  `group_dn` varchar(255) COLLATE utf8mb4_unicode_ci NOT NULL
) ENGINE=InnoDB DEFAULT CHARSET=utf8mb4 COLLATE=utf8mb4_unicode_ci;

--
-- Dumping data for table `groups`
--

INSERT INTO `groups` (`id`, `group_name`, `group_full_dn`, `group_dn`) VALUES
(14, 'Informatique', 'CN=gr_Informatique,OU=Informatique,OU=Siege,OU=Users,OU=ANAM,DC=corp,DC=anam,DC=dz', 'gr_Informatique'),
(15, 'Marché', 'CN=gr_Marché,OU=Marché,OU=Siege,OU=Users,OU=ANAM,DC=corp,DC=anam,DC=dz', 'gr_Marché'),
(16, 'Controle Minier', 'CN=gr_Controle Minier,OU=DIRECTION CONTRÔLE MINIER,OU=Siege,OU=Users,OU=ANAM,DC=corp,DC=anam,DC=dz', 'gr_Controle Minier'),
(17, 'Recherche', 'CN=gr_Recherche,OU=DIRECTION RECHERCHE MINIERE,OU=Siege,OU=Users,OU=ANAM,DC=corp,DC=anam,DC=dz', 'gr_Recherche'),
(18, 'DCM', 'CN=gr_DCM,OU=DCM,OU=Siege,OU=Users,OU=ANAM,DC=corp,DC=anam,DC=dz', 'gr_DCM'),
(19, 'DDM', 'CN=gr_DDM,OU=DDM,OU=Siege,OU=Users,OU=ANAM,DC=corp,DC=anam,DC=dz', 'gr_DDM'),
(20, 'DFC', 'CN=gr_DFC,OU=DFC,OU=Siege,OU=Users,OU=ANAM,DC=corp,DC=anam,DC=dz', 'gr_DFC'),
(21, 'DRHL', 'CN=gr_DRHL,OU=DRHL,OU=Siege,OU=Users,OU=ANAM,DC=corp,DC=anam,DC=dz', 'gr_DRHL'),
(22, 'DPM', 'CN=gr_DPM,OU=DIRECTION PROMOTION ET DEVLOPPEMNT MINIER,OU=Siege,OU=Users,OU=ANAM,DC=corp,DC=anam,DC=dz', 'gr_DPM'),
(23, 'Fiscalite', 'CN=gr_Fiscalite,OU=DEPARTEMENT FISCALITE,OU=Siege,OU=Users,OU=ANAM,DC=corp,DC=anam,DC=dz', 'gr_Fiscalite'),
(24, 'Comite Direction', 'CN=gr_Comite Direction,OU=COMITE DE DIRECTION,OU=Siege,OU=Users,OU=ANAM,DC=corp,DC=anam,DC=dz', 'gr_Comite Direction'),
(25, 'Juridique', 'CN=gr_Juridique,OU=JURIDIQUES,OU=Siege,OU=Users,OU=ANAM,DC=corp,DC=anam,DC=dz', 'gr_Juridique');

-- --------------------------------------------------------

--
-- Table structure for table `id_types`
--

CREATE TABLE `id_types` (
  `id` bigint(20) UNSIGNED NOT NULL,
  `name` varchar(255) COLLATE utf8mb4_unicode_ci NOT NULL
) ENGINE=InnoDB DEFAULT CHARSET=utf8mb4 COLLATE=utf8mb4_unicode_ci;

--
-- Dumping data for table `id_types`
--

INSERT INTO `id_types` (`id`, `name`) VALUES
(1, 'Carte d\'identité'),
(2, 'Permis de conduire'),
(3, 'Passeport'),
(4, 'Carte Professionelle'),
(5, 'Carte chifa');

-- --------------------------------------------------------

--
-- Table structure for table `migrations`
--

CREATE TABLE `migrations` (
  `id` int(10) UNSIGNED NOT NULL,
  `migration` varchar(255) COLLATE utf8mb4_unicode_ci NOT NULL,
  `batch` int(11) NOT NULL
) ENGINE=InnoDB DEFAULT CHARSET=utf8mb4 COLLATE=utf8mb4_unicode_ci;

--
-- Dumping data for table `migrations`
--

INSERT INTO `migrations` (`id`, `migration`, `batch`) VALUES
(1, '2014_10_12_000000_create_users_table', 1),
(2, '2014_10_12_100000_create_password_resets_table', 1),
(3, '2019_08_19_000000_create_failed_jobs_table', 1),
(4, '2019_12_14_000001_create_personal_access_tokens_table', 1),
(5, '2022_09_30_124305_create_visitors_table', 1),
(6, '2022_10_01_120938_create_profiles_table', 1),
(7, '2022_10_04_103758_visits', 1),
(8, '2022_10_04_104711_attachments', 1),
(9, '2022_10_04_105245_categories', 1),
(10, '2022_10_04_105325_organisations', 1),
(11, '2022_10_07_123021_id_types', 1),
(12, '2022_10_07_125022_services', 1),
(13, '2022_10_07_144512_position', 1),
(14, '2022_10_10_144030_sync', 1),
(15, '2022_10_10_144049_sync', 1),
(16, '2022_10_10_144105_create_syncs_table', 1),
(17, '2022_10_10_145547_add_ldap_columns_to_users_table', 1),
(18, '2022_10_11_124748_create_groups_table', 1),
(19, '2022_10_11_141528_create_user_groups_table', 1),
(20, '2099_10_04_123632_foreign_keys', 1);

-- --------------------------------------------------------

--
-- Table structure for table `organisations`
--

CREATE TABLE `organisations` (
  `id` bigint(20) UNSIGNED NOT NULL,
  `name` varchar(255) COLLATE utf8mb4_unicode_ci NOT NULL
) ENGINE=InnoDB DEFAULT CHARSET=utf8mb4 COLLATE=utf8mb4_unicode_ci;

--
-- Dumping data for table `organisations`
--

INSERT INTO `organisations` (`id`, `name`) VALUES
(1, 'sdqsd'),
(2, 'trrjkk'),
(3, 'sqdqsd'),
(4, 'egtp makhloufi'),
(5, 'SARL  IBN'),
(6, 'SARL THEVEST'),
(7, 'EASY RADIO'),
(8, 'egtp makhloufi'),
(9, 'prive'),
(10, 'FOUNISSEUR'),
(11, 'HUISSIER DE JUSTICE'),
(12, 'MORSLI & frères  806 PXC'),
(13, 'Chef De Services  Dim (MILA)'),
(14, 'SARL TMTEX'),
(15, 'SARL  IBADI'),
(16, 'prive'),
(17, 'prive'),
(18, 'ELESCAM'),
(19, 'TELDJA'),
(20, 'prive'),
(21, 'SARL SOPS'),
(22, 'SARL EL MOROUR'),
(23, 'SABA GLASSE'),
(24, 'Eurl el Bahdja'),
(25, 'SARL  ETPM_RIAD'),
(26, 'SNC.freres BEDJAOUI'),
(27, 'SARL GTRHO  5407 PXC'),
(28, 'SARL  CTM'),
(29, 'SARL SAT'),
(30, 'SARL HADJI NADJI'),
(31, 'prive'),
(32, 'COSIDER'),
(33, 'sarl banou messaoud'),
(34, 'SNC HAMROUNI ET CIE'),
(35, 'SARL AGREMAS 888 PXC'),
(36, 'SARL AGREMAS 888 PXC'),
(37, 'SARL META GRAIN'),
(38, 'SARL BRT  EL HOCEINIA'),
(39, 'SARL BRT  EL HOCEINIA'),
(40, 'EURL  BBC'),
(41, 'Eurl CHABAT AL NAKHLA'),
(42, 'PRIVE'),
(43, 'LA ROCHE AL RAYANE 7777 PEM'),
(44, 'prive'),
(45, 'prive'),
(46, 'PRIVE'),
(47, 'SARL COPMAG'),
(48, 'SNC ERRAHMA'),
(49, 'BAWADIR ELKHEIR'),
(50, 'AG EL HASSAINIA  7856 PEM'),
(51, 'GRANITAM 7373 PXC'),
(52, 'SARL LAALA ET LAHBARET 2101 PXC'),
(53, 'SNC  ALITI 2760 PXC'),
(54, 'SARL SAST  5317PXC'),
(55, 'BISKRIA CIMENT   6151 PXC'),
(56, 'BISKRIA CIMENT   6151 PXC'),
(57, 'SARL OULED EL MOULAT'),
(58, 'SARL Techno Céram  820pxc'),
(59, 'ORGM'),
(60, 'ENOF'),
(61, 'FMCO SARL  7628 PXC'),
(62, 'EVSM 7175 PXC'),
(63, 'ALGERIAN SILICE'),
(64, 'ALGERIAN SILICE'),
(65, 'prive'),
(66, 'SARL BENFRIHA ET SARL CAREMAS'),
(67, 'BBS ELECTRONIQUE  7876 PEC'),
(68, 'EPE  SPA MEDITRAM 7323 PEC'),
(69, 'SARL KOUTBIA'),
(70, 'EURL BENBELAT  6623 PXC'),
(71, 'DG    ALTRO'),
(72, 'EURL BORDJ LEMGUIBRA'),
(73, 'EURL BORDJ LEMGUIBRA'),
(74, 'MODERNE BRIQUE'),
(75, 'prive'),
(76, 'SARL MENGOUDA  7102 PEC'),
(77, 'SPA ORCONSMART  1039 PXC'),
(78, 'EURL BORDJ LEMGUIBRA'),
(79, 'EURL BORDJ LEMGUIBRA'),
(80, 'BRT TIZIRI 7651 PXC'),
(81, '203460780'),
(82, 'SARL BENFRIHA ET SARL CAREMAS'),
(83, 'BRIKE LIVE'),
(84, 'AVOCAT (SNC ECOTP)'),
(85, 'EPTRC'),
(86, 'SARL RODA COMPANY'),
(87, 'prive'),
(88, 'AL ANDALOUS SERVICE'),
(89, 'Assistant D\'avocat SNC ECOTP'),
(90, 'EPTP GHARDAIA 7903 PEC'),
(91, 'prive'),
(92, 'EURL RIMEL EDOUGH'),
(93, '(AVOCAT)  SARL IGHIL ALI)'),
(94, 'SARL OTMANI'),
(95, 'Bureaux D\'études'),
(96, 'MEDI TP SABLE'),
(97, 'TM TEXT'),
(98, 'SARL BEMARC'),
(99, 'CETIM'),
(100, 'SNC KEBBICHE FRERES BLATRE 141 PXC'),
(101, 'SNC KEBBICHE FRERES BLATRE 141 PXC'),
(102, 'BRIKE LIVE  7263 PEC'),
(103, 'BRIKE LIVE  7263 PEC'),
(104, 'G B C  7894 PEM'),
(105, 'ORGM  2418 PXC'),
(106, 'SARL CMCA  5052 PXC'),
(107, 'TOP COURSE'),
(108, 'SARL COPMAG'),
(109, 'EURL MATAL'),
(110, 'CHAREDDIB'),
(111, 'INGENIEUR'),
(112, 'prive'),
(113, 'orconsmart'),
(114, 'SARL GNMC 7230 PEC ET OP SPA PDS 7322 PEC'),
(115, 'SARL GNMC 7230 PEC ET OP SPA PDS 7322 PEC'),
(116, 'SARL LAALA ET LAHBARET 2101 PXC'),
(117, 'EURL TOUAHRI AGR  5689 PXC'),
(118, '7157 PXC EURL BOUDJERIHA'),
(119, 'Faïenceries Algériennes'),
(120, 'SARL TOUFIK 7224 PEC'),
(121, 'SARL TOUAB'),
(122, 'CERAMIQUE BOUMERDES'),
(123, 'DEM GHARDAIA'),
(124, 'SARL EL KHALIL'),
(125, 'COMPOSIUM SANIT 6897 PXC'),
(126, 'Députe'),
(127, 'Députe'),
(128, 'SARL G M F'),
(129, 'Eurl Mahmoudi  Ismail 2456 PXC'),
(130, 'SARL ARPOINSA 7901 PXC'),
(131, 'prive'),
(132, 'UCOGEBER 2040 PXC'),
(133, 'SARL RACADA'),
(134, 'Eurl DJERIDA'),
(135, 'Eurl DJERIDA'),
(136, 'SARL  CNT'),
(137, 'SARL  CNT'),
(138, 'ORCONSMART'),
(139, 'Députe'),
(140, 'SPA SBS ET SETIFIS'),
(141, 'SARL PERFECTION'),
(142, 'SARL PERFECTION'),
(143, 'SARL  BENFRIHA'),
(144, 'prive'),
(145, '7893 PEM  SARL  GTC'),
(146, 'SARL  SOIREM'),
(147, 'SARL SOTRAMA'),
(148, 'prive'),
(149, 'SARL TECHNOCERAM  820 PXC'),
(150, 'MEDITRAM'),
(151, 'NSC WATERS    5621 PXC'),
(152, 'NSC WATERS    5621 PXC'),
(153, 'prive'),
(154, 'CETIM  7233 PXC'),
(155, 'SPA CILAS 5801 PXC'),
(156, 'EMS'),
(157, 'SARL BOUSSEKAR'),
(158, 'SARL BOUSSEKAR'),
(159, 'TUF BENI ARAB'),
(160, 'TUF BENI ARAB'),
(161, 'BR  D\'étude'),
(162, 'SARL UC YAZRO  1040 PXC'),
(163, 'SARL ARPOINSA 7909 PXC'),
(164, 'SARL ARPOINSA 7909 PXC'),
(165, 'SARL ARPOINSA 7909 PXC'),
(166, 'Eurl Rebhi'),
(167, 'SARL BMSD'),
(168, 'SARL CHIKH REBAI  7778 PXC'),
(169, 'SNC EL RAHMA 1020 PXC'),
(170, 'SNC EL RAHMA 1020 PXC'),
(171, 'Eurl LOTFI TB 7821 PXC+ SARL SCAC 527 PXC RNV'),
(172, 'SARL ADIBA 6094 PXC'),
(173, 'SARL ADIBA 6094 PXC'),
(174, 'Sarl Aoun 2319 pxc'),
(175, 'SARL  SAIGUI'),
(176, 'SARL  SAIGUI'),
(177, 'SARL TECHNOCERAM'),
(178, 'SARL GMF'),
(179, 'BBC'),
(180, 'BBC'),
(181, 'BBC'),
(182, 'ENTRELEC'),
(183, 'prive'),
(184, 'prive'),
(185, 'EL CHETTIA 5249 PXC'),
(186, 'prive'),
(187, 'prive'),
(188, 'prive'),
(189, 'SOCOP'),
(190, 'SARL TIHARINE'),
(191, 'SARL CTM  6133 PXC'),
(192, 'SARL CTM  6133 PXC'),
(193, 'ROUINA CONCASSAGE'),
(194, 'prive'),
(195, 'SARL RAHA PHARM'),
(196, 'Faïencerie Algérienne'),
(197, 'Faïencerie Algérienne'),
(198, 'SARL SOTRAMA'),
(199, 'prive'),
(200, 'SARL TRAGA SET 7012 pxc'),
(201, 'SARL AKRAOUI'),
(202, 'prive'),
(203, 'E V S M'),
(204, 'EXPERT'),
(205, 'SPA CILAS'),
(206, 'SPA CILAS'),
(207, 'SARL FRERES REDDAH'),
(208, 'SARL SMART'),
(209, 'SFERTAP'),
(210, 'SARL ATHE'),
(211, 'prive'),
(212, 'SNC HAMROUNI'),
(213, 'SARL ORCONSMART 1039 PXC'),
(214, 'EURL ELESCAM 3150 PXC'),
(215, 'SARL BRT  EL HOCEINIA'),
(216, 'SARL BRT  EL HOCEINIA'),
(217, 'SARL GP SELMI'),
(218, 'SNC FRERES BEDJAOUI'),
(219, 'SNC LA ROCHE BLEU 825 PXC'),
(220, 'SARL COMPOSIUM SANIT 6897 PXC'),
(221, 'GRANITOB'),
(222, 'SARL ASSIBAT'),
(223, 'SARL MNTB'),
(224, 'SARL MNTB'),
(225, 'SARL SPMCTG'),
(226, 'SARL TUFEAL'),
(227, 'BR  D\'étude'),
(228, 'SARL TAFNA  2165 PXC'),
(229, 'Sarl Fils Megudoud'),
(230, 'Sarl EST MC'),
(231, 'SARL DJEBEL EL BORDJ'),
(232, 'SNC KEBBICHE +SARL AGREGAT'),
(233, 'SARL AGREGAT'),
(234, 'SARL PROGEC MAC'),
(235, 'SPA CATOF'),
(236, 'SPA CATOF'),
(237, 'SPA CATOF'),
(238, 'SARL ATAKOR'),
(239, 'Sarl ALCODIMEX'),
(240, 'SARL MENGOUDA  7102 PEC'),
(241, 'SARL MOULIN BLANC'),
(242, 'SARL MOULIN BLANC'),
(243, 'Députe'),
(244, 'SARL EL OUANCHARIS'),
(245, 'prive'),
(246, 'SARL LAALA ET LAHBARET 2101 PXC'),
(247, 'SPA SCIZ'),
(248, 'prive'),
(249, 'EURL SACO  6909 PXC'),
(250, 'EURL AIN LAHDJEL'),
(251, 'prive'),
(252, 'Députe'),
(253, 'PRIVE'),
(254, 'EURL CARRIERE ELHADI'),
(255, 'sarl farouk'),
(256, 'SNC GRADOL 7671 PXC'),
(257, 'SARL G M E F'),
(258, 'Spa PDS +Sarl TOUAB'),
(259, 'SARL I ABOUDA'),
(260, 'SPA G B C'),
(261, 'SARL S .Z .T'),
(262, 'SARL EL MORDJANE'),
(263, 'SARL LIOUA'),
(264, 'SARL BOUZEKRI'),
(265, 'SOMI  FOUS'),
(266, 'SOMI FOUS'),
(267, 'SOMI FOUS'),
(268, 'SOMI FOUS'),
(269, 'SOMI FOUS'),
(270, 'CM  GYPSO 885 PXC'),
(271, 'SOMIPHOS'),
(272, 'BRT  AKBOU'),
(273, 'BRT  AKBOU'),
(274, 'SENATEUR'),
(275, 'AVOCAT  SNC FRERES MESSAOUDI'),
(276, 'AGREGAT BAT'),
(277, 'SARL FRERES GHEZLANE'),
(278, 'EURL  SELMI  7860PEM'),
(279, 'EURL SIDI BOURZINE 301 PXC'),
(280, 'SARL B. LA TAFENA 2155 PCX'),
(281, 'EURL CARRIERE ISADI MUSTAPHA 2279 PXC'),
(282, 'EURL CARRIERE ISSAADI MUSTAPHA 2279 PXC'),
(283, 'FAZIL BAT'),
(284, 'SARL G M E F'),
(285, 'SARL FRERES BENABDALLAH'),
(286, 'T M  H  TRADESONE'),
(287, 'SARL BRIQUETERIE AKEBOU'),
(288, 'GHIABI'),
(289, 'ETB'),
(290, 'ENG'),
(291, 'SARL BMSD 7910 PXC'),
(292, 'SPA SCHS 7341 PXC'),
(293, 'SARL OULED ELARBI'),
(294, 'CETIC'),
(295, 'WATANIA TERANCE'),
(296, 'WATANIA TERANCE 5290'),
(297, 'PERVI'),
(298, 'DEPUTE'),
(299, 'LA FEDERATION'),
(300, 'LA FEDERATION'),
(301, 'LA FEDERATION'),
(302, 'LA FEDERATION'),
(303, 'GHIABI'),
(304, 'EURL SAECS 1085 PXC'),
(305, 'PERIV'),
(306, 'LA FEDERATION'),
(307, 'LA FEDERATION'),
(308, 'SARL SMCT 237 PXC'),
(309, 'SARL AGE PXC 1077'),
(310, 'SARL AGE PXC 1077'),
(311, 'EURL MATAL'),
(312, 'BRIQETERIE NAILI'),
(313, 'SARL BEN ABDALLAH 7920PXC'),
(314, 'SARL BBDALLAH'),
(315, 'EURL AYADI DJONOUDI 336 PXC'),
(316, 'EURL MATAL'),
(317, 'SARL GBC PXC 7894'),
(318, 'SARL DAY 5188 PXC'),
(319, 'SARL DAY 5188 PXC'),
(320, 'SARL ETMB 7365 PXC'),
(321, 'SARL CECB 2393 PXC'),
(322, 'SARL TAOUAB 7321 PXC'),
(323, 'PERVI'),
(324, 'PRIVE'),
(325, 'ETB'),
(326, 'CARTE AVOCATS'),
(327, 'EURL PTIT BLONCHE 6188 PXC'),
(328, 'SARL IRIDAL'),
(329, 'EURL MIE PIERRES 631 PXC'),
(330, 'SNC FRERES ALITI 2760 PXC'),
(331, 'SNC  ALITI 2760 PXC'),
(332, 'prive'),
(333, 'EPE  STAR   6628 PXC'),
(334, 'SABTP'),
(335, 'SNC KEBICHE & CIE'),
(336, 'DEPUTY'),
(337, 'PERIV'),
(338, 'SARL  SAST'),
(339, 'LAFARGE'),
(340, 'LAFARGE'),
(341, 'LAFARGE'),
(342, 'SARL G. T. R. H. O'),
(343, 'SARL G. T. R. H. O'),
(344, 'SARL MINIRVIL'),
(345, 'PRIVE'),
(346, 'NOR AFRIQUENE'),
(347, 'SARL BMSD'),
(348, 'SARL BEDJASTAR'),
(349, 'SARL BEDJASTAR'),
(350, 'SARL BEDJASTAR'),
(351, 'SARL NAILI 7070 PEM'),
(352, 'SLIM ZEG  5573 PXC'),
(353, 'MOBILIS'),
(354, 'SARL G. T'),
(355, 'qsdsqd'),
(356, 'test 01'),
(357, 'dsfsdfdsf'),
(358, 'SARL REBAI OULED CHEIKH'),
(359, 'EPTM RIAD 7117 PXC'),
(360, 'EPTM RYAD 7117 PXC'),
(361, 'SARL  TOUAB 2103PXC'),
(362, 'prive  (BEDJASTAR)'),
(363, 'SNC ERRAHMA i MASKRI 1020 PXC'),
(364, 'SARL BOUTIL RABAH  2589 pxc'),
(365, 'EURL HADDAK'),
(366, 'LITORAL AGREGATS'),
(367, 'SARL BAGHDAD EL FARISSI 7086 PXC'),
(368, 'EURL MEKHNECHE'),
(369, 'EURL OULED EL HADJ'),
(370, 'SARL CECB'),
(371, 'SARL ALGEMATCO'),
(372, 'SARL SIMAC PLUS'),
(373, 'SARL REKIMA 2325 PXC'),
(374, 'SARL LES LION DE LA ROCHE'),
(375, 'SARL LES LION DE LA ROC HE'),
(376, 'EVSM'),
(377, 'SARL SOEM'),
(378, 'SARL FINIX PHARM'),
(379, 'HYDRO CANAL'),
(380, 'SARLO CARDAMOS'),
(381, 'SARL EL MOUROUR'),
(382, 'SARL BOUKHALOUA'),
(383, 'NUROL'),
(384, 'SPA SAA  2668 PXC'),
(385, 'Sarl t p c ouest'),
(386, 'Finix   Pharme'),
(387, 'B S C'),
(388, 'SARL UCOGEBER  2040 PXC +5303 PXC'),
(389, 'SPA  ENOF  5809 PXM'),
(390, 'SARL ELESCAM'),
(391, 'Stagiaire'),
(392, 'MINALEX'),
(393, 'AL WATANIA TRANSE'),
(394, 'PASIFIC ROUTE + SARL OULED YAGOUB'),
(395, 'SPA SECH HAASNAOUI'),
(396, 'SARL  EL HOCEINIA  7906 PXC'),
(397, 'SARL SACTP 1059 PXC'),
(398, 'SARL AMMARI  31 PXC'),
(399, 'SARL PROGEC MAC 1127 PXC'),
(400, 'SARL FERERES MECELTI'),
(401, 'MINALEX  5392 PM'),
(402, 'SARL LAMBIRIDI  450 PXC'),
(403, 'E N G'),
(404, 'O R G M'),
(405, 'SARL  ABDELMALEK 2026 PXC'),
(406, 'SARL SADI ET DEMAME'),
(407, 'G.T.P.H  AZZOUZ'),
(408, 'ALGERIEN SILICE'),
(409, 'SAGA PNEUMATIQUE'),
(410, 'SARL GRAVISKI 508 PXC'),
(411, 'SARL B K H'),
(412, 'SIGEST'),
(413, 'EURL  DMAA'),
(414, 'SARL AL AWTAN'),
(415, 'NAFTAL'),
(416, 'EURL  EASY RADIO'),
(417, 'SARL GRADOR  7201 PXC'),
(418, 'TIZIRI CERAMIQUE  7651 PXC'),
(419, 'EURL   DAR  DEMBRI  7887 PEM'),
(420, 'SARL  EMS'),
(421, 'SARL ISSADI'),
(422, '6462 PXM    EURL  EC SIG'),
(423, 'OULED BOURAS'),
(424, 'SARL GRANDE OASIS'),
(425, 'SARL LITTORAL 7656 PXC'),
(426, 'SARL NOUR 7350 PXC'),
(427, 'SARL SADI IDAMAM 7276 PXC'),
(428, 'CASAB SILI 2610 PXC'),
(429, 'ALCM 6748 PXC'),
(430, 'SARL TILATOU 7192 PXC'),
(431, 'SPA  TRACAPAG'),
(432, 'SPA  TRACAPAG 598 PXC'),
(433, 'SARL AMIR MANADJIM 7143 PXC'),
(434, 'AL WATIK'),
(435, 'SARL   G  T  S'),
(436, 'AL  ASIL'),
(437, 'SARL NEDJEMDEINE  7347 PEC'),
(438, 'SARL EL  HAFADA'),
(439, 'SARL HADJI NADJI   7694 PXC'),
(440, 'L C M'),
(441, 'SARL AL ASIL'),
(442, 'SARL TAGDOUAR  2507 PXC'),
(443, 'SNC SALHI & CIE  5324 PXC'),
(444, 'SARL BATIAT   1012 PXC'),
(445, 'CETIM 470 PXC'),
(446, 'SARL PHINIX PHARM  407 PXC'),
(447, 'SARL SIDI BOURZINE   301 PXC'),
(448, 'EURL HADDAK  7931 + 7932 PXM'),
(449, 'SARL MCA  7849 PEC'),
(450, 'SARL GMEF 7487 PXC+ DE  EXPLORATION'),
(451, 'BRT TAFNA  2165 PXC'),
(452, 'SUPERTEXE'),
(453, 'SUPERTEXT'),
(454, 'SARL  SAADOUNI  1074 PXC'),
(455, 'CERAMIQUE  BOUMERDES'),
(456, 'SARL KOUIDER SEL 7753 PXC+SARL METAGRAIN 7754 PXC'),
(457, 'FEDERATION DES MINES'),
(458, 'SARL SABA GLASS'),
(459, 'ALGERIAN QUARTS10'),
(460, 'KOIDER SEL +METAGRAIN'),
(461, 'SARL SEL SISDI TIFOUR'),
(462, 'SARL EL  WIAMN'),
(463, 'EURL   BRIMATEC  7848 PXC'),
(464, 'ALGERIAN  QUARTZ'),
(465, 'ENACT'),
(466, 'TIZIRI CERAMIQUE  7651 PXC PXC'),
(467, 'SARL  AMMARI SERVICES'),
(468, 'sarl djerida'),
(469, 'EURL SOSTARA ET  SARL BRT NOUVELLE'),
(470, 'SNC HADJ KHELOUF ET BEDJAOUI'),
(471, 'SARL EL MADINA AL DJADIDA'),
(472, 'SARL TD BB'),
(473, 'PROGEC MAC  1127 PXC'),
(474, 'EURL ADJELFAOUENE'),
(475, 'SARL TECHNOCERAM 7911 PXC'),
(476, 'SARL ALPHACRITO'),
(477, 'SARL ALPHACRISTO'),
(478, 'SPA GISMED'),
(479, 'EURL ADJFAOUANE 7772'),
(480, 'EURL ALGEROCHE  7742 PXC'),
(481, 'EURL  ALGEROCHE'),
(482, 'SARL SACTP  1059 PXC'),
(483, 'SNC  ROCHE BLEU  825 PXC'),
(484, 'SARL BMAL  7111 PEC'),
(485, 'SARL B.M.A.L  7111 PEC'),
(486, 'BRT  NAILI  7070 PXC'),
(487, 'SARL  MENGOUDA'),
(488, 'SARL BAGHDAD EL FARISSI'),
(489, 'SARL  SPIPTC  6652 PXC'),
(490, 'SARL B ZIDANE'),
(491, 'UNION MILOUDI  7708 PEC'),
(492, 'SARL STRAP 2000'),
(493, 'SARL NOUR'),
(494, 'SPE SOTRAMEST'),
(495, 'CEVITAL'),
(496, 'SARL LAALA ET LAHBARET 2101PXC'),
(497, 'TELECOM SAT'),
(498, 'SCIZ 111 +168 PXC'),
(499, 'COSIDER 7626 PXC'),
(500, 'SARL SUPER PALTER 6600 PXC'),
(501, 'SARL BOUKHLIFA 6243 PXC'),
(502, 'SARL BIG RAOD 6522'),
(503, 'SARL BIG RAOD 6522 PXC'),
(504, 'SARL AMOUDA 7119 PXC'),
(505, 'GSEMAT'),
(506, 'SARL ACIBAT 7305 PXC'),
(507, 'EURL SALMI 7860 PXC'),
(508, 'SPA INFRARAIL 1061 PXC'),
(509, 'BINTONIT'),
(510, 'GROUPE  AMIMER'),
(511, 'COMISAR PERIZOUR'),
(512, 'SG  SOFT'),
(513, 'SARL  TUF EXTRA'),
(514, 'SARL SAST 5317 PXC'),
(515, 'EPTP  BELHADI'),
(516, 'ETPET  BELHADI'),
(517, 'Wilaya  M\'SILA'),
(518, 'SARL  BOUDOUMA ET MILOUDI'),
(519, 'SNC TORCH  5001 PXC'),
(520, 'SARL  HODNA  INCHA'),
(521, 'CEVITAL  7701 pem'),
(522, 'SARL ENNADOR   1041 PXC'),
(523, 'SARL  ETMB 7365 PXM'),
(524, 'GISMED'),
(525, 'SARL THEVEST  7885 PEM'),
(526, 'SARL ISSAADI ABDELLAH & fils'),
(527, 'EPE STARR 6628 PXC'),
(528, 'SARL MOULINS HARAM  7853 PXC'),
(529, 'SPA CATOF  7799 PEC'),
(530, 'XXXXXXXX'),
(531, 'SARL EL HAFADA'),
(532, 'Spa  CATOF'),
(533, 'T  CONSTRUCTION'),
(534, 'HIBER ART DES MINES  2523 PXC'),
(535, 'SARL EXTRA TUF 7943 PXC'),
(536, 'SARL TOUAB 7227 PEC'),
(537, 'SARL ACOSCO  7630 PXC'),
(538, 'SARL SCAC  527 PXC'),
(539, 'ADRER AZIZA 2698 PXC'),
(540, 'SARL KHERROUR'),
(541, 'SOFIRME'),
(542, 'SARL EL IKHHLAS REALISATION'),
(543, 'SARL  TOUFIK 7224 PEC'),
(544, 'SARL ARPOINSA'),
(545, 'EURL EL ARICHA'),
(546, 'SARL GROUPE AMOURI 7698 PXC'),
(547, 'SARL TRANSELECT'),
(548, 'EURL ALTRAPCO  6642 PXC'),
(549, 'SARL EL MORABI'),
(550, 'SARL TOUAHRI  6095 PXC'),
(551, 'SARL  TAHRAOUI  6095 PXC'),
(552, 'SARL  SOCOP'),
(553, 'SARL  EL HAMED'),
(554, 'SARL DAHRI'),
(555, 'SARL MEGDOUD'),
(556, 'EURL GRAIN  1115 PXC'),
(557, 'SNC FRERES MESSAOUDI'),
(558, 'SARL SABA GLASS  7939 PEM'),
(559, 'EURL HENANECHA'),
(560, 'CETIM 33 PXC'),
(561, 'SARL  COMPOSIUM SANIT 6897 PXC'),
(562, 'SARL SORIAG   2958 PXC'),
(563, 'EURL ALGERIAN CILIS'),
(564, 'SARL ALGERIAN CILIS'),
(565, 'SARL  E. C. R.O 5922 PXC'),
(566, 'SARL ROAD WORKS COMPANY 5790 PXC'),
(567, 'HK INDUSTRIELLE'),
(568, 'SARL  SAADI ET DEMANE  7672 PXC'),
(569, 'SARL SATEC'),
(570, 'FRERES AMARA'),
(571, 'SARL  CPA'),
(572, 'ECOLE DE FORMATION   BIRTOUTA'),
(573, 'SARL TAHRAOUI   6095 PXC'),
(574, 'SARL  BRIKE LIVE'),
(575, 'SARL BOUHERAOUA'),
(576, 'TELECOM SAID109041886'),
(577, 'TELECOM SAID'),
(578, 'SARL KERROUCHE 7206 PXC'),
(579, 'SARL EXTRA TUF   7942 PXC'),
(580, 'EPE ETRS'),
(581, 'SARL AGLOLUX  6868 PXC'),
(582, 'SNC EL AMENE  12 PXCM'),
(583, 'SARL SEPC GROUSE 163 PXC'),
(584, 'SEPC GROUSE 163 PXC'),
(585, 'SARL BOUKHELIFA'),
(586, 'SPA CATOF  1025 PCX'),
(587, 'SARL PETIT BLANCHE'),
(588, 'SARL ZOUBIRIA AGREGAT  7858+7859 PXC'),
(589, 'SARL KOUIDER SEL'),
(590, 'EURL OIL FIELD SERVICING'),
(591, 'SARL POIN T NORD AFRIQUE'),
(592, 'EURL BBC'),
(593, 'ARCHITECTE  BOUAYED'),
(594, 'SARL  TRACAPAC  598 pxc'),
(595, 'G.T.R.H.O  7864 PXC'),
(596, 'CETIM 7946 PEC'),
(597, 'SNC ERRAHMA  1020 PXC'),
(598, 'EURL RAOUABI  7178 PXC'),
(599, 'BRT NAILI'),
(600, 'SNC HADJ KHELOUF  532 PXC'),
(601, 'ENOF  59  PXC'),
(602, 'SPA  M. F. E   18 +17 PXC'),
(603, 'SARL TIMASENIN  6683 PXC'),
(604, 'Ministères Des Finances'),
(605, 'SARL OTMANI  2079 PXC'),
(606, 'SARL MAGDOUD 7945 PXC'),
(607, 'SARL SAIGHI'),
(608, 'SARL  SAIGHI'),
(609, 'SARL  SAIGHI 6394 pxc'),
(610, 'SARL SAIGHI  6394 pxc'),
(611, 'SMCT  AYADI'),
(612, 'SPA SSC'),
(613, 'CORSO CERAM'),
(614, 'ENG 7352 PXC'),
(615, 'SFA  BELMADANI'),
(616, 'ENOF 69 PXC'),
(617, 'xxxxxxxxxxx'),
(618, 'SARL DJABEL EL BORDJ 6640 PXC'),
(619, 'EURL EL ARICHA  7944 PEC'),
(620, 'ALBARIT'),
(621, 'CEVITAL  6765 PXC'),
(622, 'SARL AMOUDA CIMENT  7946 PEC'),
(623, 'SARL DJALIDA'),
(624, 'SARL DJALIDA  5805 PXC'),
(625, 'SARL DJALIDA 5805 PXC'),
(626, 'SARL MAGRA ROCK7684 PXC'),
(627, 'SARL  BRT NAILI 7770 PEC'),
(628, 'SARL AL WAFA'),
(629, 'MODERN CERAMIQUE'),
(630, 'SARL TOUAB  2103 PXC'),
(631, 'SARL NOUR  7350 PXM'),
(632, 'EURL  HK'),
(633, 'SOFIRM  DIVINDUS'),
(634, 'SORIBLED'),
(635, 'SARL CABEX +EURL COGEMINES'),
(636, 'SARL AFALCO'),
(637, 'EURL LOTFI TB  7821 PXC'),
(638, 'SARL AGREM  2601 PXC'),
(639, 'SARL MEGDOUD 6160 PXC'),
(640, 'SARL MEGDOUD 7945 PEC'),
(641, 'EURL SOWAM 6344 PXC'),
(642, 'AGGLO ULOX 6868 PXC'),
(643, 'SARL PELOU RIKOUM'),
(644, 'SARL SUPER PLATRE 6600 PXC'),
(645, 'SNC ALITI  2760 PXC'),
(646, 'GICA'),
(647, 'SARL SOTRAMA 7757 PEC'),
(648, 'EURL SEIF SID AHMED'),
(649, 'EURL BOUBAYA'),
(650, 'SARL BRAHIMI TORKI 877 PXC'),
(651, 'SARL KOUIDER SEL 7947 PEM'),
(652, 'EURL IZI RADOU'),
(653, 'EURL DERDARA  6917 PXC'),
(654, 'SARL SABEX'),
(655, 'SARL CABEX'),
(656, 'SNC YOUCEF ACHIRA 5600 PXC'),
(657, 'IRIS  PC'),
(658, 'G.M.E.F  GUESSAB'),
(659, 'G.M.E.F  GUESSABE'),
(660, 'EURL PEKYOL   5236 PXC'),
(661, 'SNC SIARI  6249 PXC'),
(662, 'SARL HADJI NADJI 7694 PXC'),
(663, 'fdsfdsfdsf'),
(664, 'dsfdsfdsfdsf'),
(665, 'sdqsdsqdsqdsqdqsd'),
(666, 'dsfdsfsdf'),
(667, 'xcwxwc'),
(668, 'gfhgfhgfh'),
(669, 'sdfsdfdsf'),
(670, 'dfgfdgfd'),
(671, 'sqdqdssqd'),
(672, 'fdgfdgfdgfdg'),
(673, 'sarl btn'),
(674, 'sarl efp'),
(675, 'sarl siege');

-- --------------------------------------------------------

--
-- Table structure for table `password_resets`
--

CREATE TABLE `password_resets` (
  `email` varchar(255) COLLATE utf8mb4_unicode_ci NOT NULL,
  `token` varchar(255) COLLATE utf8mb4_unicode_ci NOT NULL,
  `created_at` timestamp NULL DEFAULT NULL
) ENGINE=InnoDB DEFAULT CHARSET=utf8mb4 COLLATE=utf8mb4_unicode_ci;

-- --------------------------------------------------------

--
-- Table structure for table `personal_access_tokens`
--

CREATE TABLE `personal_access_tokens` (
  `id` bigint(20) UNSIGNED NOT NULL,
  `tokenable_type` varchar(255) COLLATE utf8mb4_unicode_ci NOT NULL,
  `tokenable_id` bigint(20) UNSIGNED NOT NULL,
  `name` varchar(255) COLLATE utf8mb4_unicode_ci NOT NULL,
  `token` varchar(64) COLLATE utf8mb4_unicode_ci NOT NULL,
  `abilities` text COLLATE utf8mb4_unicode_ci DEFAULT NULL,
  `last_used_at` timestamp NULL DEFAULT NULL,
  `expires_at` timestamp NULL DEFAULT NULL,
  `created_at` timestamp NULL DEFAULT NULL,
  `updated_at` timestamp NULL DEFAULT NULL
) ENGINE=InnoDB DEFAULT CHARSET=utf8mb4 COLLATE=utf8mb4_unicode_ci;

-- --------------------------------------------------------

--
-- Table structure for table `positions`
--

CREATE TABLE `positions` (
  `id` bigint(20) UNSIGNED NOT NULL,
  `name` varchar(255) COLLATE utf8mb4_unicode_ci NOT NULL
) ENGINE=InnoDB DEFAULT CHARSET=utf8mb4 COLLATE=utf8mb4_unicode_ci;

--
-- Dumping data for table `positions`
--

INSERT INTO `positions` (`id`, `name`) VALUES
(1, 'Gérant'),
(2, 'Expert'),
(3, 'Consultant');

-- --------------------------------------------------------

--
-- Table structure for table `profiles`
--

CREATE TABLE `profiles` (
  `id` bigint(20) UNSIGNED NOT NULL,
  `name` varchar(255) COLLATE utf8mb4_unicode_ci NOT NULL,
  `privilege` int(11) NOT NULL
) ENGINE=InnoDB DEFAULT CHARSET=utf8mb4 COLLATE=utf8mb4_unicode_ci;

--
-- Dumping data for table `profiles`
--

INSERT INTO `profiles` (`id`, `name`, `privilege`) VALUES
(1, 'Admin', 5),
(2, 'Président', 4),
(3, 'Superviseur', 3),
(4, 'Service', 2),
(5, 'Réception', 1),
(6, 'Reception Antenne', 6);

-- --------------------------------------------------------

--
-- Table structure for table `services`
--

CREATE TABLE `services` (
  `id` bigint(20) UNSIGNED NOT NULL,
  `name` varchar(255) COLLATE utf8mb4_unicode_ci NOT NULL
) ENGINE=InnoDB DEFAULT CHARSET=utf8mb4 COLLATE=utf8mb4_unicode_ci;

--
-- Dumping data for table `services`
--

INSERT INTO `services` (`id`, `name`) VALUES
(1, 'PCD'),
(2, 'Service MARCHÉ'),
(3, 'DPM - DCM Direction des permis miniers'),
(4, 'DPM - DDM Direction de la promotion minières'),
(5, 'DRC - Direction de la recherche minières'),
(6, 'DRC - Direction du contrôle minier');

-- --------------------------------------------------------

--
-- Table structure for table `syncs`
--

CREATE TABLE `syncs` (
  `id` bigint(20) UNSIGNED NOT NULL,
  `created_at` timestamp NULL DEFAULT NULL,
  `updated_at` timestamp NULL DEFAULT NULL
) ENGINE=InnoDB DEFAULT CHARSET=utf8mb4 COLLATE=utf8mb4_unicode_ci;

-- --------------------------------------------------------

--
-- Table structure for table `users`
--

CREATE TABLE `users` (
  `id` bigint(20) UNSIGNED NOT NULL,
  `name` varchar(255) COLLATE utf8mb4_unicode_ci NOT NULL,
  `email` varchar(255) COLLATE utf8mb4_unicode_ci DEFAULT NULL,
  `phone` varchar(255) COLLATE utf8mb4_unicode_ci DEFAULT NULL,
  `firstname` varchar(255) COLLATE utf8mb4_unicode_ci DEFAULT NULL,
  `lastname` varchar(255) COLLATE utf8mb4_unicode_ci NOT NULL,
  `user_dn` varchar(255) COLLATE utf8mb4_unicode_ci DEFAULT NULL,
  `profile` bigint(20) UNSIGNED NOT NULL DEFAULT 4,
  `password` varchar(255) COLLATE utf8mb4_unicode_ci DEFAULT NULL,
  `remember_token` varchar(100) COLLATE utf8mb4_unicode_ci DEFAULT NULL,
  `guid` varchar(255) COLLATE utf8mb4_unicode_ci DEFAULT NULL,
  `domain` varchar(255) COLLATE utf8mb4_unicode_ci DEFAULT NULL
) ENGINE=InnoDB DEFAULT CHARSET=utf8mb4 COLLATE=utf8mb4_unicode_ci;

--
-- Dumping data for table `users`
--

INSERT INTO `users` (`id`, `name`, `email`, `phone`, `firstname`, `lastname`, `user_dn`, `profile`, `password`, `remember_token`, `guid`, `domain`) VALUES
(1, 'moh kamal', NULL, NULL, 'moh', 'kamal', NULL, 4, NULL, NULL, NULL, NULL),
(2, 'amine jamal', NULL, NULL, 'amine', 'jamal', NULL, 4, NULL, NULL, NULL, NULL),
(3, 'rafik janne', NULL, NULL, 'rafik', 'janne', NULL, 4, NULL, NULL, NULL, NULL),
(4, 'Test', NULL, NULL, NULL, 'Test', 'CN=Test,OU=Siege,OU=Users,OU=ANAM,DC=corp,DC=anam,DC=dz', 4, '$2y$10$7ATN9si1bZbB88R6IzkyJOzHnir5riq3LeLIMfMGqDBBBbQuvh5ke', NULL, '3d2090ed-c2dc-496a-b555-2372d065d271', 'default'),
(5, 'rabah bakiri', 'rabah.bakiri@anam.dz', '8000', 'bakiri', 'rabah', 'CN=rabah bakiri,OU=Sécurité,OU=Siege,OU=Users,OU=ANAM,DC=corp,DC=anam,DC=dz', 4, '$2y$10$yHz0iAsqOVj7zqS1dJ33COqDmG1cjVx5VIX/cegitwJMrkoNbkh1O', NULL, '7309cf21-ba57-4539-b9b8-5adb1c70f41f', 'default'),
(6, 'Cherifa Lethat', NULL, NULL, 'Lethat', 'Cherifa', 'CN=Cherifa Lethat,OU=Stagiaires,OU=Siege,OU=Users,OU=ANAM,DC=corp,DC=anam,DC=dz', 4, '$2y$10$XnkVvg6Qi0BOGq591irOyuYWOw9J3yFRYzbYeCpCIyI1H/lLPatAy', NULL, '667b673f-2099-4a95-bd96-ab2e775c014f', 'default'),
(7, 'Abdennour Temglit', 'Abdennour.Temglit@anam.dz', NULL, 'Temglit', 'Abdennour', 'CN=Abdennour Temglit,OU=Stagiaires,OU=Siege,OU=Users,OU=ANAM,DC=corp,DC=anam,DC=dz', 2, '$2y$10$cgZG6TYvK5BdKZZ0dK7Z2OS2OQQwWFialpfLShOW6kFVgjbLCLxB.', NULL, '2f83a341-3ec0-4ecc-a814-1cdfe27b3ddd', 'default'),
(8, 'Kamel ABBAS', 'kamel.abbas@anam.dz', '4103', 'ABBAS', 'Kamel', 'CN=Kamel ABBAS,OU=Archive,OU=Siege,OU=Users,OU=ANAM,DC=corp,DC=anam,DC=dz', 4, '$2y$10$EZbO0C936jb/W0hW2uc7nuFW6pUVvACFCvGkYYPQgJdnF0Wem4Qw2', NULL, 'a0fbef4a-7509-4c09-87e6-01216857de07', 'default'),
(9, 'Abdelkader BADAOUI', 'abdelkader.badaoui@anam.dz', '4100', 'BADAOUI', 'Abdelkader', 'CN=Abdelkader BADAOUI,OU=Archive,OU=Siege,OU=Users,OU=ANAM,DC=corp,DC=anam,DC=dz', 4, '$2y$10$OqVMLvIUHu2AwiAuChf.ge.ifd4b9WvB2vwiKDaBMoxD/icdLgKfa', NULL, '323950a1-77a9-4301-a941-97943cce0416', 'default'),
(10, 'AHMED DELMI', 'ahmed.delmi@anam.dz', '4102', 'DELMI', 'AHMED', 'CN=AHMED DELMI,OU=Archive,OU=Siege,OU=Users,OU=ANAM,DC=corp,DC=anam,DC=dz', 4, '$2y$10$aV2adLiIJdCwhVRp5tX78.k./8W7ZzLf3BNvw/69QFh.5j45brGty', NULL, 'a44aa0ea-6404-450f-9c5c-7984adb5ad4a', 'default'),
(11, 'Boussad RADJEF', 'boussad.radjef@anam.dz', '4101', 'RADJEF', 'Boussad', 'CN=Boussad RADJEF,OU=Archive,OU=Siege,OU=Users,OU=ANAM,DC=corp,DC=anam,DC=dz', 4, '$2y$10$PkFiDr8Jz5wh67ayH1uui.OSgdz5FruqvvI.BPrryJXxEIMUTUyw6', NULL, 'bf364268-99e4-40ad-a650-00f72172157f', 'default'),
(12, 'Brahim BSIKRI', 'brahim.bsikri@anam.dz', '1702', 'BSIKRI', 'Brahim', 'CN=Brahim BSIKRI,OU=Auditeur,OU=Siege,OU=Users,OU=ANAM,DC=corp,DC=anam,DC=dz', 4, '$2y$10$IHb1pgm4iEaw8ct5nkREnent/gCxSheMJ3HKQAtdVLSMaJPgUafp2', NULL, '16a06b46-ce76-45a8-ad30-68ee8dbbf7f5', 'default'),
(13, 'Mohamed BENNAI', 'mohamed.bennai@anam.dz', '1701', 'BENNAI', 'Mohamed', 'CN=Mohamed BENNAI,OU=Auditeur,OU=Siege,OU=Users,OU=ANAM,DC=corp,DC=anam,DC=dz', 4, '$2y$10$gBKaRQ.CacXmxwhvC587r.i.P/HwrxxsyYDnDlXvnN3xIBB0emixW', NULL, 'a7649691-9144-4074-8e14-94b3c0b877da', 'default'),
(14, 'Med El Amine BELAROUSSI', 'medelamine.belaroussi@anam.dz', '1200', 'BELAROUSSI', 'Med El Amine', 'CN=Med El Amine BELAROUSSI,OU=Bureau d\'ordre,OU=Siege,OU=Users,OU=ANAM,DC=corp,DC=anam,DC=dz', 4, '$2y$10$AhGK4gKdyfBXw2N1SNEIneyBWYANF03ZYgyohSWIcVFJ5Bfy6o.dC', NULL, '6c4397d8-328a-40d1-8b68-26183016e769', 'default'),
(15, 'HANANE HELALI', 'hanane.helali@anam.dz', '1900', 'HELALI', 'HANANE', 'CN=HANANE HELALI,OU=Chargé de communication,OU=Siege,OU=Users,OU=ANAM,DC=corp,DC=anam,DC=dz', 4, '$2y$10$1i0RzgDcEV771Gz3Sq5JSu7lsfUJEHCro1dkYVyzyqEXB/bMXfbaG', NULL, 'be2e2203-fcc0-4e20-a6fd-a08abbab0bd2', 'default'),
(16, 'Houria BOUACHOUR', 'houria.bouachour@anam.dz', '1500', 'BOUACHOUR', 'Houria', 'CN=Houria BOUACHOUR,OU=COMITE DE DIRECTION,OU=Siege,OU=Users,OU=ANAM,DC=corp,DC=anam,DC=dz', 4, '$2y$10$EQw5yzuR/U6MSVyo9tmK/u1YT.aQpYTsLQ3nmHs1ljuW9k3pGbhTu', NULL, 'dd8480db-73e6-49ca-be36-9eec814623d8', 'default'),
(17, 'kaissa KHOUAS', 'kaissa.khouas@anam.dz', '1510', 'KHOUAS', 'kaissa', 'CN=kaissa KHOUAS,OU=COMITE DE DIRECTION,OU=Siege,OU=Users,OU=ANAM,DC=corp,DC=anam,DC=dz', 4, '$2y$10$706ceTRzJBsx6C1kVmf0U.m45hVUG9oFoFKy7c/v/x63uicwBIao2', NULL, '076c6976-906b-468a-b97e-4f8ea6397a92', 'default'),
(18, 'Smail EL DJOUZI', 'smail.eldjouzi@anam.dz', '1550', 'EL DJOUZI', 'Smail', 'CN=Smail EL DJOUZI,OU=DIRECTION Permis Minier,OU=Siege,OU=Users,OU=ANAM,DC=corp,DC=anam,DC=dz', 2, '$2y$10$SYHwgcS./7sh6bqPfPSx..rPh5jSWLKapIuTD5V8mJO/f15pTIE/K', NULL, '224d93c6-790e-4002-94ae-5cf8138b1e02', 'default'),
(19, 'Samia ZADI', 'samia.zadi@anam.dz', '6350', 'ZADI', 'Samia', 'CN=Samia ZADI,OU=COMITE DE DIRECTION,OU=Siege,OU=Users,OU=ANAM,DC=corp,DC=anam,DC=dz', 4, '$2y$10$n/7iRoe9r7IfsRDkKRVq2.hnWeMcEYfk2Ux/I8fhwIbve5kcEhDlq', NULL, '0a09f53d-3c15-4d18-b285-36165bc5a115', 'default'),
(20, 'Nadjia BELKAID', 'nadjia.belkaid@anam.dz', '6300', 'BELKAID', 'Nadjia', 'CN=Nadjia BELKAID,OU=DIRECTION Permis Minier,OU=Siege,OU=Users,OU=ANAM,DC=corp,DC=anam,DC=dz', 4, '$2y$10$tNHAkwu273XlbxdVlUQYGuCGZmbpRL1JhuO8PxBpQunkxZUNPt.hG', NULL, 'bbcaf47d-6355-449e-b86d-3896400c3770', 'default'),
(21, 'Mourad KAID', 'mourad.kaid@anam.dz', '6315', 'KAID', 'Mourad', 'CN=Mourad KAID,OU=DCM,OU=DIRECTION Permis Minier,OU=Siege,OU=Users,OU=ANAM,DC=corp,DC=anam,DC=dz', 4, '$2y$10$gmRsskz2vdfu8P6Q2Pz93uI1DdudlG7e800gMeRXENYS9gy9ymjI2', NULL, '41dd5a9b-b78f-4e38-ad10-5258bf9ea3b4', 'default'),
(22, 'Hicham YAHIAOUI', 'hicham.yahiaoui@anam.dz', '6313', 'YAHIAOUI', 'Hicham', 'CN=Hicham YAHIAOUI,OU=DCM,OU=DIRECTION Permis Minier,OU=Siege,OU=Users,OU=ANAM,DC=corp,DC=anam,DC=dz', 4, '$2y$10$TPDQAS.C3AsBg4QwLkihbeH/SGvGyM7tMNr6KCaUtbtPo2SD9aXgW', NULL, '4451c207-e89c-470d-a3a7-7b1eb279cdf9', 'default'),
(23, 'NADIA MAHMOUDI', 'nadia.mahmoudi@anam.dz', '6318', 'MAHMOUDI', 'NADIA', 'CN=NADIA MAHMOUDI,OU=DDM-DCM,OU=DIRECTION Permis Minier,OU=Siege,OU=Users,OU=ANAM,DC=corp,DC=anam,DC=dz', 4, '$2y$10$Ft8iwT8HRpxvIsovHe0O6OA3oCkgPS.kQ0fdmOtQH0dE3RNSgxxYm', NULL, '088896a4-9879-4b3b-a160-fc4864a31d0e', 'default'),
(24, 'Yasmine ARJOUN', 'yasmine.arjoun@anam.dz', '6317', 'ARJOUN', 'Yasmine', 'CN=Yasmine ARJOUN,OU=DDM,OU=DIRECTION Permis Minier,OU=Siege,OU=Users,OU=ANAM,DC=corp,DC=anam,DC=dz', 4, '$2y$10$MfU0wF4CbzAFT/qWMGC.werdOhyJ3XHGHH7YlFqNPQIgjJySHp.xa', NULL, 'acf2b4e0-58f1-4cb1-9dae-4681a45fb136', 'default'),
(25, 'ALAEDDINE BEDJAOUI', 'alaeddine.bedjaoui@anam.dz', '6303', 'BEDJAOUI', 'ALAEDDINE', 'CN=ALAEDDINE BEDJAOUI,OU=DDM,OU=DIRECTION Permis Minier,OU=Siege,OU=Users,OU=ANAM,DC=corp,DC=anam,DC=dz', 4, '$2y$10$zKVtsJmy7NQs2s/ADrJwhOKPOBQIjCPy56AUpw3Ka3f6UcMH7FjHy', NULL, 'f3597952-5f54-400d-9f09-2384de507bd9', 'default'),
(26, 'Abdelkader BELKEBIR', 'abdelkader.belkebir@anam.dz', '6304', 'BELKEBIR', 'Abdelkader', 'CN=Abdelkader BELKEBIR,OU=DDM,OU=DIRECTION Permis Minier,OU=Siege,OU=Users,OU=ANAM,DC=corp,DC=anam,DC=dz', 4, '$2y$10$jy41MZ/cwotmhURNFv197.B.qIpMd33zaDJpuzP38hb3K8kWbyype', NULL, '8f5886c9-da82-425b-a4ac-77f1ac78789b', 'default'),
(27, 'Chemseddine BENOUARETH', 'chemseddine.benouareth@anam.dz', '6305', 'BENOUARETH', 'Chemseddine', 'CN=Chemseddine BENOUARETH,OU=DDM,OU=DIRECTION Permis Minier,OU=Siege,OU=Users,OU=ANAM,DC=corp,DC=anam,DC=dz', 4, '$2y$10$iBPDTR9gXYU.tBfdxnFPreg6nXnkOmZhH//0e6SEoNjDJh5cektUu', NULL, '2d064ef4-df2f-46c3-b7de-347198ef3637', 'default'),
(28, 'Mohamed Lotfi FELLOUS', 'mohamedlotfi.fellous@anam.dz', '6307', 'FELLOUS', 'Mohamed Lotfi', 'CN=Mohamed Lotfi FELLOUS,OU=DDM,OU=DIRECTION Permis Minier,OU=Siege,OU=Users,OU=ANAM,DC=corp,DC=anam,DC=dz', 4, '$2y$10$G8tTS.fB3eAOHTZ8A4BH/efW9Inci.uzPIYQKaVJ.m162Xe67xmVC', NULL, '177c0eb3-5af6-45a5-a545-a8ba729efcd7', 'default'),
(29, 'Smail IGUERGUESDAOUENE', 'smail.iguerguesdaouene@anam.dz', '6308', 'IGUERGUESDAOUENE', 'Smail', 'CN=Smail IGUERGUESDAOUENE,OU=DDM,OU=DIRECTION Permis Minier,OU=Siege,OU=Users,OU=ANAM,DC=corp,DC=anam,DC=dz', 4, '$2y$10$y28jT7xKi7Bi7ge2KPm5G.ATQMqwKGU0UmAU3pBZYx1IXmaRfXyTu', NULL, 'a7883cb4-3fde-4b58-a70b-e791bc764f6d', 'default'),
(30, 'Imene MESSAHEL', 'imene.messahel@anam.dz', '6309', 'MESSAHEL', 'Imene', 'CN=Imene MESSAHEL,OU=DDM,OU=DIRECTION Permis Minier,OU=Siege,OU=Users,OU=ANAM,DC=corp,DC=anam,DC=dz', 4, '$2y$10$27rFMcCyStMU3TUqa6TH8ePK7Ga5jjWZKzzKHvd9QwkVEZCnBEnmO', NULL, 'bc8f7652-e4d3-41b4-b89a-08cf94465530', 'default'),
(31, 'Fatma Zohra MOUFFEK', 'fatmazohra.moueefek@anam.dz', '6310', 'MOUFFEK', 'Fatma Zohra', 'CN=Fatma Zohra MOUFFEK,OU=DDM,OU=DIRECTION Permis Minier,OU=Siege,OU=Users,OU=ANAM,DC=corp,DC=anam,DC=dz', 4, '$2y$10$h8sgByMgJpIsPAsaPSrK4.xtaeIRoNT8A7xpblZniak1FemNAzakS', NULL, '1cf12df4-8165-4143-b5ec-73d68457a57b', 'default'),
(32, 'Hakim SMAILI', 'hakim.smaili@anam.dz', '6311', 'SMAILI', 'Hakim', 'CN=Hakim SMAILI,OU=DDM,OU=DIRECTION Permis Minier,OU=Siege,OU=Users,OU=ANAM,DC=corp,DC=anam,DC=dz', 4, '$2y$10$Bw/aLVhEbSIz.3/wGtZLK.o5gPIlRRAiqC2FWVKPTBRotFfYHuyk6', NULL, '8f56d3a0-d36a-4e1f-9873-36fbc1ca660b', 'default'),
(33, 'Hassiba YENNOUNE', 'hassiba.yennoune@anam.dz', '6312', 'YENNOUNE', 'Hassiba', 'CN=Hassiba YENNOUNE,OU=DDM,OU=DIRECTION Permis Minier,OU=Siege,OU=Users,OU=ANAM,DC=corp,DC=anam,DC=dz', 4, '$2y$10$1QUC/jW9ycqzjc4tQ7kYDOCkeexb7eRrgfIX7vT3jKUlLV5t5XCAy', NULL, 'ca46187f-4a8e-4ef0-acce-95107812a2f8', 'default'),
(34, 'Leila HADJRIS', 'leila.hadjris@anam.dz', '6611', 'HADJRIS', 'Leila', 'CN=Leila HADJRIS,OU=DDM,OU=DIRECTION Permis Minier,OU=Siege,OU=Users,OU=ANAM,DC=corp,DC=anam,DC=dz', 4, '$2y$10$2MDeETlqne9A8QAdvcVkqu/9EcikFp1iK57meF7HeULHx8.t4xQJC', NULL, 'bab84499-b07f-4463-bdaf-cbeb0ed50516', 'default'),
(35, 'Imene HARRAT', 'imene.harrat@anam.dz', '6610', 'HARRAT', 'Imene', 'CN=Imene HARRAT,OU=DDM,OU=DIRECTION Permis Minier,OU=Siege,OU=Users,OU=ANAM,DC=corp,DC=anam,DC=dz', 4, '$2y$10$DhsnelRGO5ZSQX31HRYVWeSkyehGl4cG.pR01GTgGG3lproded.3q', NULL, '93e1c5b6-9586-45a1-80ee-9c66a0c02406', 'default'),
(36, 'Fouzia YOUNES', 'fouzia.younes@anam.dz', '6314', 'YOUNES', 'Fouzia', 'CN=Fouzia YOUNES,OU=DDM-DCM,OU=DIRECTION Permis Minier,OU=Siege,OU=Users,OU=ANAM,DC=corp,DC=anam,DC=dz', 4, '$2y$10$EUM.zjmg3bxT9AfogaFNleKITOChN2xzxGhCe17TJTtlUxCpNRdfG', NULL, '7c8f1b57-8b19-4ce4-be9d-baef1a1e987e', 'default'),
(37, 'Chafia ALLAL', 'chafia.allal@anam.dz', '6302', 'ALLAL', 'Chafia', 'CN=Chafia ALLAL,OU=DDM,OU=DIRECTION Permis Minier,OU=Siege,OU=Users,OU=ANAM,DC=corp,DC=anam,DC=dz', 4, '$2y$10$z/E7hgIKUjObxmM4f/U2OOvDZS3c.G9phVM/qLAkE/8YP4VBTFFNS', NULL, 'e7752e87-2e75-445a-9461-483006a1fbf8', 'default'),
(38, 'Samia CHAOUAOU', 'samia.chaouaou@anam.dz', '6301', 'CHAOUAOU', 'Samia', 'CN=Samia CHAOUAOU,OU=DDM,OU=DIRECTION Permis Minier,OU=Siege,OU=Users,OU=ANAM,DC=corp,DC=anam,DC=dz', 4, '$2y$10$qMu0tGE4zBfJqtJQMZOY6OWxEazg.GW8hKdl4hQkEmIpiGePKGZwW', NULL, '78cc8882-4f45-40f7-9afc-d7e367428381', 'default'),
(39, 'Radhwane DRIEF', 'radhwane.drief@anam.dz', '6306', 'DRIEF', 'Radhwane', 'CN=Radhwane DRIEF,OU=DDM,OU=DIRECTION Permis Minier,OU=Siege,OU=Users,OU=ANAM,DC=corp,DC=anam,DC=dz', 4, '$2y$10$seV4hhfW89vdezPqaNVUAOscNqXkXG.vKtSdsk6YszWG49Gqoy1.e', NULL, '202f6c2c-ccc2-4d45-a8d7-d0ba32abd13a', 'default'),
(40, 'Said MECHAIRI', 'said.mechairi@anam.dz', '6316', 'MECHAIRI', 'Said', 'CN=Said MECHAIRI,OU=DDM,OU=DIRECTION Permis Minier,OU=Siege,OU=Users,OU=ANAM,DC=corp,DC=anam,DC=dz', 4, '$2y$10$30DB/rOh6.lD13WjFM0eauuafhrOrKoow0wrdRZ8uaZd56vg6NGj6', NULL, 'c527219a-863f-4ccc-9815-264a97c71cc4', 'default'),
(41, 'Nassera BOUKHNOUFA', 'nassera.boukhnoufa@anam.dz', '5503', 'BOUKHNOUFA', 'Nassera', 'CN=Nassera BOUKHNOUFA,OU=JURIDIQUES,OU=Siege,OU=Users,OU=ANAM,DC=corp,DC=anam,DC=dz', 4, '$2y$10$yGpjnkmbcCo9HclIm3YL0O7OMxp.IpfMFOh7D0GfMlLWhSvDcLwPi', NULL, '6131dfc8-7c25-484a-9e24-cf1cf15a5e74', 'default'),
(42, 'Ikram CHERGUI', 'ikram.chergui@anam.dz', '5502', 'CHERGUI', 'Ikram', 'CN=Ikram CHERGUI,OU=JURIDIQUES,OU=Siege,OU=Users,OU=ANAM,DC=corp,DC=anam,DC=dz', 4, '$2y$10$fvie7SpZECsKrjVTUAkV4ud5x6xbs6Osqd6QOHWuKNmjpO6h95W5S', NULL, '06eb515a-c0b8-47c9-b7d8-aedcfcf34c14', 'default'),
(43, 'Amel LOUNES', 'amel.lounes@anam.dz', '5501', 'LOUNES', 'Amel', 'CN=Amel LOUNES,OU=JURIDIQUES,OU=Siege,OU=Users,OU=ANAM,DC=corp,DC=anam,DC=dz', 4, '$2y$10$TamtYIMnFcnLrsKsEbb6n.CH/GjIacSRQRqdLQtHiXzjI5Ls9lTrC', NULL, '145163ac-334d-4b5a-b1b3-0bbea90255ab', 'default'),
(44, 'Chahinez MEHTARI', 'Chahinez.mehtari@anam.dz', '5500', 'MEHTARI', 'Chahinez', 'CN=Chahinez MEHTARI,OU=JURIDIQUES,OU=Siege,OU=Users,OU=ANAM,DC=corp,DC=anam,DC=dz', 4, '$2y$10$v3ZGQZbDb9ZMWzrt.FVqFOb2UjUHwr8zgAC4QTGts23iSjAUExQEa', NULL, '75f003f4-916a-4fd0-8f5a-4a51c449c451', 'default'),
(45, 'Sihem MOUFFOK', 'sihem.mouffok@anam.dz', '5504', 'MOUFFOK', 'Sihem', 'CN=Sihem MOUFFOK,OU=JURIDIQUES,OU=Siege,OU=Users,OU=ANAM,DC=corp,DC=anam,DC=dz', 4, '$2y$10$6yIl.GxKQyTPC7p3/dFy3.Dt34NlP1E2QyqZumbwRLVmz7iOJkGt6', NULL, '5d17b243-2728-4ae5-a2e9-8880f3246265', 'default'),
(46, 'Abdelhakim TITOUCHE', 'abdelhakim.titouche@anam.dz', '5505', 'TITOUCHE', 'Abdelhakim', 'CN=Abdelhakim TITOUCHE,OU=JURIDIQUES,OU=Siege,OU=Users,OU=ANAM,DC=corp,DC=anam,DC=dz', 4, '$2y$10$s1xak36u4lyewiprGHx3H.b91HQL6DH.B5HjK9zPZyF/oHPZ025mu', NULL, '18c8e1ad-e46d-4b4a-a72c-b6c3615dcfab', 'default'),
(47, 'Athman CHAOUAOU', 'Athman.CHAOUAOU@anam.dz', NULL, 'CHAOUAOU', 'Athman', 'CN=Athman CHAOUAOU,OU=JURIDIQUES,OU=Siege,OU=Users,OU=ANAM,DC=corp,DC=anam,DC=dz', 4, '$2y$10$BF4fydG9uKCXvO2tabd.AOlo6DYIiZ.Rf75P3OqzrvCVIFLiIU88e', NULL, '1b8c9da9-d023-42a6-9f5d-cf9100d69381', 'default'),
(48, 'Imadeddine ADJOU', 'imadeddine.adjou@anam.dz', '4506', 'ADJOU', 'Imadeddine', 'CN=Imadeddine ADJOU,OU=RH,OU=DRHL,OU=Siege,OU=Users,OU=ANAM,DC=corp,DC=anam,DC=dz', 4, '$2y$10$4YMvJlhFtfqMrTqbt3JkRe6MeRMVoY.mxxwTe50qYUbhszkK6oh1m', NULL, '6fb2ff4c-27fb-4461-bbc0-7f24a06c7e06', 'default'),
(49, 'RACHID CHACHOUA', 'rachid.chachoua@anam.dz', '4505', 'CHACHOUA', 'RACHID', 'CN=RACHID CHACHOUA,OU=DFC,OU=Siege,OU=Users,OU=ANAM,DC=corp,DC=anam,DC=dz', 4, '$2y$10$BhJprjjQX7F9hrsc7VH3SulqApLiZUbwPqEk6f5X.t75IPpfWmdOi', NULL, 'a9021b39-8120-436b-8e78-cde7f59bb59a', 'default'),
(50, 'Nadia HADEF', 'nadia.hadef@anam.dz', '4504', 'HADEF', 'Nadia', 'CN=Nadia HADEF,OU=DFC,OU=Siege,OU=Users,OU=ANAM,DC=corp,DC=anam,DC=dz', 4, '$2y$10$8DGtzlLOeFgNrC7EptA8oun/0FvxDrAZDFGo8oLvd1G1kLMtceBOS', NULL, '931be633-ec2e-421c-a019-a189bde1e43e', 'default'),
(51, 'Seif Eddine HAOUADEF', 'seifeddine.haouadef@anam.dz', '4503', 'HAOUADEF', 'Seif Eddine', 'CN=Seif Eddine HAOUADEF,OU=DFC,OU=Siege,OU=Users,OU=ANAM,DC=corp,DC=anam,DC=dz', 4, '$2y$10$CTcz9fLwIYdLT2IwcaXS5uL/YDoKK9gWsMddQq16rem0aGusU.Z1u', NULL, '0f6c7d1f-8e35-4c34-8428-74c9a4b632ad', 'default'),
(52, 'LOTFI LAHMER', 'lotfi.lahmer@anam.dz', '4501', 'LAHMER', 'LOTFI', 'CN=LOTFI LAHMER,OU=DFC,OU=Siege,OU=Users,OU=ANAM,DC=corp,DC=anam,DC=dz', 4, '$2y$10$FgWvgKhnqUc.q49303PoeeyncN9z0qpzKLwMA.fnCq5IIgo6qw2NK', NULL, '9af8a475-f61e-4616-8b01-3c2ebb0599c3', 'default'),
(53, 'ZAKIA ZADI', 'zakia.zadi@anam.dz', '4500', 'ZADI', 'ZAKIA', 'CN=ZAKIA ZADI,OU=DFC,OU=Siege,OU=Users,OU=ANAM,DC=corp,DC=anam,DC=dz', 4, '$2y$10$oBn2jZM.mzM7nuVCJj7CWOQmj1GA5bZQS4RhCYsAB7TdVV.gaWhba', NULL, '3889d9ef-f6d4-4822-9336-03019fa1b70e', 'default'),
(54, 'Moussa AFRIT', 'moussa.afrit@anam.dz', '4600', 'AFRIT', 'Moussa', 'CN=Moussa AFRIT,OU=DFC,OU=Siege,OU=Users,OU=ANAM,DC=corp,DC=anam,DC=dz', 4, '$2y$10$v4qQtOYZcdFKuHIfYADJJOPIJ.bhj5APc.DXWKJRB.lJc6Gh0nIY.', NULL, '547daec8-e21b-4f6b-af0f-6d98feb7576b', 'default'),
(55, 'Ryma KHATIB', 'ryma.khatib@anam.dz', '4502', 'KHATIB', 'Ryma', 'CN=Ryma KHATIB,OU=DFC,OU=Siege,OU=Users,OU=ANAM,DC=corp,DC=anam,DC=dz', 4, '$2y$10$vRiGE15vfzmBdgMhXTlVduzZEPnCZbsiJVEVUTATtOSNTNdhZqGq6', NULL, '633ac427-514b-4339-8d7b-c0065c34dcf1', 'default'),
(56, 'ZAHIR AKROUR', 'zahir.akrour@anam.dz', '6650', 'AKROUR', 'ZAHIR', 'CN=ZAHIR AKROUR,OU=DEPARTEMENT FISCALITE,OU=Siege,OU=Users,OU=ANAM,DC=corp,DC=anam,DC=dz', 4, '$2y$10$q/nsmNtRlIwQ3mor6nqw7OQTVqLNgD8ZuFox5io2k7De02I3ZJWhm', NULL, '98b941bd-0088-4073-8b35-c001af847956', 'default'),
(57, 'Fatima BELAGOUNE', 'fatima.belagoune@anam.dz', '6651', 'BELAGOUNE', 'Fatima', 'CN=Fatima BELAGOUNE,OU=DEPARTEMENT FISCALITE,OU=Siege,OU=Users,OU=ANAM,DC=corp,DC=anam,DC=dz', 4, '$2y$10$3qQHouYI9rAO9hXzkZxgne.uTAzhK1dyN057WZdZf.fv2et50y1QC', NULL, '7a4c507f-dd23-4324-b6b4-4a5452ccb055', 'default'),
(58, 'SOUAD BELKADI', 'souad.belkadi@anam.dz', '6652', 'BELKADI', 'SOUAD', 'CN=SOUAD BELKADI,OU=DEPARTEMENT FISCALITE,OU=Siege,OU=Users,OU=ANAM,DC=corp,DC=anam,DC=dz', 4, '$2y$10$5t7DFEwA7m.e.OrRT07YIuwRUODDrll60DtgmzVOrT.WQ5Hk90JmO', NULL, '813a11e1-c0f5-4f75-b89f-77981b733d61', 'default'),
(59, 'Yacine LABDANI', 'yacine.labdani@anam.dz', '6653', 'LABDANI', 'Yacine', 'CN=Yacine LABDANI,OU=DEPARTEMENT FISCALITE,OU=Siege,OU=Users,OU=ANAM,DC=corp,DC=anam,DC=dz', 4, '$2y$10$eMmRQ3zihJ5cuomUt4rdxe5VJOutrpH.lA39lAKJcXvwW95so0bE.', NULL, '428d2fd3-e62d-4e36-b4db-2f21c03e88ac', 'default'),
(60, 'MERIEM OUAOUA', 'meriem.ouaoua@anam.dz', '6654', 'OUAOUA', 'MERIEM', 'CN=MERIEM OUAOUA,OU=DEPARTEMENT FISCALITE,OU=Siege,OU=Users,OU=ANAM,DC=corp,DC=anam,DC=dz', 4, '$2y$10$bjD.QE4/fNmUEAGelEPyiuXVp7krcfg6hzR8BEBPTeRTUt1PkVNsq', NULL, 'b95bce16-f9a3-4e7c-a6c5-0a3169667e74', 'default'),
(61, 'Lamia KARADJA', 'Lamia.KARADJA@anam.dz', '1515', 'KARADJA', 'Lamia', 'CN=Lamia KARADJA,OU=RH,OU=DRHL,OU=Siege,OU=Users,OU=ANAM,DC=corp,DC=anam,DC=dz', 4, '$2y$10$Frb8TMBmm0mJPulLzbX54e1OnTwom5n9lTBl/gerwiA9o2/60mf3K', NULL, '26c1dd4f-bcc5-4fa3-833b-325f17583326', 'default'),
(62, 'Amel Oucif', 'Amel.Oucif@anam.dz', NULL, 'Oucif', 'Amel', 'CN=Amel Oucif,OU=DRHL,OU=Siege,OU=Users,OU=ANAM,DC=corp,DC=anam,DC=dz', 4, '$2y$10$OPfEXxlDRmfLqKgPZSpMZe.4y6aGg/p.BouxZCaXtW3ywO3lvhQt.', NULL, '31e3a4f6-920c-405c-b0c2-d46f1d9031ac', 'default'),
(63, 'Abdelkader ALIMERINA', 'abdelkader.alimerina@anam.dz', '4212', 'ALIMERINA', 'Abdelkader', 'CN=Abdelkader ALIMERINA,OU=RH,OU=DRHL,OU=Siege,OU=Users,OU=ANAM,DC=corp,DC=anam,DC=dz', 4, '$2y$10$1VOgXBOCe8RUJx..MCJS..KG7IKVkAqecueqw8QGWewpCs0uLejVO', NULL, 'e9212aa4-23cb-49a2-ba9c-5126e81afcf0', 'default'),
(64, 'ALI Billal BENKACI', 'alibillal.benkaci@anam.dz', '4211', 'BENKACI', 'ALI Billal', 'CN=ALI Billal BENKACI,OU=Moyen générau,OU=Siege,OU=Users,OU=ANAM,DC=corp,DC=anam,DC=dz', 4, '$2y$10$ay3.ffxJXAcsIBZFUXY6oeYvwqAR5D1pMSoBhKQOHw37S1m6LLr9m', NULL, '552d9b5c-cd5d-441e-8970-7c37de94f067', 'default'),
(65, 'MAHA BOUCHELAGHEM', 'maha.bouchelaghem@anam.dz', '4210', 'BOUCHELAGHEM', 'MAHA', 'CN=MAHA BOUCHELAGHEM,OU=RH,OU=DRHL,OU=Siege,OU=Users,OU=ANAM,DC=corp,DC=anam,DC=dz', 4, '$2y$10$mdr4jd04hKznl8ZcyWLcmujpPfmC/33RTaKaBkZhoGqk9D1HMkzim', NULL, '25b868f6-1423-48c8-b87e-379ec7b6d9af', 'default'),
(66, 'Haniya FELFOUL', 'haniya.felfoul@anam.dz', '4209', 'FELFOUL', 'Haniya', 'CN=Haniya FELFOUL,OU=RH,OU=DRHL,OU=Siege,OU=Users,OU=ANAM,DC=corp,DC=anam,DC=dz', 4, '$2y$10$LI0OYysCKH.Sv5V76wVZ2.PHnx27eUPDmJfvN3ha.Hx41OwJnBblG', NULL, 'dd155a0d-ea3c-4f92-9e08-c530e69b97b3', 'default'),
(67, 'Djamila BOUZELMAT', 'djamila.bouzelmat@anam.dz', '4208', 'BOUZELMAT', 'Djamila', 'CN=Djamila BOUZELMAT,OU=RH,OU=DRHL,OU=Siege,OU=Users,OU=ANAM,DC=corp,DC=anam,DC=dz', 4, '$2y$10$204Gzos2WWTT4QAf34ouMeC9RzRyiYtaV2EKoM7PjYlVa101ufnG6', NULL, 'fa2310f8-df97-4515-bae8-8074f8282feb', 'default'),
(68, 'Samira HADDADI', 'samira.haddadi@anam.dz', '4207', 'HADDADI', 'Samira', 'CN=Samira HADDADI,OU=Marché,OU=Siege,OU=Users,OU=ANAM,DC=corp,DC=anam,DC=dz', 4, '$2y$10$OkqSYeWOEMCxPXw9MYZ3YeOaPMkF9P9JHt7axeP2R5GkLUlDl1nD2', NULL, '2d437c53-6cb4-4c89-949b-704099f24aa5', 'default'),
(69, 'Mounia HADDADI', 'mounia.haddadi@anam.dz', '4206', 'HADDADI', 'Mounia', 'CN=Mounia HADDADI,OU=RH,OU=DRHL,OU=Siege,OU=Users,OU=ANAM,DC=corp,DC=anam,DC=dz', 4, '$2y$10$egBF5Fleh3zH0Xy9jGeq2ezRPWHVxAsF7OUSXcvx8cHwC2GrN6nyC', NULL, 'a0801b8b-2894-498c-ae8c-33260abde97e', 'default'),
(70, 'ZINE EDDINE KHECHACHE', 'zineeddine.khechache@anam.dz', '4205', 'KHECHACHE', 'ZINE EDDINE', 'CN=ZINE EDDINE KHECHACHE,OU=Moyen générau,OU=Siege,OU=Users,OU=ANAM,DC=corp,DC=anam,DC=dz', 4, '$2y$10$OHWP2CCw8xflDsx7kk.Fuut6.7JcqpE5JEehwyK.yv/EvwSeM5/UK', NULL, '203d1832-aaa4-409a-8c7d-5ac5e8070b1c', 'default'),
(71, 'Sofiane LASSAMI', 'sofiane.lassami@anam.dz', '4204', 'LASSAMI', 'Sofiane', 'CN=Sofiane LASSAMI,OU=Moyen générau,OU=Siege,OU=Users,OU=ANAM,DC=corp,DC=anam,DC=dz', 4, '$2y$10$4JM0JnK8wSQ0gmGplae6b.04b6IlxqPJdD79x.p27Jp7e/z5trUPO', NULL, 'b3c7aec9-ce95-4f11-bbb2-5d6b39a10534', 'default'),
(72, 'Samir MESBAH', 'samir.mesbah@anam.dz', '4203', 'MESBAH', 'Samir', 'CN=Samir MESBAH,OU=RH,OU=DRHL,OU=Siege,OU=Users,OU=ANAM,DC=corp,DC=anam,DC=dz', 4, '$2y$10$WuA/xzy6yZL9YrnLvcNHgesjarLm2LIufqVmzBxXJy1xH25ksP0WO', NULL, '994051e9-33c7-4b0f-aad1-b41bf8192bd7', 'default'),
(73, 'Lylia OULMANE', 'lylia.oulmane@anam.dz', '4202', 'OULMANE', 'Lylia', 'CN=Lylia OULMANE,OU=RH,OU=DRHL,OU=Siege,OU=Users,OU=ANAM,DC=corp,DC=anam,DC=dz', 4, '$2y$10$uv6QhpLa1ILCp4ASnoElFOKEaLuJu4KuZpa5PSqh2b3UYRTkDqaBS', NULL, '533c4041-81c4-4171-8a12-2e19da8a0266', 'default'),
(74, 'Mohamed Djaalab', 'Mohamed.Djaalab@anam.dz', '4215', 'Djaalab', 'Mohamed', 'CN=Mohamed Djaalab,OU=Moyen générau,OU=Siege,OU=Users,OU=ANAM,DC=corp,DC=anam,DC=dz', 4, '$2y$10$.LZZ22HIrCRB7YvsKCaVpeU.9QJPY2YBAfGVfYUkLtG/WKWsP9xe6', NULL, 'd4c9b0ca-6e4b-4dd5-8119-c07a9b273c79', 'default'),
(75, 'Mehdi SLOUGUI', 'mehdi.slougui@anam.dz', '4201', 'SLOUGUI', 'Mehdi', 'CN=Mehdi SLOUGUI,OU=RH,OU=DRHL,OU=Siege,OU=Users,OU=ANAM,DC=corp,DC=anam,DC=dz', 4, '$2y$10$ofawG4lS8Je3ckBiU4Q0mOWNM3lg9ae5w7WPmktlMwLAHelCQZ7WW', NULL, 'a1faac25-df74-431e-9d2a-c8898d19a0e5', 'default'),
(76, 'Souhila TAMGLIT', 'souhila.tamglit@anam.dz', '4200', 'TAMGLIT', 'Souhila', 'CN=Souhila TAMGLIT,OU=RH,OU=DRHL,OU=Siege,OU=Users,OU=ANAM,DC=corp,DC=anam,DC=dz', 4, '$2y$10$dSu5yGkuaUDAKzWoGH4erOXbvimFQtEtBDXG3U2poaH/6QSCdkHd6', NULL, '710f8ed1-5bdf-48ad-8d33-6da8a458768f', 'default'),
(77, 'Samir YAHIAOUI', 'samir.yahiaoui@anam.dz', '4213', 'YAHIAOUI', 'Samir', 'CN=Samir YAHIAOUI,OU=RH,OU=DRHL,OU=Siege,OU=Users,OU=ANAM,DC=corp,DC=anam,DC=dz', 4, '$2y$10$vSK8C67WbzNzoyWYT3rykuCXJhr1sqkEtfd3vPyq21hOX2XCPD10.', NULL, 'e9c7bc0f-1f4b-46a7-bddc-9ab37395b526', 'default'),
(78, 'Sonia HAMMOUCHE', 'sonia.hammouche@anam.dz', '7003', 'HAMMOUCHE', 'Sonia', 'CN=Sonia HAMMOUCHE,OU=DIRECTION CONTRÔLE MINIER,OU=Siege,OU=Users,OU=ANAM,DC=corp,DC=anam,DC=dz', 4, '$2y$10$MmdFRO7ppwEegg3brPv2vOHhlGqJ4S7SKXg/7BIGXDEXkAysFkeai', NULL, '0f5c4679-2ffd-4134-83db-5ebe66a2d777', 'default'),
(79, 'Nacer Eddine LAIB', 'nacereddine.laib@anam.dz', '7002', 'LAIB', 'Nacer Eddine', 'CN=Nacer Eddine LAIB,OU=DIRECTION CONTRÔLE MINIER,OU=Siege,OU=Users,OU=ANAM,DC=corp,DC=anam,DC=dz', 4, '$2y$10$mtJUlVYQuX7qHeccMOJLgON5ftyMUvU9/lACyRhtVJUsO4SZqWzxe', NULL, '746b1d1a-6fa5-4d5e-9836-8ed3971c4290', 'default'),
(80, 'Mustapha MEKARZIA', 'mustapha.mekarzia@anam.dz', '6606', 'MEKARZIA', 'Mustapha', 'CN=Mustapha MEKARZIA,OU=Contrôle-Antenne,OU=DIRECTION CONTRÔLE MINIER,OU=Siege,OU=Users,OU=ANAM,DC=corp,DC=anam,DC=dz', 4, '$2y$10$Matoko0dWRpRdZFi8F/qou8a2iiBA2TEdRo2rYwsdqwiaS4KpfcoO', NULL, '49eac754-89fa-4f72-9f82-4acdcd46df6c', 'default'),
(81, 'Sidahmed HADJ SADOUK', 'Sidahmed.HADJSADOUK@anam.dz', NULL, 'HADJ SADOUK', 'Sidahmed', 'CN=Sidahmed HADJ SADOUK,OU=DIRECTION CONTRÔLE MINIER,OU=Siege,OU=Users,OU=ANAM,DC=corp,DC=anam,DC=dz', 4, '$2y$10$A1SFAizgHvRl0Wzs7iaNfu6e3asb8HXzb27JNH.zyS6fcIG6HERK.', NULL, '2da1e701-9ab4-4cfa-b7f0-5c2be846ea48', 'default'),
(82, 'Mourad AIT AMER', 'mourad.aitamer@anam.dz', '6615', 'AIT AMER', 'Mourad', 'CN=Mourad AIT AMER,OU=DCM,OU=DIRECTION Permis Minier,OU=Siege,OU=Users,OU=ANAM,DC=corp,DC=anam,DC=dz', 4, '$2y$10$sdq1GjxaPY.AkifHt67mKeiTb7xzxgefBxpuD9H5LkZy3HpOLMsVm', NULL, 'f1a920aa-1cb8-402c-b6fb-709d3d9c7fc1', 'default'),
(83, 'Mahdi BOUDJABI', 'mahdi.boudjabi@anam.dz', '6614', 'BOUDJABI', 'Mahdi', 'CN=Mahdi BOUDJABI,OU=DIRECTION CONTRÔLE MINIER,OU=Siege,OU=Users,OU=ANAM,DC=corp,DC=anam,DC=dz', 4, '$2y$10$uXqfAnsH2MgHGuuaLFwLbOXaBUe0LZWm0kpJXNHn.Rx7UuACCQUPK', NULL, '83cc9a75-b7e6-4e38-b997-043321cbce1f', 'default'),
(84, 'LAHCENE DRIDI', 'lahcene.dridi@anam.dz', '6613', 'DRIDI', 'LAHCENE', 'CN=LAHCENE DRIDI,OU=DIRECTION CONTRÔLE MINIER,OU=Siege,OU=Users,OU=ANAM,DC=corp,DC=anam,DC=dz', 4, '$2y$10$MlzL6u1QZorxFp3jWrMfKuKA2IrKrKm6T63uYhBy/96G9sLjkIoRi', NULL, '6fa93a0f-25a3-40c4-86c9-36c84ecd3c45', 'default'),
(85, 'Kawthar DRIFI', 'kawthar.drifi@anam.dz', '6612', 'DRIFI', 'Kawthar', 'CN=Kawthar DRIFI,OU=DIRECTION CONTRÔLE MINIER,OU=Siege,OU=Users,OU=ANAM,DC=corp,DC=anam,DC=dz', 4, '$2y$10$0R1FitiTcOqbQfPiC1ERGOyhzgoddxrLbk.QJG/.0qGLd0fZqznnK', NULL, '42b761fe-e1dd-4fd9-b17d-65a6fba2ccd2', 'default'),
(86, 'Faiza KERCHOUCHE', 'faiza.kerchouche@anam.dz', '6609', 'KERCHOUCHE', 'Faiza', 'CN=Faiza KERCHOUCHE,OU=DIRECTION CONTRÔLE MINIER,OU=Siege,OU=Users,OU=ANAM,DC=corp,DC=anam,DC=dz', 4, '$2y$10$mN8zuj05K.F3Hfc5QReL2eUZPYFTmeq1aU1bvywRMfDBc1NVjKoja', NULL, 'd7ada45b-24c0-42df-afb3-09a6c17662e6', 'default'),
(87, 'Farah LAMAOUCHE', 'farah.lamaouche@anam.dz', '6608', 'LAMAOUCHE', 'Farah', 'CN=Farah LAMAOUCHE,OU=DIRECTION CONTRÔLE MINIER,OU=Siege,OU=Users,OU=ANAM,DC=corp,DC=anam,DC=dz', 4, '$2y$10$24.afX4mtGOrcQqL49yvP.YNrC4WJ2GteIPsQZ8tje1jI42UsBhTK', NULL, 'd30aa699-c43f-4350-92ee-bd97339e09b0', 'default'),
(88, 'Ghania LAREF', 'ghania.laref@anam.dz', '6607', 'LAREF', 'Ghania', 'CN=Ghania LAREF,OU=DIRECTION CONTRÔLE MINIER,OU=Siege,OU=Users,OU=ANAM,DC=corp,DC=anam,DC=dz', 4, '$2y$10$FRwJ6YlRLlSygCVoBakz3ufZuJowhffiDHPI2anrO6ndi8pitnuCu', NULL, 'f381c801-c51a-4eaa-b3cc-d88741c0ac17', 'default'),
(89, 'Hicham MELLAL', 'hicham.mellal@anam.dz', '6605', 'MELLAL', 'Hicham', 'CN=Hicham MELLAL,OU=DIRECTION CONTRÔLE MINIER,OU=Siege,OU=Users,OU=ANAM,DC=corp,DC=anam,DC=dz', 4, '$2y$10$/JATRnB0s78afmpi5jxbAO/uPN6FEVm7LWF6Mx3yyrNzFQba8b0dK', NULL, '3179936f-d083-4731-a4f3-79422499640c', 'default'),
(90, 'Naima MESRANE', 'naima.mesrane@anam.dz', '6604', 'MESRANE', 'Naima', 'CN=Naima MESRANE,OU=DIRECTION CONTRÔLE MINIER,OU=Siege,OU=Users,OU=ANAM,DC=corp,DC=anam,DC=dz', 4, '$2y$10$.96YwLbUin3/MI3eSYSaPuYtqaubs3hPNKXZJ1BEQV/RGd0u3DvdG', NULL, '08196b50-9c51-4a2e-bf7f-face4474e5a4', 'default'),
(91, 'AMER MOUAICI', 'amer.mouaici@anam.dz', '6603', 'MOUAICI', 'AMER', 'CN=AMER MOUAICI,OU=DIRECTION CONTRÔLE MINIER,OU=Siege,OU=Users,OU=ANAM,DC=corp,DC=anam,DC=dz', 4, '$2y$10$kmZlID2ibDPQPnxlBW.kOeb/fYTwxk0Km9lwN4zluL.i7Dx8HpRhy', NULL, '9daa1f4b-6fe3-4391-8357-e069de08b8fc', 'default'),
(92, 'Nour el houda REKIK', 'nourelhouda.rekik@anam.dz', '6600', 'REKIK', 'Nour el houda', 'CN=Nour el houda REKIK,OU=DIRECTION CONTRÔLE MINIER,OU=Siege,OU=Users,OU=ANAM,DC=corp,DC=anam,DC=dz', 4, '$2y$10$QfHN4kRGXIrqbknvkK0vB.BZ9jkegkJW5UUoWtJyzg1PbHhJyL1oC', NULL, '049a4121-5fe4-4d5d-87d3-0368e4556ee7', 'default'),
(93, 'Sadjia SOUCHI', 'sadjia.souchi@anam.dz', '6601', 'SOUCHI', 'Sadjia', 'CN=Sadjia SOUCHI,OU=DIRECTION CONTRÔLE MINIER,OU=Siege,OU=Users,OU=ANAM,DC=corp,DC=anam,DC=dz', 4, '$2y$10$NdEj1qvUxt1.JG.bq6sqb.BdHmR.Jgz6jUpnllsnvlIw75aci8QV6', NULL, '4be2e885-cea1-495c-9f8a-311da6c3683f', 'default'),
(94, 'Fares zine el Abidine ZADI', 'fareszineelabidine.zadi@anam.dz', '6602', 'ZADI', 'Fares zine el Abidine', 'CN=Fares zine el Abidine ZADI,OU=DIRECTION CONTRÔLE MINIER,OU=Siege,OU=Users,OU=ANAM,DC=corp,DC=anam,DC=dz', 4, '$2y$10$dofABz73MkAYc0T3KFkRTOIdSQO2unlgCaQOyWh9powxJfpMEoPOS', NULL, '4586a5f5-c43b-4ccf-9216-425635cac40d', 'default'),
(95, 'Seddik Benabbes', 'Seddik.Benabbes@anam.dz', NULL, 'Benabbes', 'Seddik', 'CN=Seddik Benabbes,OU=DIRECTION CONTRÔLE MINIER,OU=Siege,OU=Users,OU=ANAM,DC=corp,DC=anam,DC=dz', 4, '$2y$10$OxrjYkyiNWwBw1a1RDvduuNDA/chTbejcM2DOxCb3IuHIxQ1oSsou', NULL, 'e75643c3-5b8e-4cc5-afbc-54d9a5b3afa8', 'default'),
(96, 'Mohamed Elhadi BENZEID', 'mohamedelhadi.benzeid@anam.dz', '7007', 'BENZEID', 'Mohamed Elhadi', 'CN=Mohamed Elhadi BENZEID,OU=DIRECTION CONTRÔLE MINIER,OU=Siege,OU=Users,OU=ANAM,DC=corp,DC=anam,DC=dz', 4, '$2y$10$F6mbuX/WvSmRZUI6PG50WuISRqa0nIMvRpEkN4KlOjZXtnnpITdeG', NULL, '4c455b91-c51e-4bd2-b9d6-107acd47cefc', 'default'),
(97, 'Chirine SEKHER', 'chirine.sekher@anam.dz', '7001', 'SEKHER', 'Chirine', 'CN=Chirine SEKHER,OU=DIRECTION PROMOTION ET DEVLOPPEMNT MINIER,OU=Siege,OU=Users,OU=ANAM,DC=corp,DC=anam,DC=dz', 4, '$2y$10$oSA0ZzBZgPEepwK/rcZjqOXoOl5aP9fib1cf8qfDLDQUt2X0MlWz.', NULL, '32893280-649b-4792-b595-684e54ae60b6', 'default'),
(98, 'Nabila ZAZOUN', 'Nabila.ZAZOUN@anam.dz', '7000', 'ZAZOUN', 'Nabila', 'CN=Nabila ZAZOUN,OU=DIRECTION PROMOTION ET DEVLOPPEMNT MINIER,OU=Siege,OU=Users,OU=ANAM,DC=corp,DC=anam,DC=dz', 4, '$2y$10$5URt4xKPU047YebEwsi9guxq5te5kUDNaPmB9v9fLR5ghjh3syxY2', NULL, '920375e2-db78-4b07-9f8c-d87189b70ce8', 'default'),
(99, 'Houda ABDEDDAIM', 'houda.abdeddaim@anam.dz', '7011', 'ABDEDDAIM', 'Houda', 'CN=Houda ABDEDDAIM,OU=DIRECTION PROMOTION ET DEVLOPPEMNT MINIER,OU=Siege,OU=Users,OU=ANAM,DC=corp,DC=anam,DC=dz', 4, '$2y$10$NKEsu.Rpg6pqclUvGUl.fO3s7/07Qqq4M9T.hxQgUa9CtTvid8joW', NULL, 'db33b283-b1a7-46ef-a49e-420c2ae68cfe', 'default'),
(100, 'Abdenour ALIMERINA', 'abdenour.alimerina@anam.dz', '7006', 'ALIMERINA', 'Abdenour', 'CN=Abdenour ALIMERINA,OU=DIRECTION PROMOTION ET DEVLOPPEMNT MINIER,OU=Siege,OU=Users,OU=ANAM,DC=corp,DC=anam,DC=dz', 4, '$2y$10$q3zgRTd6RvDmoJ919Fbke.zs8XuXyLpmYS.P0Q5.dmBfKdL4bfE1O', NULL, 'd75c88e9-8ab8-4411-8f24-1848bf686cb3', 'default'),
(101, 'Abdellah ATTOUM', 'abdellah.attoum@anam.dz', '7011', 'ATTOUM', 'Abdellah', 'CN=Abdellah ATTOUM,OU=DIRECTION PROMOTION ET DEVLOPPEMNT MINIER,OU=Siege,OU=Users,OU=ANAM,DC=corp,DC=anam,DC=dz', 4, '$2y$10$.o.e6Es/3OsROARodY/Ao.0tjKPmMtGGKwpE1PfOpWyOftSLaBOnu', NULL, '955312d1-cf5a-4401-beb0-4b61fa947bac', 'default'),
(102, 'nora BenattelaH', 'nora.benattelah@anam.dz', '7008', 'Benattelah', 'nora', 'CN=nora BenattelaH,OU=DIRECTION PROMOTION ET DEVLOPPEMNT MINIER,OU=Siege,OU=Users,OU=ANAM,DC=corp,DC=anam,DC=dz', 4, '$2y$10$AT3l4dpHlEsdhowqwyF4dOrLL5ZZf.3doIHO16V4Szo115afIknIu', NULL, '297ed024-6c7e-4ea3-b6ab-e369a87a5e1b', 'default'),
(103, 'Benyoucef BOUKHELIF', 'benyoucef.boukhelif@anam.dz', '7010', 'BOUKHELIF', 'Benyoucef', 'CN=Benyoucef BOUKHELIF,OU=DIRECTION PROMOTION ET DEVLOPPEMNT MINIER,OU=Siege,OU=Users,OU=ANAM,DC=corp,DC=anam,DC=dz', 4, '$2y$10$Q7szxrmfGUWd7cx8/X31ReVqhLC7U5wV1YX14yRbs9oRbRDOGlAqK', NULL, 'f76feed5-6721-439b-9642-f6a37f4e233a', 'default'),
(104, 'Sabeha BRAHMI', 'sabeha.brahmi@anam.dz', '7005', 'BRAHMI', 'Sabeha', 'CN=Sabeha BRAHMI,OU=DIRECTION PROMOTION ET DEVLOPPEMNT MINIER,OU=Siege,OU=Users,OU=ANAM,DC=corp,DC=anam,DC=dz', 4, '$2y$10$iyPB50esO6Fa3pznN9WyTefytR0UHbV.plTbu35kl04LLKJi8Ye2C', NULL, '503d5888-9cf2-43de-9c09-f3bddf4b21bf', 'default'),
(105, 'Mohamed Chafik DJEBARI', 'mohamedchafik.djebari@anam.dz', '7004', 'DJEBARI', 'Mohamed Chafik', 'CN=Mohamed Chafik DJEBARI,OU=DIRECTION PROMOTION ET DEVLOPPEMNT MINIER,OU=Siege,OU=Users,OU=ANAM,DC=corp,DC=anam,DC=dz', 4, '$2y$10$.lNvEHInWEOSIEmfNhB7juSAc1HIVIrhMcuKNkmjj21vOdsNTCFVq', NULL, '79c8e494-59c1-4939-a7c2-fdcae1b06511', 'default'),
(106, 'Rachid ABCHICHE', 'rachid.abchiche@anam.dz', '7510', 'ABCHICHE', 'Rachid', 'CN=Rachid ABCHICHE,OU=DIRECTION RECHERCHE MINIERE,OU=Siege,OU=Users,OU=ANAM,DC=corp,DC=anam,DC=dz', 4, '$2y$10$LHMRjlyqt.caUPwk.nSBU.AdVo2k82PLCJXwyLVb.IIoHw6uG8qSe', NULL, 'b8b2a849-b49e-4033-a0a6-1a28e24460e7', 'default'),
(107, 'Youcef AIT AMER MEZIANE', 'youcef.aitamermeziane@anam.dz', '7508', 'AIT AMER MEZIANE', 'Youcef', 'CN=Youcef AIT AMER MEZIANE,OU=DIRECTION RECHERCHE MINIERE,OU=Siege,OU=Users,OU=ANAM,DC=corp,DC=anam,DC=dz', 4, '$2y$10$UOmGpUc7JYaj7a3YVb9pH..aRpiEynNupvYeB5yKE2PMihaHnl0T2', NULL, 'b1bceddb-690a-4648-b580-bbf6b27e0d6b', 'default'),
(108, 'ESSAID AOULI', 'essaid.aouli@anam.dz', '7507', 'AOULI', 'Essaid', 'CN=ESSAID AOULI,OU=DIRECTION RECHERCHE MINIERE,OU=Siege,OU=Users,OU=ANAM,DC=corp,DC=anam,DC=dz', 4, '$2y$10$bu5jmaP.Y1oUlOzRx.s02eCWOR.Eu70C67OGZ6mHKHKRPvlavCPfW', NULL, '46ccb8ce-f84a-4b24-84ea-a5f4565363d0', 'default'),
(109, 'Hichem BELHOCINE', 'hichem.belhocine@anam.dz', '7506', 'BELHOCINE', 'Hichem', 'CN=Hichem BELHOCINE,OU=DIRECTION RECHERCHE MINIERE,OU=Siege,OU=Users,OU=ANAM,DC=corp,DC=anam,DC=dz', 4, '$2y$10$OrPv31YW3nO40yEehjOtgOd6Pjb6HIbzz1/VVeXBgoACxQpR4IcqO', NULL, '4baed2a8-07e8-41fc-a90b-8633f26d066e', 'default'),
(110, 'DJAMEL BESSEKRI', 'djamel.bessekri@anam.dz', '7505', 'BESSEKRI', 'DJAMEL', 'CN=DJAMEL BESSEKRI,OU=DIRECTION RECHERCHE MINIERE,OU=Siege,OU=Users,OU=ANAM,DC=corp,DC=anam,DC=dz', 4, '$2y$10$Cs8Ay6Dp0KxYBruoJHlKFOJhJfwDdkUeNocFX.DGrxW5Bb.IhTrUK', NULL, '855a595c-8972-4eff-8804-fe2f9fdb827d', 'default'),
(111, 'ABDELKADER BOUANIK', 'abdelkader.bouanik@anam.dz', '7504', 'BOUANIK', 'ABDELKADER', 'CN=ABDELKADER BOUANIK,OU=DIRECTION RECHERCHE MINIERE,OU=Siege,OU=Users,OU=ANAM,DC=corp,DC=anam,DC=dz', 4, '$2y$10$EPDwYh9mFhbKIFJC47jleep6BnlsLyJW/MG1aDXKrJ8bshPJ0ISAu', NULL, '7b1aa64a-14e2-4b73-924d-18635910c26e', 'default'),
(112, 'Fares BOULOUDENE', 'fares.bouloudene@anam.dz', '7503', 'BOULOUDENE', 'Fares', 'CN=Fares BOULOUDENE,OU=DIRECTION RECHERCHE MINIERE,OU=Siege,OU=Users,OU=ANAM,DC=corp,DC=anam,DC=dz', 4, '$2y$10$SFo.NXx2e2oOZ582tk4LR.P8/x8zMutfeMUbXMD23ITHWxhKhCovy', NULL, '9af99271-f8ba-446c-8d1b-21bf38110d8f', 'default'),
(113, 'Mourad BOUZIAD', 'mourad.bouziad@anam.dz', '7502', 'BOUZIAD', 'Mourad', 'CN=Mourad BOUZIAD,OU=DIRECTION RECHERCHE MINIERE,OU=Siege,OU=Users,OU=ANAM,DC=corp,DC=anam,DC=dz', 4, '$2y$10$0nPXQrjuYgCwSywL0/b31OhQqybOnVAtjBip5yUpQkthTJ73X.EIO', NULL, '54b82122-b655-48ae-bc5f-230485c3e5ab', 'default'),
(114, 'KHALED Hassine BOUZIDI', 'khaledhassine.bouzidi@anam.dz', '7501', 'BOUZIDI', 'KHALED Hassine', 'CN=KHALED Hassine BOUZIDI,OU=DIRECTION RECHERCHE MINIERE,OU=Siege,OU=Users,OU=ANAM,DC=corp,DC=anam,DC=dz', 4, '$2y$10$X3b8BXWVQg3DOOJj2ZrlLOERJSXw4Ix/btdbIV5JFGw0E3xqFz/JG', NULL, 'bda48c1f-66b0-4154-9009-538ae5b56a15', 'default'),
(115, 'Samia TRABELSI', 'samia.trabelsi@anam.dz', '7500', 'TRABELSI', 'Samia', 'CN=Samia TRABELSI,OU=DIRECTION RECHERCHE MINIERE,OU=Siege,OU=Users,OU=ANAM,DC=corp,DC=anam,DC=dz', 4, '$2y$10$vX1.5J212qDg8rr7D1JzL.Oo1FHkH71gd7FYbjTBYkhRudpVzAn12', NULL, 'f3dfa6f5-0426-4bba-add3-328604159b8a', 'default'),
(116, 'Rabah BOUNAR', 'Rabah.BOUNAR@anam.dz', NULL, 'BOUNAR', 'Rabah', 'CN=Rabah BOUNAR,OU=U_Informatique,OU=Siege,OU=Users,OU=ANAM,DC=corp,DC=anam,DC=dz', 4, '$2y$10$94hTwesrx8i178wEwu4HHuskuPoV7e016oP0Nzab4sLHkggh9Vzky', NULL, 'a226bf88-d6ee-485d-b1c6-9fe1a6f1d5d7', 'default'),
(117, 'Mohamed YOUNSI', 'mohamed.younsi@anam.dz', '5266', 'YOUNSI', 'Mohamed', 'CN=Mohamed YOUNSI,OU=U_Informatique,OU=Siege,OU=Users,OU=ANAM,DC=corp,DC=anam,DC=dz', 5, '$2y$10$JFsNTgHf3PfQQ8ioUg9B6e46UyfVFVpp2zek1K0NuCsAVcllz.p.u', NULL, 'fd662214-e010-46e7-9dcb-6ecddda52026', 'default'),
(118, 'Fatima Zohra LAKEHAL', 'FatimaZohra.LAKEHAL@anam.dz', '5200', 'LAKEHAL', 'Fatima Zohra', 'CN=Fatima Zohra LAKEHAL,OU=U_Informatique,OU=Siege,OU=Users,OU=ANAM,DC=corp,DC=anam,DC=dz', 4, '$2y$10$RNYhuifCe6M75bZKZFdqi.TomRAOkMxJ/s8RkQp3JULaBCX1tPg9u', NULL, 'c6fa324d-c8b5-460e-a813-aa2b8b48baab', 'default'),
(119, 'Amar FERHAT TALEB', 'Amar.FERHATTALEB@anam.dz', '5210', 'FERHAT TALEB', 'Amar', 'CN=Amar FERHAT TALEB,OU=U_Informatique,OU=Siege,OU=Users,OU=ANAM,DC=corp,DC=anam,DC=dz', 4, '$2y$10$QWqC2xi5Ju2nt96DoQBe0.HqWG.eAhwA627IEaGUHy6f4fF/NqYFO', NULL, 'a9633a7f-8f10-4f01-ab9d-04eeb6adf676', 'default'),
(120, 'Boubakeur YAHIAOUI', 'Boubakeur.YAHIAOUI@anam.dz', '5211', 'YAHIAOUI', 'Boubakeur', 'CN=Boubakeur YAHIAOUI,OU=U_Informatique,OU=Siege,OU=Users,OU=ANAM,DC=corp,DC=anam,DC=dz', 4, '$2y$10$UWEEAWgaJM9C8MnOWF7xee19NjON016qC5Z8SN8S1usdR4ZGyFK3S', NULL, 'aed2d99d-48ae-42bb-b499-7e078907e7ad', 'default'),
(121, 'IT.INFRA', NULL, NULL, 'INFRA', 'IT', 'CN=IT.INFRA,OU=U_Informatique,OU=Siege,OU=Users,OU=ANAM,DC=corp,DC=anam,DC=dz', 4, '$2y$10$b2dErYeWGfhT5VDLKI6nHOMrP9sSVd4DHwq5LeUSeJR9jqle2Aq1K', NULL, '41116222-191c-41dc-a7a4-c3e7ad45d026', 'default'),
(122, 'Abderrahmane ZITOUNI', 'abderrahmane.zitouni@anam.dz', '4910', 'ZITOUNI', 'Abderrahmane', 'CN=Abderrahmane ZITOUNI,OU=Investissement,OU=Siege,OU=Users,OU=ANAM,DC=corp,DC=anam,DC=dz', 4, '$2y$10$D2IS4x9VRActs0etoOPZ7eQmokcoB.lqV0QVsUOtHuHI9/Yg3W8bK', NULL, '6e3f8c9a-ceba-48ca-a2f1-8ccfe1cfe5c4', 'default'),
(123, 'Mohamed HAFIS', 'mohamed.hafis@anam.dz', '4911', 'HAFIS', 'Mohamed', 'CN=Mohamed HAFIS,OU=RH,OU=DRHL,OU=Siege,OU=Users,OU=ANAM,DC=corp,DC=anam,DC=dz', 4, '$2y$10$nTlU48jOPnoKPttinfVEjOqWb9K3nzyHhfqhRmZ.c5k9jjWktd6kq', NULL, 'a6cfaa38-318e-49ed-9fad-67c05d180cec', 'default'),
(124, 'Mohamed LARIBI', 'mohamed.laribi@anam.dz', '4912', 'LARIBI', 'Mohamed', 'CN=Mohamed LARIBI,OU=Investissement,OU=Siege,OU=Users,OU=ANAM,DC=corp,DC=anam,DC=dz', 4, '$2y$10$CE/zSRuyB5njNnOY1Y8KIuaSYNQ5fOdlYGpyWQfco0oEfU64U7U.C', NULL, 'bfc3e22c-fe5c-471f-821c-a16d5d59d13f', 'default'),
(125, 'Yacine HAMDAOUI', 'yacine.hamdaoui@anam.dz', '4900', 'HAMDAOUI', 'Yacine', 'CN=Yacine HAMDAOUI,OU=Magasin,OU=Siege,OU=Users,OU=ANAM,DC=corp,DC=anam,DC=dz', 4, '$2y$10$h906FTm44dPt7dqs1eFpSeQMkXay6cjaeHxkKEOvVKI2St9aOJGaG', NULL, '1baed483-4db5-433f-ba2f-b2aadd2953af', 'default'),
(126, 'Yasmine AISSANI', 'yasmine.aissani@anam.dz', '3100', 'AISSANI', 'Yasmine', 'CN=Yasmine AISSANI,OU=DEPARTEMENT FISCALITE,OU=Siege,OU=Users,OU=ANAM,DC=corp,DC=anam,DC=dz', 4, '$2y$10$jYI2XAmxlVnt91oRRQtIGeMjgbc4.QPxDE291Rpiqns.4Tb1MHlYm', NULL, '38c9992c-fbab-40b0-9ae7-205ca4e2c024', 'default'),
(127, 'El Mehdi KADRI', 'elmehdi.kadri@anam.dz', '3101', 'KADRI', 'El Mehdi', 'CN=El Mehdi KADRI,OU=Marché,OU=Siege,OU=Users,OU=ANAM,DC=corp,DC=anam,DC=dz', 4, '$2y$10$FvRk/9WD4TnNDmSBqAWHI.YGB/NAge21/7f16rek5PM7HQzoB.EY6', NULL, 'de50d0b8-f116-49d9-baff-516bbb0eec45', 'default'),
(128, 'Meriem AKNINE', 'meriem.aknine@anam.dz', '3102', 'AKNINE', 'Meriem', 'CN=Meriem AKNINE,OU=Marché,OU=Siege,OU=Users,OU=ANAM,DC=corp,DC=anam,DC=dz', 4, '$2y$10$TpfIgPYEKZgQXjj3b6e9YuPEHsCkVmPJ.80MGzObhY3hPHd7GfZ6C', NULL, '1d7dfac1-0c24-4fb2-af41-9b3760dc0792', 'default'),
(129, 'Farouk FERHAT', 'farouk.ferhat@anam.dz', '1000', 'FERHAT', 'Farouk', 'CN=Farouk FERHAT,OU=Réception,OU=Siege,OU=Users,OU=ANAM,DC=corp,DC=anam,DC=dz', 5, '$2y$10$aJ/GXrgFr/ogZ9/NOoDuMOMA8EDy5qMrRlU1dz9Z7wlVlIwicRmia', NULL, '50132cac-e4a6-4c8a-bd8e-ce662505a7d4', 'default'),
(130, 'Djamal Eddine BELARIBI', 'djamaleddine.belaribi@anam.dz', '1010', 'BELARIBI', 'Djamal Eddine', 'CN=Djamal Eddine BELARIBI,OU=Réception,OU=Siege,OU=Users,OU=ANAM,DC=corp,DC=anam,DC=dz', 5, '$2y$10$XFZ0wfGLhKsv/dEPQnRbM.h2Gs06yDSgm09GVmmwseI9EZoiij0RW', NULL, 'b3c892fa-6dab-4952-9234-f6e601eda029', 'default'),
(131, 'Mohamed BOURABA', 'mohamed.bouraba@anam.dz', '1020', 'BOURABA', 'Mohamed', 'CN=Mohamed BOURABA,OU=Réception,OU=Siege,OU=Users,OU=ANAM,DC=corp,DC=anam,DC=dz', 4, '$2y$10$WX2CNS1fzmBG.AL3he21heR98EqhhV6buAcaWWRkU0ccXx9H5I69m', NULL, 'f27f07ae-9f33-43e6-a136-64fce34d389c', 'default'),
(132, 'Rafik HAMOUDA', 'rafik.hamouda@anam.dz', '4800', 'HAMOUDA', 'Rafik', 'CN=Rafik HAMOUDA,OU=Reprographie,OU=Siege,OU=Users,OU=ANAM,DC=corp,DC=anam,DC=dz', 4, '$2y$10$lCUXxRelLp.y/g05eSGF6uuqhLifyX0BzW4KJPY9nj22GiYgnoTNC', NULL, '5805c2a6-65bd-4b6e-b1fe-e95f2cd4f259', 'default'),
(133, 'Abdelfettah KEDJOUR', NULL, NULL, 'KEDJOUR', 'Abdelfettah', 'CN=Abdelfettah KEDJOUR,OU=CETIC,OU=Siege,OU=Users,OU=ANAM,DC=corp,DC=anam,DC=dz', 4, '$2y$10$B65o7CFhxamPAkOHdubQ4.zlt05K5TIuZzq0dW47fs/UpmWu1NWTO', NULL, '6d4c4b5a-986a-4236-b1c5-b20081689dbc', 'default'),
(134, 'Kahina MEDJEKANE', NULL, NULL, 'MEDJEKANE', 'Kahina', 'CN=Kahina MEDJEKANE,OU=CETIC,OU=Siege,OU=Users,OU=ANAM,DC=corp,DC=anam,DC=dz', 4, '$2y$10$DWIgS3qYfgLeqsYLqIrG1OrVhxclDYyA4se/.Lb/F7G/vPKJ4/Udq', NULL, 'b03f3e32-d885-477d-b979-d4b36a6e0a91', 'default'),
(135, 'Consultant.brahim Brahim', 'Consultant.brahim.Brahim@anam.dz', NULL, 'Brahim', 'Consultant.brahim', 'CN=Consultant.brahim Brahim,OU=CETIC,OU=Siege,OU=Users,OU=ANAM,DC=corp,DC=anam,DC=dz', 4, '$2y$10$0AxLWuFJiw4t/mE186NUFOfsXx8phrS7kb6QRSDCJ8pJ1ME8mXGcm', NULL, 'ee3fc81b-b6ae-439a-8dcd-7767b0b84d8b', 'default'),
(136, 'Emad allan', NULL, NULL, 'allan', 'Emad', 'CN=Emad allan,OU=CETIC,OU=Siege,OU=Users,OU=ANAM,DC=corp,DC=anam,DC=dz', 4, '$2y$10$CuJA1f0HkW2jYGye3vqnA.5qLJkLtP9LM8Su.wqDwZBU6ioJcIMrG', NULL, 'be96982b-9cde-48ea-9e06-83254812dae2', 'default'),
(137, 'Medjdoub', NULL, NULL, NULL, 'waheb', 'CN=Medjdoub,OU=CETIC,OU=Siege,OU=Users,OU=ANAM,DC=corp,DC=anam,DC=dz', 4, '$2y$10$p8tNHAqfAJ7V9QIs7HeRpuJIWkWVCY45m5GUmo8cLOzq6JOGpvQTi', NULL, 'afc1f933-9700-4b1e-afdb-5d964cd1126a', 'default'),
(138, 'Akkouche', NULL, NULL, NULL, 'Akkouche', 'CN=Akkouche,OU=CETIC,OU=Siege,OU=Users,OU=ANAM,DC=corp,DC=anam,DC=dz', 4, '$2y$10$3X1noh/j/Y3ZdgSYJI/3sumKraOT1kmTJzXdUPASkeGG0hDkS3eL2', NULL, '20c3b61c-33ba-456f-9af3-5499e2875866', 'default'),
(139, 'Oussama', NULL, NULL, NULL, 'Oussama', 'CN=Oussama,OU=CETIC,OU=Siege,OU=Users,OU=ANAM,DC=corp,DC=anam,DC=dz', 4, '$2y$10$u7npgfmUpN3Y0Fn.nUuAJewwBOEk3wpTPho08zxHCimh1y/QhEceW', NULL, '9a700880-27cd-4c16-a859-db05785344e1', 'default'),
(140, 'Amine', NULL, NULL, NULL, 'Amine', 'CN=Amine,OU=CETIC,OU=Siege,OU=Users,OU=ANAM,DC=corp,DC=anam,DC=dz', 4, '$2y$10$s8maGdTd.53rEgMWUO11gedj30v55zMUN1C/WEq16TvGSbxpP.4yK', NULL, '7f5a033c-774c-439a-b92c-2de7fb3068c6', 'default'),
(143, 'Fatma BEDARNIA', 'Fatma.BEDARNIA@anam.dz', NULL, 'BEDARNIA', 'Fatma', 'CN=Fatma BEDARNIA,OU=ANTENNE DE TIARET,OU=Antenne,OU=Users,OU=ANAM,DC=corp,DC=anam,DC=dz', 4, '$2y$10$p5qMGTR1w8fzBjIkcNWO7ujsjUhkN0Ms0tKSvbKQRDHyyzXvT9e0.', NULL, '8653d2ca-fa0f-46fe-9502-4c003b3512ec', 'default'),
(144, 'Mohamed Amine TALEB', 'MohamedAmine.TALEB@anam.dz', NULL, 'TALEB', 'Mohamed Amine', 'CN=Mohamed Amine TALEB,OU=ANTENNE DE TIARET,OU=Antenne,OU=Users,OU=ANAM,DC=corp,DC=anam,DC=dz', 4, '$2y$10$OoCSDRJsVWuI.pY99XbKlOoXOLz3FJzIGiFPa2ExRGjRE6lqjcBIm', NULL, '5c84f895-4ee6-4a02-a963-115b115585f8', 'default'),
(145, 'TOUFIK MOKHTARI', 'TOUFIK.MOKHTARI@anam.dz', NULL, 'MOKHTARI', 'TOUFIK', 'CN=TOUFIK MOKHTARI,OU=ANTENNE DE TLEMCEN,OU=Antenne,OU=Users,OU=ANAM,DC=corp,DC=anam,DC=dz', 4, '$2y$10$O1DzlKa1M.gDAYQoE/VRh.OHGPjF2KwAN8E1z2a5G.7eaL7NEwzum', NULL, '0500b21f-169a-4d7e-a6a6-b212abe65ace', 'default'),
(146, 'Djalila MIMOUNI', 'Djalila.MIMOUNI@anam.dz', NULL, 'MIMOUNI', 'Djalila', 'CN=Djalila MIMOUNI,OU=ANTENNE DE TLEMCEN,OU=Antenne,OU=Users,OU=ANAM,DC=corp,DC=anam,DC=dz', 4, '$2y$10$eMFI8U12m1Xm7Z71PfJCXuCXyabpC6YhFk8iS59/or7omurwpIz4.', NULL, 'e65baeba-8af0-4037-9fe3-38168ca088d8', 'default'),
(147, 'Darine MIMOUNI', 'Darine.MIMOUNI@anam.dz', NULL, 'MIMOUNI', 'Darine', 'CN=Darine MIMOUNI,OU=ANTENNE DE TLEMCEN,OU=Antenne,OU=Users,OU=ANAM,DC=corp,DC=anam,DC=dz', 4, '$2y$10$JnfVqVamx.yNlj9S.oeTKeynzVFxhTDu6oA7Tw2mWLHE54PkhRZP.', NULL, '0a228639-23c8-4996-bc88-984469e5f2b0', 'default'),
(148, 'Anis BENHANACHI', 'Anis.BENHANACHI@anam.dz', NULL, 'BENHANACHI', 'Anis', 'CN=Anis BENHANACHI,OU=ANTENNE DE TEBESSA,OU=Antenne,OU=Users,OU=ANAM,DC=corp,DC=anam,DC=dz', 4, '$2y$10$oGbivHN63pO02JwVdlI1k.7W4EQtl2EE2fMpUkAAm.TexxrV0R48G', NULL, 'b4f69c8a-5a3e-434c-ac0d-1130ce8d9b59', 'default'),
(149, 'Omar BOUKERNOUS', 'Omar.BOUKERNOUS@anam.dz', NULL, 'BOUKERNOUS', 'Omar', 'CN=Omar BOUKERNOUS,OU=ANTENNE DE TEBESSA,OU=Antenne,OU=Users,OU=ANAM,DC=corp,DC=anam,DC=dz', 4, '$2y$10$qjlfj2gDXtSPAng3lEnGEO.d4vv7Z5dNB5AoFGTHiQxwdW0zxDoii', NULL, 'bf1734eb-0616-4eae-9f63-b33a76a50aeb', 'default'),
(150, 'Mohamed DOUMIR', 'Mohamed.DOUMIR@anam.dz', NULL, 'DOUMIR', 'Mohamed', 'CN=Mohamed DOUMIR,OU=ANTENNE DE TEBESSA,OU=Antenne,OU=Users,OU=ANAM,DC=corp,DC=anam,DC=dz', 4, '$2y$10$hZxuC7CUvjQR.1JjNBSj5.jPnpV8eEVN/SIDrKy5Qlszh5fbKURmG', NULL, '484a4d53-1b90-46f0-b4bb-3c5acf9fae63', 'default'),
(151, 'Saloua KHELLADI', 'Saloua.KHELLADI@anam.dz', NULL, 'KHELLADI', 'Saloua', 'CN=Saloua KHELLADI,OU=ANTENNE DE TEBESSA,OU=Antenne,OU=Users,OU=ANAM,DC=corp,DC=anam,DC=dz', 4, '$2y$10$A6I/ka7GkcUTjulzpeGgvuWk3nV3cfe2H4J3IISApqqqTBEAYhmha', NULL, '3c7628c9-f167-4246-a71a-5741587c6732', 'default'),
(152, 'Narimane HAMZAOUI', 'Narimane.HAMZAOUI@anam.dz', NULL, 'HAMZAOUI', 'Narimane', 'CN=Narimane HAMZAOUI,OU=ANTENNE DE TEBESSA,OU=Antenne,OU=Users,OU=ANAM,DC=corp,DC=anam,DC=dz', 4, '$2y$10$/4wNd0FibDmqQx0N/WKFZOVMCFlOsrvHv7dhq3TDsFxirF.Mji1vy', NULL, 'c1a23742-e92d-4a1b-b58c-90ac246ab95c', 'default'),
(153, 'Abdessamad BAALI', 'Abdessamad.BAALI@anam.dz', NULL, 'BAALI', 'Abdessamad', 'CN=Abdessamad BAALI,OU=ANTENNE DE TAMANRASSET,OU=Antenne,OU=Users,OU=ANAM,DC=corp,DC=anam,DC=dz', 4, '$2y$10$B4DS6gT73KPPebyzmITIcuevkkU2luocKatn5aXNmWiwQTjKwj0eK', NULL, 'fae6da18-78fd-4fb2-b8d9-0a8676e696ee', 'default'),
(154, 'Saddam BEN ABDELKRIM', 'Saddam.BENABDELKRIM@anam.dz', NULL, 'BEN ABDELKRIM', 'Saddam', 'CN=Saddam BEN ABDELKRIM,OU=ANTENNE DE TAMANRASSET,OU=Antenne,OU=Users,OU=ANAM,DC=corp,DC=anam,DC=dz', 4, '$2y$10$LKr8z4KT7tSdhcVNxmXLQudPQ2u4L.gcloMq/aW5DXZTYxT23auY6', NULL, 'b8fd0a77-db74-431c-8531-f2403c6fa4d4', 'default'),
(155, 'Abdellah BEN MOULOUD', 'Abdellah.BENMOULOUD@anam.dz', NULL, 'BEN MOULOUD', 'Abdellah', 'CN=Abdellah BEN MOULOUD,OU=ANTENNE DE TAMANRASSET,OU=Antenne,OU=Users,OU=ANAM,DC=corp,DC=anam,DC=dz', 4, '$2y$10$A/zijGfBcZoR0zNbTwDfsOx0Ri4zdpyrmSsvt4YWi/CGsierGp1aO', NULL, '5e544ba5-28d7-4580-b11e-06a8515c4d76', 'default'),
(156, 'Rabah  BOUDJERDA', 'Rabah.BOUDJERDA@anam.dz', NULL, 'BOUDJERDA', 'Rabah ', 'CN=Rabah  BOUDJERDA,OU=ANTENNE DE TAMANRASSET,OU=Antenne,OU=Users,OU=ANAM,DC=corp,DC=anam,DC=dz', 4, '$2y$10$IwvEI.myhl2XYIGBE9oYuef3nXwCV6Eqti3lVB4hDHOyhbEK2y29a', NULL, '038c0cc8-c52d-44c1-beb4-731b85b61519', 'default'),
(157, 'Ahmed GHERBI', 'Ahmed.GHERBI@anam.dz', NULL, 'GHERBI', 'Ahmed', 'CN=Ahmed GHERBI,OU=ANTENNE DE TAMANRASSET,OU=Antenne,OU=Users,OU=ANAM,DC=corp,DC=anam,DC=dz', 4, '$2y$10$Pk0VdGkh1PJE9O0s1u77X.WAPDH2.Qjxid2jZYxklRUnSjqlJbaxe', NULL, '040a96ec-06cd-4c26-9ed9-98696c734b86', 'default'),
(158, 'Djalal Eddine  MAMMERINE', 'DjalalEddine.MAMMERINE@anam.dz', NULL, 'MAMMERINE', 'Djalal Eddine ', 'CN=Djalal Eddine  MAMMERINE,OU=ANTENNE DE TAMANRASSET,OU=Antenne,OU=Users,OU=ANAM,DC=corp,DC=anam,DC=dz', 4, '$2y$10$HWMnX4KHG/puNwtal3ZS8OTzclLuygAzezXXHobidwX4XM2F8ycGS', NULL, '036f6ad1-9dcc-40c2-959e-5c91f980653f', 'default'),
(159, 'Omar MISSIRANE', 'Omar.MISSIRANE@anam.dz', NULL, 'MISSIRANE', 'Omar', 'CN=Omar MISSIRANE,OU=ANTENNE DE TAMANRASSET,OU=Antenne,OU=Users,OU=ANAM,DC=corp,DC=anam,DC=dz', 4, '$2y$10$LhGul9C2pssY1QUsuatWluO/g.2.NTYyS2i4ld.wpwVlMCUc3aWlS', NULL, '3257c66f-7ed0-460b-bec9-ec6624d741a1', 'default'),
(160, 'Asma SABEK', 'Asma.SABEK@anam.dz', NULL, 'SABEK', 'Asma', 'CN=Asma SABEK,OU=ANTENNE DE TAMANRASSET,OU=Antenne,OU=Users,OU=ANAM,DC=corp,DC=anam,DC=dz', 4, '$2y$10$dTn6kWk60rpDouWpRP1Vu.Gqqe8c6beLuccDYILi/7pD6MKUN7huK', NULL, 'b37f3690-29a0-4067-ba71-288581a8dadc', 'default'),
(161, 'Mohamed BENHOCINE', 'Mohamed.BENHOCINE@anam.dz', NULL, 'BENHOCINE', 'Mohamed', 'CN=Mohamed BENHOCINE,OU=ANTENNE DE OUARGLA,OU=Antenne,OU=Users,OU=ANAM,DC=corp,DC=anam,DC=dz', 4, '$2y$10$8qPUGIgNyQQFN0Oj/8hYEejDws8GI/cmuHJL/quwl/rSQ1evz7ep6', NULL, '6fedfa15-25b5-48cc-b778-a4383851eff8', 'default'),
(162, 'ZAKARIA DIFALLAH', 'ZAKARIA.DIFALLAH@anam.dz', NULL, 'DIFALLAH', 'ZAKARIA', 'CN=ZAKARIA DIFALLAH,OU=ANTENNE DE OUARGLA,OU=Antenne,OU=Users,OU=ANAM,DC=corp,DC=anam,DC=dz', 4, '$2y$10$LoLsmcarGSIvlOp30593MugrzlM3C2OxlkBY0oPcURtQawTN2k6NW', NULL, '5017f564-4a73-4b7d-be33-50d98b722b30', 'default'),
(163, 'Toufik KHOUFACHE', 'Toufik.KHOUFACHE@anam.dz', NULL, 'KHOUFACHE', 'Toufik', 'CN=Toufik KHOUFACHE,OU=ANTENNE DE OUARGLA,OU=Antenne,OU=Users,OU=ANAM,DC=corp,DC=anam,DC=dz', 4, '$2y$10$WH4VQZAxARfyVtUN9o2PmOu7bQZIUtq6FQfUwcvrXxXNjh/EfyHjC', NULL, '496c546d-95fa-4d5a-81b7-d0a81f2c40eb', 'default'),
(164, 'Mohamed LOUERRAD', 'Mohamed.LOUERRAD@anam.dz', NULL, 'LOUERRAD', 'Mohamed', 'CN=Mohamed LOUERRAD,OU=ANTENNE DE OUARGLA,OU=Antenne,OU=Users,OU=ANAM,DC=corp,DC=anam,DC=dz', 4, '$2y$10$vx.JPO.zm0Qc3Ge1OeDs6uMFEWrrZGISkYHOXICjKzh72abwDBfDi', NULL, '3b7ce916-435c-4bce-a5a7-7d5ea3f29da6', 'default'),
(165, 'Ousssama ZITOUNI', 'Ousssama.ZITOUNI@anam.dz', NULL, 'ZITOUNI', 'Ousssama', 'CN=Ousssama ZITOUNI,OU=ANTENNE DE OUARGLA,OU=Antenne,OU=Users,OU=ANAM,DC=corp,DC=anam,DC=dz', 4, '$2y$10$f5iVg0D.xabMPvIjeHbsAOlbXnSD37sAHGvQ3Lv.XxPL66HcINWYO', NULL, 'ad81a259-dbae-461a-94c9-13910bc05ee6', 'default'),
(166, 'Billel BELHAMEL', 'Billel.BELHAMEL@anam.dz', NULL, 'BELHAMEL', 'Billel', 'CN=Billel BELHAMEL,OU=ANTENNE DE OUM EL BOUAGHI,OU=Antenne,OU=Users,OU=ANAM,DC=corp,DC=anam,DC=dz', 4, '$2y$10$86ju6U26EP7Kv5hOjqQxx.51f4GgknQ1/KbH5MfCUMyzrRfxInwWu', NULL, '14594e6e-d43a-48c7-8551-d6cddfb7ff6b', 'default'),
(167, 'SALIM BOUKOUBA', 'SALIM.BOUKOUBA@anam.dz', NULL, 'BOUKOUBA', 'SALIM', 'CN=SALIM BOUKOUBA,OU=ANTENNE DE OUM EL BOUAGHI,OU=Antenne,OU=Users,OU=ANAM,DC=corp,DC=anam,DC=dz', 4, '$2y$10$ijYAafBowXbRS8Uiz44UPO/CqcCVf20ELKDhdKRYptI6rMYWfiUFS', NULL, '0d896f88-0f96-412c-a726-631439fe5b8d', 'default'),
(168, 'NABIL HAMITOUCHE', 'NABIL.HAMITOUCHE@anam.dz', NULL, 'HAMITOUCHE', 'NABIL', 'CN=NABIL HAMITOUCHE,OU=ANTENNE DE OUM EL BOUAGHI,OU=Antenne,OU=Users,OU=ANAM,DC=corp,DC=anam,DC=dz', 4, '$2y$10$MW8qhTvmGm2IntLUlE9w7.fT0X7xXOGLR1Qasfv8AHBK5AJhXfKxa', NULL, '103eae04-d426-46a3-aa1e-f9ad7cd49b2e', 'default'),
(169, 'Amel LAIFAOUI', 'Amel.LAIFAOUI@anam.dz', NULL, 'LAIFAOUI', 'Amel', 'CN=Amel LAIFAOUI,OU=ANTENNE DE OUM EL BOUAGHI,OU=Antenne,OU=Users,OU=ANAM,DC=corp,DC=anam,DC=dz', 4, '$2y$10$0bfXZsqo6HjoVZLCdv57/.A2tOFmqgHeXVMQWOWadd/F5.UCAsGSC', NULL, '9f0d2102-5c5a-41a9-9c0b-873741cf64c8', 'default'),
(170, 'Alima NASRI', 'Alima.NASRI@anam.dz', NULL, 'NASRI', 'Alima', 'CN=Alima NASRI,OU=ANTENNE DE OUM EL BOUAGHI,OU=Antenne,OU=Users,OU=ANAM,DC=corp,DC=anam,DC=dz', 4, '$2y$10$3EhlPSdO3xJOXhWmAkb8QOJjX2yEPMwgfQ1P8sec//6HhuQBff0sK', NULL, 'b0e0e9d0-2d72-47b3-8295-b4924b324190', 'default'),
(171, 'Fatiha BRAHIMI', 'Fatiha.BRAHIMI@anam.dz', NULL, 'BRAHIMI', 'Fatiha', 'CN=Fatiha BRAHIMI,OU=ANTENNE DE SAIDA,OU=Antenne,OU=Users,OU=ANAM,DC=corp,DC=anam,DC=dz', 4, '$2y$10$k3u1Vku2FiiSWgH0ZxLhlupj974Wu554NfQgrzOCxxxWYWaaA4tFm', NULL, 'bddae150-3fda-4882-9cc4-479e28bc9cc2', 'default'),
(172, 'Mohamed MEBARKI', 'Mohamed.MEBARKI@anam.dz', NULL, 'MEBARKI', 'Mohamed', 'CN=Mohamed MEBARKI,OU=ANTENNE DE SAIDA,OU=Antenne,OU=Users,OU=ANAM,DC=corp,DC=anam,DC=dz', 4, '$2y$10$qBI4IBu5Kp4cO.7KFQCQ1usDC.eVGNswRvcv2mdP1/3fal.9ivGqi', NULL, 'ca29c339-5f4b-44d2-b358-52e080979c97', 'default');
INSERT INTO `users` (`id`, `name`, `email`, `phone`, `firstname`, `lastname`, `user_dn`, `profile`, `password`, `remember_token`, `guid`, `domain`) VALUES
(173, 'Faycal ACHOURI', 'Faycal.ACHOURI@anam.dz', NULL, 'ACHOURI', 'Faycal', 'CN=Faycal ACHOURI,OU=ANTENNE DE SETIF,OU=Antenne,OU=Users,OU=ANAM,DC=corp,DC=anam,DC=dz', 4, '$2y$10$UBSaXiYCY9FAqg9c79vpq..RYtNfpc4WTrDepo6rQzuBYWGUSIX2W', NULL, '07cbd7a0-0c0a-4d6e-bd33-9e07d5a16db5', 'default'),
(174, 'Samira BOUCHILAOUN', 'Samira.BOUCHILAOUN@anam.dz', NULL, 'BOUCHILAOUN', 'Samira', 'CN=Samira BOUCHILAOUN,OU=ANTENNE DE SETIF,OU=Antenne,OU=Users,OU=ANAM,DC=corp,DC=anam,DC=dz', 4, '$2y$10$gas0.3lL4dxtQQSGUKhVIeGzvdKnXoTdgxck3/iKP9.bw.1WzRBzi', NULL, 'ac8fae46-e3e0-4f2a-8a85-e5a138b7c46d', 'default'),
(175, 'RADHOUANE MAHMOUD CHOUKI', 'RADHOUANEMAHMOUD.CHOUKI@anam.dz', NULL, 'CHOUKI', 'RADHOUANE MAHMOUD', 'CN=RADHOUANE MAHMOUD CHOUKI,OU=ANTENNE DE SETIF,OU=Antenne,OU=Users,OU=ANAM,DC=corp,DC=anam,DC=dz', 4, '$2y$10$c8r2huW12CCrImuEhuesJ.2bQEXnikKxzdNTghBIGOJ/2FrqyMxpK', NULL, '0ebe8f5b-78b0-4d75-bbe0-c59a76b10575', 'default'),
(176, 'ABDELHALIM KHATIR', 'ABDELHALIM.KHATIR@anam.dz', NULL, 'KHATIR', 'ABDELHALIM', 'CN=ABDELHALIM KHATIR,OU=ANTENNE DE SETIF,OU=Antenne,OU=Users,OU=ANAM,DC=corp,DC=anam,DC=dz', 4, '$2y$10$qgFVfbyrHrBm8Sszx403J.dItl3Hnx09G/mhZdWoiC5y7xDUSfOUy', NULL, '63897b50-8ad6-4e2f-8593-c983b5844d52', 'default'),
(177, 'Noureddine LAIDI SISTA', 'Noureddine.LAIDISISTA@anam.dz', NULL, 'LAIDI SISTA', 'Noureddine', 'CN=Noureddine LAIDI SISTA,OU=ANTENNE DE SETIF,OU=Antenne,OU=Users,OU=ANAM,DC=corp,DC=anam,DC=dz', 4, '$2y$10$LGelD9QVxhHu9yyB6M0GV.xzfXyYOvT/lOUQWDhRdoB6IQDgAv47K', NULL, '9138f603-a9ef-4d3d-a264-623a2ac20078', 'default'),
(178, 'Belkacem LEZRAK', 'Belkacem.LEZRAK@anam.dz', NULL, 'LEZRAK', 'Belkacem', 'CN=Belkacem LEZRAK,OU=ANTENNE DE SETIF,OU=Antenne,OU=Users,OU=ANAM,DC=corp,DC=anam,DC=dz', 4, '$2y$10$f6wdKGZatJJQUFuRgj9nD.mJaOnJj7/RZprvVXXDmjGI2JvoDbxnq', NULL, '17cc2e67-ed5c-48f5-80b4-5b98b710c1d1', 'default'),
(179, 'Sihem MADANI', 'Sihem.MADANI@anam.dz', NULL, 'MADANI', 'Sihem', 'CN=Sihem MADANI,OU=ANTENNE DE SETIF,OU=Antenne,OU=Users,OU=ANAM,DC=corp,DC=anam,DC=dz', 4, '$2y$10$YlMYyJBH7hh1/FOs0eaSFegPTsghxclW4LOpTZjMjbPZ65Sh4Ky3y', NULL, '48a5d8ff-5f98-475d-a380-8a75a2983539', 'default'),
(180, 'ABDNIR SAFIA', 'ABDNIR.SAFIA@anam.dz', NULL, 'SAFIA', 'ABDNIR', 'CN=ABDNIR SAFIA,OU=ANTENNE DE SETIF,OU=Antenne,OU=Users,OU=ANAM,DC=corp,DC=anam,DC=dz', 4, '$2y$10$DSqrG2o8VnGp3iEwGRsyG.DkkWA3zbqzPtldAMPlAu.l2abyhr6ca', NULL, 'd5d00793-488c-40d0-890a-bcf5b54cecc2', 'default'),
(181, 'Houssam BOUKLOUHA', 'Houssam.BOUKLOUHA@anam.dz', NULL, 'BOUKLOUHA', 'Houssam', 'CN=Houssam BOUKLOUHA,OU=ANTENNE DE MILA,OU=Antenne,OU=Users,OU=ANAM,DC=corp,DC=anam,DC=dz', 4, '$2y$10$NdHv38t0clWdmZYI4CKMZ.GNODTNPX46KOhMgsd6/z7eoQwdATwQW', NULL, 'e56aa457-b140-4c10-8ad5-26d0b9204bfc', 'default'),
(182, 'Nacer Eddine BOULEFRAKH', 'NacerEddine.BOULEFRAKH@anam.dz', NULL, 'BOULEFRAKH', 'Nacer Eddine', 'CN=Nacer Eddine BOULEFRAKH,OU=ANTENNE DE MILA,OU=Antenne,OU=Users,OU=ANAM,DC=corp,DC=anam,DC=dz', 4, '$2y$10$AA/9CWo8U.1Y7CIkr5Az7eovMluB9bESw6A8n3f99PG0ylzt1Mbq2', NULL, 'ecefe17e-9b79-44fa-b25e-5ee82f8b4c3f', 'default'),
(183, 'Zakaria ZERIZER', 'Zakaria.ZERIZER@anam.dz', NULL, 'ZERIZER', 'Zakaria', 'CN=Zakaria ZERIZER,OU=ANTENNE DE MILA,OU=Antenne,OU=Users,OU=ANAM,DC=corp,DC=anam,DC=dz', 4, '$2y$10$xFAvHmxHdZu9cWi808Ceweu4OnwCFhAop/tlkm0OSHapvjcibik1e', NULL, '688cf9b8-9387-42e9-b292-0b92b3b697a5', 'default'),
(184, 'Fatiha MORSLI', 'Fatiha.MORSLI@anam.dz', NULL, 'MORSLI', 'Fatiha', 'CN=Fatiha MORSLI,OU=ANTENNE DE ORAN,OU=Antenne,OU=Users,OU=ANAM,DC=corp,DC=anam,DC=dz', 4, '$2y$10$ExwSoupn6pwRzpUnCk3QlO.7mReMZxwNkxRSEF8JLU28KWFsVoMGS', NULL, 'd2b6a2ad-ea78-42b1-a169-28adf25cfafd', 'default'),
(185, 'Ouassila SAADI', 'Ouassila.SAADI@anam.dz', NULL, 'SAADI', 'Ouassila', 'CN=Ouassila SAADI,OU=ANTENNE DE ORAN,OU=Antenne,OU=Users,OU=ANAM,DC=corp,DC=anam,DC=dz', 4, '$2y$10$EPXkGJaKhUik0wTd2f8uo.mBr3L0.wfqnNL6mHLOBhpY3VCRmm/o2', NULL, '6f86bd71-18ee-410b-b2fc-e5d487ea50d9', 'default'),
(186, 'Abdelkader SKANDER', 'Abdelkader.SKANDER@anam.dz', NULL, 'SKANDER', 'Abdelkader', 'CN=Abdelkader SKANDER,OU=ANTENNE DE ORAN,OU=Antenne,OU=Users,OU=ANAM,DC=corp,DC=anam,DC=dz', 4, '$2y$10$twDzCG0MJ9202sOq/5tfgOFcpsoMpsg3SpP1B4j0G0nbsVQRdlIuG', NULL, '314dff16-0b63-4e0c-9903-a506cfcaf049', 'default'),
(187, 'Khadidja SEBAIHI', 'Khadidja.SEBAIHI@anam.dz', NULL, 'SEBAIHI', 'Khadidja', 'CN=Khadidja SEBAIHI,OU=ANTENNE DE ORAN,OU=Antenne,OU=Users,OU=ANAM,DC=corp,DC=anam,DC=dz', 4, '$2y$10$12aYgtii6R30mZvLkmOfve7lShNT3mrw.81HAKCbGwtu04I2YftEa', NULL, '2e556283-faea-4476-b9fe-0c7adecbc6af', 'default'),
(188, 'Boukhemis IKHLEF', 'Boukhemis.IKHLEF@anam.dz', NULL, 'IKHLEF', 'Boukhemis', 'CN=Boukhemis IKHLEF,OU=ANTENNE DE ORAN,OU=Antenne,OU=Users,OU=ANAM,DC=corp,DC=anam,DC=dz', 4, '$2y$10$b0ZG6nnFUcl8PcJD8EHEpu3CLNgBRBL2aGnetI6Dwm/rve2pCV.Cy', NULL, '8a05c5d0-8f23-4f27-bdd6-23aad3ab8dde', 'default'),
(189, 'Nebia CHEKLAL', 'Nebia.CHEKLAL@anam.dz', NULL, 'CHEKLAL', 'Nebia', 'CN=Nebia CHEKLAL,OU=ANTENNE DE ORAN,OU=Antenne,OU=Users,OU=ANAM,DC=corp,DC=anam,DC=dz', 4, '$2y$10$xuHC0g3OBTTHR0RfvC7R7uxu9li4CykulPOcTGxEftBAyaCk/DGtS', NULL, '8fb3e164-1a9c-4f98-999b-81212b4f31ab', 'default'),
(190, 'Maha BOUABDALLAH', 'Maha.BOUABDALLAH@anam.dz', NULL, 'BOUABDALLAH', 'Maha', 'CN=Maha BOUABDALLAH,OU=ANTENNE DE GUELMA,OU=Antenne,OU=Users,OU=ANAM,DC=corp,DC=anam,DC=dz', 4, '$2y$10$mo5yBuk5TrIlpfO8TaO1V.Db8FLOzhaflt95rbVRM3oD8vz5RM42O', NULL, '7d22c1a1-c125-4a0e-9928-3b87da299046', 'default'),
(191, 'Ghrib DZAIR', 'Ghrib.DZAIR@anam.dz', NULL, 'DZAIR', 'Ghrib', 'CN=Ghrib DZAIR,OU=ANTENNE DE GUELMA,OU=Antenne,OU=Users,OU=ANAM,DC=corp,DC=anam,DC=dz', 4, '$2y$10$nUbzNBUYA8wNY9HA/ldJEu2trjqFKOi.92SGngQLA2PbNBjqgvYJO', NULL, '04b8402c-e1dc-4baa-86d4-aba67838bacd', 'default'),
(192, 'Salah HADJILI', 'Salah.HADJILI@anam.dz', NULL, 'HADJILI', 'Salah', 'CN=Salah HADJILI,OU=ANTENNE DE GUELMA,OU=Antenne,OU=Users,OU=ANAM,DC=corp,DC=anam,DC=dz', 4, '$2y$10$iE6vpIlQZaiS6gMV9sov8..dlNrPPKJsScOQ9KzyrbC2oy5/W.OPG', NULL, '32ef4244-9b1f-4eb6-ac78-fad037ee4c41', 'default'),
(193, 'Kamel MABROUK', 'Kamel.MABROUK@anam.dz', NULL, 'MABROUK', 'Kamel', 'CN=Kamel MABROUK,OU=ANTENNE DE GUELMA,OU=Antenne,OU=Users,OU=ANAM,DC=corp,DC=anam,DC=dz', 4, '$2y$10$feKDeJudY6roZGK8IWS/TO/XGajF02xHXeXgREN/zuHc9R4ghUDTS', NULL, '3e58ace7-46d2-4223-8d0d-20cab925b1b5', 'default'),
(194, 'ABDELHAMID METATLA', 'ABDELHAMID.METATLA@anam.dz', NULL, 'METATLA', 'ABDELHAMID', 'CN=ABDELHAMID METATLA,OU=ANTENNE DE GUELMA,OU=Antenne,OU=Users,OU=ANAM,DC=corp,DC=anam,DC=dz', 4, '$2y$10$Uoa/i5R0KQbSrH2R8o8AReMbhg.Og4.glcLOb4.1ISJf57sfuNQiC', NULL, 'ef339b82-61f8-4e3b-8caf-b9ed9c2e95c9', 'default'),
(195, 'FAIZ ABASSI', 'FAIZ.ABASSI@anam.dz', NULL, 'ABASSI', 'FAIZ', 'CN=FAIZ ABASSI,OU=ANTENNE DE DJELFA,OU=Antenne,OU=Users,OU=ANAM,DC=corp,DC=anam,DC=dz', 4, '$2y$10$sOUIPi/CdB6NsW9R6WlZWeBgSQPiINOkkavXIu5xEhEIDX81fF6CG', NULL, '1a3d350c-9b26-460c-81a9-1555716e3825', 'default'),
(196, 'Abderrahmane SAIHI', 'Abderrahmane.SAIHI@anam.dz', NULL, 'SAIHI', 'Abderrahmane', 'CN=Abderrahmane SAIHI,OU=ANTENNE DE DJELFA,OU=Antenne,OU=Users,OU=ANAM,DC=corp,DC=anam,DC=dz', 4, '$2y$10$AC250BEjnKh665ulEe.BGu0VkVLs03sM9g1seOdDspoVHxlxyebDe', NULL, 'd6882fd6-804f-4779-a844-2e9b1fb3018e', 'default'),
(197, 'DJAMEL CHIKAOUI', 'DJAMEL.CHIKAOUI@anam.dz', NULL, 'CHIKAOUI', 'DJAMEL', 'CN=DJAMEL CHIKAOUI,OU=ANTENNE DE DJANET,OU=Antenne,OU=Users,OU=ANAM,DC=corp,DC=anam,DC=dz', 4, '$2y$10$jplk8l5cVJZaE2gP.jD/auqrgSpwYP6oc3/HCtICO/4xZJq7.Xyn2', NULL, '1978521e-df2c-4da0-89b4-05b19edeed17', 'default'),
(198, 'NAIMA MOHMMEDI', 'NAIMA.MOHMMEDI@anam.dz', NULL, 'MOHMMEDI', 'NAIMA', 'CN=NAIMA MOHMMEDI,OU=ANTENNE DE DJANET,OU=Antenne,OU=Users,OU=ANAM,DC=corp,DC=anam,DC=dz', 4, '$2y$10$UY7V/jvGlSYRQWv/xM0dgO16C1cTEi04DRMB.XXCEkCd9uiJEH502', NULL, 'ec0e792e-3755-4b0c-8dbc-fcf039c208a4', 'default'),
(199, 'SOMIA BACHA', 'SOMIA.BACHA@anam.dz', NULL, 'BACHA', 'SOMIA', 'CN=SOMIA BACHA,OU=ANTENNE DE CHLEF,OU=Antenne,OU=Users,OU=ANAM,DC=corp,DC=anam,DC=dz', 4, '$2y$10$.MB0cmuSi9TBpBLimzdQbOIsI8ozA9ICH2pQMSgPg.0y039IcninK', NULL, '3146e6ad-9ecf-4007-8d0b-ca142bf4337a', 'default'),
(200, 'REDHA BELAILI', 'REDHA.BELAILI@anam.dz', NULL, 'BELAILI', 'REDHA', 'CN=REDHA BELAILI,OU=ANTENNE DE CHLEF,OU=Antenne,OU=Users,OU=ANAM,DC=corp,DC=anam,DC=dz', 4, '$2y$10$sO.HEaMOvNivR/bjPm2UbuoC8hdinBurhEvtsOrsYSjPHmEdOjGS6', NULL, '9822337b-1baa-4ff9-a85b-03276df3127c', 'default'),
(201, 'M\'hamed KHORSI', 'M\'hamed.KHORSI@anam.dz', NULL, 'KHORSI', 'M\'hamed', 'CN=M\'hamed KHORSI,OU=ANTENNE DE CHLEF,OU=Antenne,OU=Users,OU=ANAM,DC=corp,DC=anam,DC=dz', 4, '$2y$10$0n5lg14HkFbsjbM.K4xVT.AXblJpVRssCPq8MjoDvc6Ezi06oUvPq', NULL, '2c16a03b-db9e-4fae-ba9a-ae5dadb59261', 'default'),
(202, 'Hassene KOUCHIH', 'Hassene.KOUCHIH@anam.dz', NULL, 'KOUCHIH', 'Hassene', 'CN=Hassene KOUCHIH,OU=ANTENNE DE CHLEF,OU=Antenne,OU=Users,OU=ANAM,DC=corp,DC=anam,DC=dz', 4, '$2y$10$Le.Gt35WXFyEoeds7y6sSe4u47Ta.3sW9fe3zScUPvOkSZeMLVH9e', NULL, 'fb676840-83b3-4e50-a63d-1ba7b6cdbb9b', 'default'),
(203, 'Mourad BOUDCHICHA', 'Mourad.BOUDCHICHA@anam.dz', NULL, 'BOUDCHICHA', 'Mourad', 'CN=Mourad BOUDCHICHA,OU=ANTENNE DE CONSTANTINE,OU=Antenne,OU=Users,OU=ANAM,DC=corp,DC=anam,DC=dz', 4, '$2y$10$5e.8W5ruUhZXi7E9Yq/mgOkAV1E4zPn7p/WO8iqkRQlwtQJFFVDYa', NULL, '8ace7175-4315-42e9-bd8d-490f8980cc75', 'default'),
(204, 'TAREK BOUBAKA', 'TAREK.BOUBAKA@anam.dz', NULL, 'BOUBAKA', 'TAREK', 'CN=TAREK BOUBAKA,OU=ANTENNE DE CONSTANTINE,OU=Antenne,OU=Users,OU=ANAM,DC=corp,DC=anam,DC=dz', 4, '$2y$10$CasiNrR5ZFBow4Pu4NJtn.245puCgS/Z7PSxKpDGhR0ihtIJdW8aC', NULL, 'a0772d02-0fe0-46c3-8a0f-05a44505fd1d', 'default'),
(205, 'Rafik GHENAI', 'Rafik.GHENAI@anam.dz', NULL, 'GHENAI', 'Rafik', 'CN=Rafik GHENAI,OU=ANTENNE DE CONSTANTINE,OU=Antenne,OU=Users,OU=ANAM,DC=corp,DC=anam,DC=dz', 4, '$2y$10$lfRuAnAalrg/hrbntYR6pelB2weSfXTPOvXr4C8Y4IP5LGypBQ1om', NULL, 'c1bdb6c3-8fcc-41d9-981f-cc82412ee518', 'default'),
(206, 'Amel ZARZI', 'Amel.ZARZI@anam.dz', NULL, 'ZARZI', 'Amel', 'CN=Amel ZARZI,OU=ANTENNE DE CONSTANTINE,OU=Antenne,OU=Users,OU=ANAM,DC=corp,DC=anam,DC=dz', 4, '$2y$10$hwdZkssLSLTUa4JmPlKhU.ZiysBbtSxx71CvJN.uxJFDuMZOvVY5S', NULL, '85241a21-e383-4351-bcfa-1959d35bbf57', 'default'),
(207, 'LARBI BOUBIDI', 'LARBI.BOUBIDI@anam.dz', NULL, 'BOUBIDI', 'LARBI', 'CN=LARBI BOUBIDI,OU=ANTENNE DE BOUMERDES,OU=Antenne,OU=Users,OU=ANAM,DC=corp,DC=anam,DC=dz', 4, '$2y$10$iJ5zEwCCxcch502Dr2KiuepsWA7d7UNlZtdIzLDjTMpkM5VNFzkZK', NULL, 'b21998a9-7c6b-4dda-bd2c-e02e21fc48d8', 'default'),
(208, 'BRAHIM HOCINE', 'BRAHIM.HOCINE@anam.dz', NULL, 'HOCINE', 'BRAHIM', 'CN=BRAHIM HOCINE,OU=ANTENNE DE BOUMERDES,OU=Antenne,OU=Users,OU=ANAM,DC=corp,DC=anam,DC=dz', 4, '$2y$10$hM5MP8P7WNFAyVjSj2EV2ehtZpq0AetY6ximvfobEKJYf9LyDp482', NULL, '6d747cbb-1d06-4de9-bada-63a98093dead', 'default'),
(209, 'Mohamed HETTAL', 'Mohamed.HETTAL@anam.dz', NULL, 'HETTAL', 'Mohamed', 'CN=Mohamed HETTAL,OU=ANTENNE DE BOUMERDES,OU=Antenne,OU=Users,OU=ANAM,DC=corp,DC=anam,DC=dz', 4, '$2y$10$NPrr43cvts9R0nQelesLy.EtIOl1S1r0oZUGW.kTjC8RY.xmMA65e', NULL, '977a2165-a9a0-4300-8b2a-524819c195de', 'default'),
(210, 'Amina Boudhar', 'Amina.Boudhar@anam.dz', NULL, 'Boudhar', 'Amina', 'CN=Amina Boudhar,OU=ANTENNE DE BOUMERDES,OU=Antenne,OU=Users,OU=ANAM,DC=corp,DC=anam,DC=dz', 4, '$2y$10$LL8MzCnSsmd6.uZLK2hDpuuwAj3eCWjxJ8RTeNos7zENXRswVzCxi', NULL, '6bd40e1c-2e81-401e-b48f-b1cb9aef9752', 'default'),
(211, 'Nouri AISSAOUI', 'Nouri.AISSAOUI@anam.dz', NULL, 'AISSAOUI', 'Nouri', 'CN=Nouri AISSAOUI,OU=ANTENNE DE BORDJ BOU ARRERIDJ,OU=Antenne,OU=Users,OU=ANAM,DC=corp,DC=anam,DC=dz', 4, '$2y$10$rLjzfupQTQiOcUhLEHSGUuU4tHoZxnY1XG9N6WK/d4eTwSFKoC3ei', NULL, '07c6dadc-00d9-496a-9b9b-34bb5b5f54a4', 'default'),
(212, 'SALAH BENAHMED', 'SALAH.BENAHMED@anam.dz', NULL, 'BENAHMED', 'SALAH', 'CN=SALAH BENAHMED,OU=ANTENNE DE BORDJ BOU ARRERIDJ,OU=Antenne,OU=Users,OU=ANAM,DC=corp,DC=anam,DC=dz', 4, '$2y$10$3XdfdEDIRCrOiGHcm0Aws.8AUZKiuXQ0NxBiT3LFZQ4wgeLZGxWrm', NULL, '90477eb6-e604-45f7-87f1-b3a0cd55f72b', 'default'),
(213, 'ABDE ELHAMID BOULAHBEL', 'ABDEELHAMID.BOULAHBEL@anam.dz', NULL, 'BOULAHBEL', 'ABDE ELHAMID', 'CN=ABDE ELHAMID BOULAHBEL,OU=ANTENNE DE BORDJ BOU ARRERIDJ,OU=Antenne,OU=Users,OU=ANAM,DC=corp,DC=anam,DC=dz', 4, '$2y$10$DGTb6sdAZMt/sRjejcwdk.HOJMtnfDAZosNdtC7FW3EA9Q3YMFTke', NULL, '8ada9ad7-4ed0-453f-ac4a-34ec796c2764', 'default'),
(214, 'Fatiha BRAKNI', 'Fatiha.BRAKNI@anam.dz', NULL, 'BRAKNI', 'Fatiha', 'CN=Fatiha BRAKNI,OU=DIRECTION CONTRÔLE MINIER,OU=Siege,OU=Users,OU=ANAM,DC=corp,DC=anam,DC=dz', 4, '$2y$10$wXI77lZp4M4DfXZ.ZoE2nOogCwPFPchLw4cKPg2VDNliDEVBkzURW', NULL, 'eb98c94f-e05e-4eed-b07a-12efc34322c5', 'default'),
(215, 'Hocine LOUKAL', 'Hocine.LOUKAL@anam.dz', NULL, 'LOUKAL', 'Hocine', 'CN=Hocine LOUKAL,OU=ANTENNE DE BORDJ BOU ARRERIDJ,OU=Antenne,OU=Users,OU=ANAM,DC=corp,DC=anam,DC=dz', 4, '$2y$10$TvJ8hgFU3FYItRj.0sv7kuVb4E78iuaJcPaYgU2VLb.nbA.jsNWH6', NULL, '0744bfa4-08d4-4a04-b7fb-b0730a622a28', 'default'),
(216, 'YACINE SEHAB', 'YACINE.SEHAB@anam.dz', NULL, 'SEHAB', 'YACINE', 'CN=YACINE SEHAB,OU=ANTENNE DE BORDJ BOU ARRERIDJ,OU=Antenne,OU=Users,OU=ANAM,DC=corp,DC=anam,DC=dz', 4, '$2y$10$Y4ADFm9ScpcevEgpMK1zeuXjc.payqWDCLBlf6.891VeMHmeldbii', NULL, 'a2767142-3bcb-4c9a-b41a-170b978b75ec', 'default'),
(217, 'Mahmoud ALAOUI', 'Mahmoud.ALAOUI@anam.dz', NULL, 'Alaoui', 'Mahmoud', 'CN=Mahmoud ALAOUI,OU=ANTENNE DE BATNA,OU=Antenne,OU=Users,OU=ANAM,DC=corp,DC=anam,DC=dz', 4, '$2y$10$TFMcNOYUOBj2VXOAArSqP.xWiRidf6IDwzHhpCFC9wZK1lXnUHI3.', NULL, '6c45471f-e391-4f72-baaa-8db019b74ebc', 'default'),
(218, 'Hocine BOUALLAG', 'Hocine.BOUALLAG@anam.dz', NULL, 'BOUALLAG', 'Hocine', 'CN=Hocine BOUALLAG,OU=ANTENNE DE BATNA,OU=Antenne,OU=Users,OU=ANAM,DC=corp,DC=anam,DC=dz', 4, '$2y$10$WST/XKZjdGruAixJkf15O.tQfo7Yd6FeNxf7EjsSDd44J.dnW5aVS', NULL, '06963edb-5caa-462f-96af-2045cc5f8d3f', 'default'),
(219, 'MAHMOUD BOUKHALFA', 'MAHMOUD.BOUKHALFA@anam.dz', NULL, 'BOUKHALFA', 'MAHMOUD', 'CN=MAHMOUD BOUKHALFA,OU=ANTENNE DE BATNA,OU=Antenne,OU=Users,OU=ANAM,DC=corp,DC=anam,DC=dz', 4, '$2y$10$BY4XzcFwu6APn26gtl4vre.4hpNqgfIm.6oBSzMNqA6UqgEcpUA/q', NULL, 'b14556e7-2bea-441d-8621-af778dffd310', 'default'),
(220, 'RAMDANE BOUTORA', 'RAMDANE.BOUTORA@anam.dz', NULL, 'BOUTORA', 'RAMDANE', 'CN=RAMDANE BOUTORA,OU=ANTENNE DE BATNA,OU=Antenne,OU=Users,OU=ANAM,DC=corp,DC=anam,DC=dz', 4, '$2y$10$qvfMn5F4lsQU/NkGxQBCOuSM0R5b1IdBKXM3l0IpixrggS08pfW4u', NULL, '161b004f-3a9c-468a-94fe-3cda2c159f9d', 'default'),
(221, 'OKBA MAHMOUDI', 'OKBA.MAHMOUDI@anam.dz', NULL, 'MAHMOUDI', 'OKBA', 'CN=OKBA MAHMOUDI,OU=ANTENNE DE BATNA,OU=Antenne,OU=Users,OU=ANAM,DC=corp,DC=anam,DC=dz', 4, '$2y$10$Z.4rkgtndhdkQ5mYb2bpKeRlknb4gG4YhzvOB.Mdior/XG2B0XGNa', NULL, 'f97708cd-b5c1-4668-b5b2-449b3be8da1c', 'default'),
(222, 'Mohamed MEHANNECHE', 'Mohamed.MEHANNECHE@anam.dz', NULL, 'MEHANNECHE', 'Mohamed', 'CN=Mohamed MEHANNECHE,OU=ANTENNE DE BATNA,OU=Antenne,OU=Users,OU=ANAM,DC=corp,DC=anam,DC=dz', 4, '$2y$10$tADhSI6PwhMXeRUdWcLo/epGbGtVsCkyFqwS7WIq8krmmLAuVus5C', NULL, '77be1e22-eb2f-42a7-99f6-93db50b646bc', 'default'),
(223, 'Fatima Zohra BAHOUSSI', 'FatimaZohra.BAHOUSSI@anam.dz', NULL, 'BAHOUSSI', 'Fatima Zohra', 'CN=Fatima Zohra BAHOUSSI,OU=ANTENNE DE BECHAR,OU=Antenne,OU=Users,OU=ANAM,DC=corp,DC=anam,DC=dz', 4, '$2y$10$/hRKOSSvnfD1Cua39cJTgeAJPJZwlGBXb3/..J6fC36sWsnPBtQdu', NULL, 'f5a22a29-f818-4c83-8cf9-3409018015b4', 'default'),
(224, 'Mohamed Tewfiq DJOUDI', 'MohamedTewfiq.DJOUDI@anam.dz', NULL, 'DJOUDI', 'Mohamed Tewfiq', 'CN=Mohamed Tewfiq DJOUDI,OU=ANTENNE DE BECHAR,OU=Antenne,OU=Users,OU=ANAM,DC=corp,DC=anam,DC=dz', 4, '$2y$10$EE3qGBWeOtu28fTCWxk7mO2tWywuy0ZAItC.kvZm0qYgEEztOy8xS', NULL, '98cbe0f3-8bd6-405c-a506-7ce3a028c354', 'default'),
(225, 'Abderrezak CAMIO', 'Abderrezak.CAMIO@anam.dz', NULL, 'CAMIO', 'Abderrezak', 'CN=Abderrezak CAMIO,OU=ANTENNE DE BECHAR,OU=Antenne,OU=Users,OU=ANAM,DC=corp,DC=anam,DC=dz', 4, '$2y$10$g/bGVzDh1U7TexBP6mNLheCXU0MRywcLFcT/VI5XQqCnQ7IdoQgRi', NULL, 'c59b0e8c-6dff-4474-8f57-56119826a1c0', 'default'),
(226, 'BELHOUCHAT BELOUETTAR', 'BELHOUCHAT.BELOUETTAR@anam.dz', NULL, 'BELOUETTAR', 'BELHOUCHAT', 'CN=BELHOUCHAT BELOUETTAR,OU=ANTENNE DE BLIDA,OU=Antenne,OU=Users,OU=ANAM,DC=corp,DC=anam,DC=dz', 4, '$2y$10$OxzOcy6GBZDt8AYNwkeUHuJ18789sL1Ta1TRw6w17H4g2ItReBYsK', NULL, '51db3238-7d7a-4cd1-9372-33b45abde15e', 'default'),
(227, 'Mahdi LARBI ABDESSAMEUD', 'Mahdi.LARBIABDESSAMEUD@anam.dz', NULL, 'LARBI ABDESSAMEUD', 'Mahdi', 'CN=Mahdi LARBI ABDESSAMEUD,OU=ANTENNE DE BLIDA,OU=Antenne,OU=Users,OU=ANAM,DC=corp,DC=anam,DC=dz', 4, '$2y$10$zD4mB2/76SpG6tVIqln.XO0k2AF5KPV5EWHihcOStOX3yquKBnlCa', NULL, '072b1a47-8989-407f-8e36-f370710150cd', 'default'),
(228, 'Salah Eddine MOUNAOULI', 'SalahEddine.MOUNAOULI@anam.dz', NULL, 'MOUNAOULI', 'Salah Eddine', 'CN=Salah Eddine MOUNAOULI,OU=ANTENNE DE BLIDA,OU=Antenne,OU=Users,OU=ANAM,DC=corp,DC=anam,DC=dz', 4, '$2y$10$R5TrZKXRMaT8byxHf2EyLe6LLxWuTExBa/9AfG5MxOmqDd.5GNxTq', NULL, 'a67f2dd6-e0a7-452e-a9c7-50c28680e912', 'default'),
(229, 'ZOUBIR ZIADI', 'ZOUBIR.ZIADI@anam.dz', NULL, 'ZIADI', 'ZOUBIR', 'CN=ZOUBIR ZIADI,OU=ANTENNE DE BLIDA,OU=Antenne,OU=Users,OU=ANAM,DC=corp,DC=anam,DC=dz', 4, '$2y$10$xnT/1fzG6/i1UUvGaseWLu1eVsDcPV9YrXUqrPQsuYX5L7P9FMc/u', NULL, '786bc7ea-c9f7-4286-a9dc-f22749764e61', 'default'),
(230, 'Rahim AIT OUARET', 'Rahim.AITOUARET@anam.dz', NULL, 'AIT OUARET', 'Rahim', 'CN=Rahim AIT OUARET,OU=ANTENNE DE TIARET,OU=Antenne,OU=Users,OU=ANAM,DC=corp,DC=anam,DC=dz', 4, '$2y$10$Nr.6D4HqJDGznlB20/WWlOJBFWKXNkUUqfhPpUpT/8x6P0nFacteO', NULL, '4c72d7cb-6018-4dc4-9ad2-61a98657b445', 'default'),
(231, 'Mohamed KELKOUL', 'Mohamed.KELKOUL@anam.dz', NULL, 'KELKOUL', 'Mohamed', 'CN=Mohamed KELKOUL,OU=ANTENNE DE TIARET,OU=Antenne,OU=Users,OU=ANAM,DC=corp,DC=anam,DC=dz', 4, '$2y$10$G1g2lzA8TNXgeSyKT1/EqORpJ6Ma2rtReVytLVIPJAvxQehThCk.e', NULL, '61f645d5-88fb-4e06-a946-197ddf543e2f', 'default'),
(232, 'ABDELKADER NEGGAH', 'ABDELKADER.NEGGAH@anam.dz', NULL, 'NEGGAH', 'ABDELKADER', 'CN=ABDELKADER NEGGAH,OU=ANTENNE DE TLEMCEN,OU=Antenne,OU=Users,OU=ANAM,DC=corp,DC=anam,DC=dz', 4, '$2y$10$QeC/m8SK1KoKqsIbvjDtpudu6KqX4dt1N54V.zjYDVU9VO6OoEeAy', NULL, '4527933c-c9f9-4940-be62-31954a4cfd4a', 'default'),
(233, 'Abderrahim BOUTERFAS', 'Abderrahim.BOUTERFAS@anam.dz', NULL, 'BOUTERFAS', 'Abderrahim', 'CN=Abderrahim BOUTERFAS,OU=ANTENNE DE TLEMCEN,OU=Antenne,OU=Users,OU=ANAM,DC=corp,DC=anam,DC=dz', 4, '$2y$10$5.3ZHcuKZDxJpGfUCqACiuxW3rzA5fzbI3Ahk85ISAlPPxbfwEnDW', NULL, 'a9529e84-398b-4a78-8d1f-0d42566d60a4', 'default'),
(234, 'BOUDJEMAA SAADI', 'BOUDJEMAA.SAADI@anam.dz', NULL, 'SAADI', 'BOUDJEMAA', 'CN=BOUDJEMAA SAADI,OU=ANTENNE DE TEBESSA,OU=Antenne,OU=Users,OU=ANAM,DC=corp,DC=anam,DC=dz', 4, '$2y$10$zFI.Ahry9CVIZDOu6VAdve/zowwMQUGLsmJ.TzGc8MAL7SEhUSOEq', NULL, '74ad8ccc-685e-4d78-8386-ed75bfadad48', 'default'),
(235, 'Noureddine CHOUAR', 'Noureddine.CHOUAR@anam.dz', NULL, 'CHOUAR', 'Noureddine', 'CN=Noureddine CHOUAR,OU=ANTENNE DE TAMANRASSET,OU=Antenne,OU=Users,OU=ANAM,DC=corp,DC=anam,DC=dz', 4, '$2y$10$JchxZYUuztutxdPs9StKMu1oXiy5Vmdd7BjYMw9zIYrEdwuS4MUwC', NULL, '9667cca6-481d-48dc-b26b-ea9b0b0c2648', 'default'),
(236, 'ALLA EDDINE BAIRA', 'ALLAEDDINE.BAIRA@anam.dz', NULL, 'BAIRA', 'ALLA EDDINE', 'CN=ALLA EDDINE BAIRA,OU=ANTENNE DE SAIDA,OU=Antenne,OU=Users,OU=ANAM,DC=corp,DC=anam,DC=dz', 4, '$2y$10$418/YhdujdUDd3ygvyugG.VZnsq/AfATaeSQZ7WGvMnZ/CSoz/Kke', NULL, '558d076e-3111-4770-9969-e1877a2057cc', 'default'),
(237, 'Karim HOUCHAT', 'Karim.HOUCHAT@anam.dz', NULL, 'HOUCHAT', 'Karim', 'CN=Karim HOUCHAT,OU=ANTENNE DE SAIDA,OU=Antenne,OU=Users,OU=ANAM,DC=corp,DC=anam,DC=dz', 4, '$2y$10$rHeSZNDMucFsHe6Vk2GWbujR8hTTKFy.Q7ki/LM3U2cjfBg52DQTC', NULL, '813d3cea-2d06-4062-b231-f54fd6d16f3d', 'default'),
(238, 'Mawloud LABIOD', 'Mawloud.LABIOD@anam.dz', NULL, 'LABIOD', 'Mawloud', 'CN=Mawloud LABIOD,OU=ANTENNE DE SAIDA,OU=Antenne,OU=Users,OU=ANAM,DC=corp,DC=anam,DC=dz', 4, '$2y$10$2311icVVObaxc.zSYj1CveLv6BJsP0WunszbsUdFloZDzS1sUT91O', NULL, 'e451a5b6-bff8-4133-950f-8acd0bcac097', 'default'),
(239, 'TEWFIK ZAHI', 'TEWFIK.ZAHI@anam.dz', NULL, 'ZAHI', 'TEWFIK', 'CN=TEWFIK ZAHI,OU=ANTENNE DE SAIDA,OU=Antenne,OU=Users,OU=ANAM,DC=corp,DC=anam,DC=dz', 4, '$2y$10$.Svo4rHz/SbAORkrMOrjZuw5n9fRZYTNvKsaUGipsJ/.CEfgOraCW', NULL, '09fb078f-e06b-4f19-a39a-429c6c2ad046', 'default'),
(240, 'Adli BOUAIFI', 'Adli.BOUAIFI@anam.dz', NULL, 'BOUAIFI', 'Adli', 'CN=Adli BOUAIFI,OU=ANTENNE DE MILA,OU=Antenne,OU=Users,OU=ANAM,DC=corp,DC=anam,DC=dz', 4, '$2y$10$hqQoqUqcy2Vis8QkYKiJhe1q.Ra6hYPvJPgbRUt9xJcvp5kLViYXW', NULL, 'd075a494-924e-4af6-99f0-31d0a0cad9de', 'default'),
(241, 'Ahmed DERRADJ', 'Ahmed.DERRADJ@anam.dz', NULL, 'DERRADJ', 'Ahmed', 'CN=Ahmed DERRADJ,OU=ANTENNE DE MILA,OU=Antenne,OU=Users,OU=ANAM,DC=corp,DC=anam,DC=dz', 4, '$2y$10$tO.YXzcxaEMoXZdD8WVCMO27JLKDmiGXkhU36SKHZ.HJhCueXlVtq', NULL, '6628aab9-9816-462e-bf21-6e97d6df2f0f', 'default'),
(242, 'Saida MERABTI', 'Saida.MERABTI@anam.dz', NULL, 'MERABTI', 'Saida', 'CN=Saida MERABTI,OU=ANTENNE DE MILA,OU=Antenne,OU=Users,OU=ANAM,DC=corp,DC=anam,DC=dz', 4, '$2y$10$iO1emgdte71YbtgveqQl2ubYTwJQ7ev1eogqY80XQroh9/CP0tnK2', NULL, '11c34541-1e25-4a76-ba4b-42ceb7efe9f7', 'default'),
(243, 'MOHAMED ZAIMEN', 'MOHAMED.ZAIMEN@anam.dz', NULL, 'ZAIMEN', 'MOHAMED', 'CN=MOHAMED ZAIMEN,OU=ANTENNE DE DJELFA,OU=Antenne,OU=Users,OU=ANAM,DC=corp,DC=anam,DC=dz', 4, '$2y$10$Xv0yZxH1YCBpjKhT2tQTWOlWW3tGwNwKUtp9oBHTBOmCixu0RHuPu', NULL, '56ab4563-0ee6-49a6-aa20-cebb7eabebe5', 'default'),
(244, 'Faouzi MAHOUI', 'Faouzi.MAHOUI@anam.dz', NULL, 'MAHOUI', 'Faouzi', 'CN=Faouzi MAHOUI,OU=ANTENNE DE DJELFA,OU=Antenne,OU=Users,OU=ANAM,DC=corp,DC=anam,DC=dz', 4, '$2y$10$g7rhfSk6qn/Gd2SvgVvnYe8QSpc7kupaQ6svjhZmGLnZFqPdEsZLK', NULL, '8c461fe5-2e0e-4290-92ee-de64f7ccb0c3', 'default'),
(245, 'Larbi AYAD', 'Larbi.AYAD@anam.dz', NULL, 'AYAD', 'Larbi', 'CN=Larbi AYAD,OU=ANTENNE DE DJELFA,OU=Antenne,OU=Users,OU=ANAM,DC=corp,DC=anam,DC=dz', 4, '$2y$10$QrSdYOwJ8dorjPyJpAJkqORyCEtAaftxqrg4ztJ4bCtaJ8TBlmTeq', NULL, '6dee1314-3ac1-4948-9bab-02c1e492611c', 'default'),
(246, 'Ahmed  LOGHASSI', 'Ahmed.LOGHASSI@anam.dz', NULL, 'LOGHASSI', 'Ahmed ', 'CN=Ahmed  LOGHASSI,OU=ANTENNE DE DJANET,OU=Antenne,OU=Users,OU=ANAM,DC=corp,DC=anam,DC=dz', 4, '$2y$10$3kU3vGxbMIOMFFyZ2tE4/OjJuPH8Xh4UiUZjOH59ULGwOc1R.lZN6', NULL, '61281e2f-b4f9-4fa0-bfb8-899d24ef6bd8', 'default'),
(247, 'Naim AZZOUG', 'Naim.AZZOUG@anam.dz', NULL, 'AZZOUG', 'Naim', 'CN=Naim AZZOUG,OU=ANTENNE DE DJANET,OU=Antenne,OU=Users,OU=ANAM,DC=corp,DC=anam,DC=dz', 4, '$2y$10$EcOel0D.IokKqDUjFx73puFyIn5ZoZ6BIXIPgIdJzV9VYyuGqRAOa', NULL, '592b9cd5-1362-4f8f-b08a-79f6c4fa2f2e', 'default'),
(248, 'Moussa CHALIALI', 'Moussa.CHALIALI@anam.dz', NULL, 'CHALIALI', 'Moussa', 'CN=Moussa CHALIALI,OU=ANTENNE DE DJANET,OU=Antenne,OU=Users,OU=ANAM,DC=corp,DC=anam,DC=dz', 4, '$2y$10$oe8wabNsERQvU7dvfLsBweq.24dodPUSodma/PbManWDjG70Evt7S', NULL, 'd71e1f60-da4d-49af-9a54-0e692cb79186', 'default'),
(249, 'MEBROUK HAMID', 'MEBROUK.HAMID@anam.dz', NULL, 'HAMID', 'MEBROUK', 'CN=MEBROUK HAMID,OU=ANTENNE DE DJANET,OU=Antenne,OU=Users,OU=ANAM,DC=corp,DC=anam,DC=dz', 4, '$2y$10$4UNke9hSyueulQf//47R2eBNuwuHbwlO11Ckow4RDLb.IXOsEw4GC', NULL, 'af5cf81c-9b80-4ed0-9fcb-d7e8416d1945', 'default'),
(250, 'Halima OMRANI', 'Halima.OMRANI@anam.dz', NULL, 'OMRANI', 'Halima', 'CN=Halima OMRANI,OU=ANTENNE DE DJANET,OU=Antenne,OU=Users,OU=ANAM,DC=corp,DC=anam,DC=dz', 4, '$2y$10$Eh3MBmlTEQ8SksbMqqmFv.ZaT8nM5J5djljiaTQUGj4BJx1tV3CJC', NULL, '1ac9684c-48ae-458e-b5c9-48ac3e4b978b', 'default'),
(251, 'AISSA BOUAZZA', 'AISSA.BOUAZZA@anam.dz', NULL, 'BOUAZZA', 'AISSA', 'CN=AISSA BOUAZZA,OU=ANTENNE DE CHLEF,OU=Antenne,OU=Users,OU=ANAM,DC=corp,DC=anam,DC=dz', 4, '$2y$10$toQzeGe52K3eELTWfef6Ze0U4gA1Sp.t7bIOKROg2.pNYPkf35E6W', NULL, '7c4a7636-e628-4ff1-8201-c4b193b9e1ad', 'default'),
(252, 'Naziha BOULABAIZ', 'Naziha.BOULABAIZ@anam.dz', NULL, 'BOULABAIZ', 'Naziha', 'CN=Naziha BOULABAIZ,OU=ANTENNE DE CHLEF,OU=Antenne,OU=Users,OU=ANAM,DC=corp,DC=anam,DC=dz', 4, '$2y$10$mHQeyR1AztX4/Lchm1FUweaEB9CHQKWSgye6pwlhDPLHkVBrI/qhq', NULL, '697c80dd-4761-4bd5-83d8-2612d16de7a4', 'default'),
(253, 'AREZKI ZAIDI', 'AREZKI.ZAIDI@anam.dz', NULL, 'ZAIDI', 'AREZKI', 'CN=AREZKI ZAIDI,OU=ANTENNE DE CHLEF,OU=Antenne,OU=Users,OU=ANAM,DC=corp,DC=anam,DC=dz', 4, '$2y$10$rB9xpIcG7IB13ZSHwoVvPePTutkBAAE4lFGfksY8MHh9ivbJWgLrC', NULL, 'c86aaea6-f840-4791-9f60-eb43d51b1535', 'default'),
(254, 'Abdelhafid KHELIFI', 'Abdelhafid.KHELIFI@anam.dz', NULL, 'KHELIFI', 'Abdelhafid', 'CN=Abdelhafid KHELIFI,OU=ANTENNE DE CONSTANTINE,OU=Antenne,OU=Users,OU=ANAM,DC=corp,DC=anam,DC=dz', 4, '$2y$10$pDThMUnomTglqcERj5rgWOeiacaMeN0limzsJAWJa.RSYPK/qH0KW', NULL, '08eaf9e9-b258-4e2b-bfb4-28d673cf0247', 'default'),
(255, 'Mourad ZOUCHOUNE', 'Mourad.ZOUCHOUNE@anam.dz', NULL, 'ZOUCHOUNE', 'Mourad', 'CN=Mourad ZOUCHOUNE,OU=ANTENNE DE CONSTANTINE,OU=Antenne,OU=Users,OU=ANAM,DC=corp,DC=anam,DC=dz', 4, '$2y$10$WnWjeZ8Y7rueKfvEAqr.x.tHsX5e5AHAIZ76iLWlirOQSnaiLBX0W', NULL, '29bb629b-579e-49bc-b183-b8dc894475ca', 'default'),
(256, 'ABDELHAFID MENACER', 'ABDELHAFID.MENACER@anam.dz', NULL, 'MENACER', 'ABDELHAFID', 'CN=ABDELHAFID MENACER,OU=ANTENNE DE BOUMERDES,OU=Antenne,OU=Users,OU=ANAM,DC=corp,DC=anam,DC=dz', 4, '$2y$10$6t039EW/ZM0SNoY1tnVPBuoqp1t5bkFkWI3uDCL7N7sWiN6CvoQwK', NULL, 'c4967e2d-703b-46cb-8e13-f9e70b82dbd1', 'default'),
(257, 'Mohamed  abdellah MOUSSAI', 'Mohamedabdellah.MOUSSAI@anam.dz', NULL, 'MOUSSAI', 'Mohamed  abdellah', 'CN=Mohamed  abdellah MOUSSAI,OU=ANTENNE DE BOUMERDES,OU=Antenne,OU=Users,OU=ANAM,DC=corp,DC=anam,DC=dz', 4, '$2y$10$qQOqN70B6yierY9bqiwSEO5GsVc7NHXm6PvpVbZuP3NLDeZbl6Fmi', NULL, 'd2990847-8f32-41e5-b7e7-f004ae4e2906', 'default'),
(258, 'ABDELHAK BABOURI', 'ABDELHAK.BABOURI@anam.dz', NULL, 'BABOURI', 'ABDELHAK', 'CN=ABDELHAK BABOURI,OU=ANTENNE DE BECHAR,OU=Antenne,OU=Users,OU=ANAM,DC=corp,DC=anam,DC=dz', 4, '$2y$10$zQ5RdmThtzNfrm6CEkeIYOkCi53ZL9fnnOq7YI810HRjRc87s6js.', NULL, '9afbfefa-de14-4c3b-85e5-51d33582d593', 'default'),
(259, 'ABDALLAH SALHI', 'ABDALLAH.SALHI@anam.dz', NULL, 'SALHI', 'ABDALLAH', 'CN=ABDALLAH SALHI,OU=ANTENNE DE BECHAR,OU=Antenne,OU=Users,OU=ANAM,DC=corp,DC=anam,DC=dz', 4, '$2y$10$h23zQwmC8FL2s06FXUotWOkUQwxifK7q.JKftqTbjxlbhSMNKoetu', NULL, 'a66d018f-26e3-455a-9670-0ac226b58a3b', 'default'),
(260, 'Adel LALOU', 'Adel.LALOU@anam.dz', NULL, 'LALOU', 'Adel', 'CN=Adel LALOU,OU=ANTENNE DE BECHAR,OU=Antenne,OU=Users,OU=ANAM,DC=corp,DC=anam,DC=dz', 4, '$2y$10$dpp49HaBaFJD0I0eLcLDHuzeRjNwO7HOciJIGjdOpsSEo5x/sZ/Xu', NULL, 'a94351b5-13fd-4afb-8cd1-cdf1304cc176', 'default'),
(261, 'Ghalia BELKACEM KAHLOULI', 'Ghalia.BELKACEMKAHLOULI@anam.dz', NULL, 'BELKACEM KAHLOULI', 'Ghalia', 'CN=Ghalia BELKACEM KAHLOULI,OU=ANTENNE DE BLIDA,OU=Antenne,OU=Users,OU=ANAM,DC=corp,DC=anam,DC=dz', 4, '$2y$10$bqCMBfzETVv26VjIqPItteSQCc.79Lffg/VsEjd7nVdwZ1b0FdLYS', NULL, '1b8c373d-db01-40e9-a274-d7dcca41ddde', 'default'),
(262, 'Hanane BELLIR', 'Hanane.BELLIR@anam.dz', NULL, 'BELLIR', 'Hanane', 'CN=Hanane BELLIR,OU=ANTENNE DE BLIDA,OU=Antenne,OU=Users,OU=ANAM,DC=corp,DC=anam,DC=dz', 4, '$2y$10$0Wf4MPbuJ13jx2IygkRZj.hDc2yFUdCV4k7kryOdhBA8lcvrmUrHm', NULL, '5dc4df02-d59d-4e85-895c-d3424ca3fba5', 'default'),
(263, 'ABDELHAKIM DAOUDI', 'ABDELHAKIM.DAOUDI@anam.dz', NULL, 'DAOUDI', 'ABDELHAKIM', 'CN=ABDELHAKIM DAOUDI,OU=ANTENNE DE BLIDA,OU=Antenne,OU=Users,OU=ANAM,DC=corp,DC=anam,DC=dz', 4, '$2y$10$969t/GiSRe7YRVF5n4BcierffadBKEw5gOCugTqiptZP0l4Eo8tbK', NULL, '263fc868-9890-464d-aef3-03615acfbdc4', 'default'),
(264, 'Abdelghani LEBIED', 'Abdelghani.LEBIED@anam.dz', NULL, 'LEBIED', 'Abdelghani', 'CN=Abdelghani LEBIED,OU=ANTENNE DE BLIDA,OU=Antenne,OU=Users,OU=ANAM,DC=corp,DC=anam,DC=dz', 4, '$2y$10$gVAMKAgE24OPR67Xe/O.eec7WilxdiweRuy1YIPNwtbG7vuxQDxiK', NULL, '20217a16-f85a-4a0c-bc5a-076acdff2fc8', 'default'),
(265, 'Hamza BARKAT', 'Hamza.BARKAT@anam.dz', NULL, 'BARKAT', 'Hamza', 'CN=Hamza BARKAT,OU=BUREAU REGIONALE DE TINDOUF,OU=Antenne,OU=Users,OU=ANAM,DC=corp,DC=anam,DC=dz', 4, '$2y$10$QDQNGLr2KJzqoqfEMfIxQejMkGkXKxyuZastIAvGG9UGxLZGQ0V0G', NULL, 'faed0ca1-81bb-4420-903f-0a50b7657187', 'default'),
(266, 'AYOUB FINANI', 'AYOUB.FINANI@anam.dz', NULL, 'FINANI', 'AYOUB', 'CN=AYOUB FINANI,OU=BUREAU REGIONALE DE TINDOUF,OU=Antenne,OU=Users,OU=ANAM,DC=corp,DC=anam,DC=dz', 4, '$2y$10$2EUhNHxMTBZ3p73HJ1lhruKiBE.R8kxFJz7rQ9gqp9nFpD69bA2hO', NULL, 'cc16a879-b879-4234-8ecc-a52cec052186', 'default'),
(267, 'YOUSSOUF  MOHAMMEDI', 'YOUSSOUF.MOHAMMEDI@anam.dz', NULL, 'MOHAMMEDI', 'YOUSSOUF ', 'CN=YOUSSOUF  MOHAMMEDI,OU=BUREAU REGIONALE DE TINDOUF,OU=Antenne,OU=Users,OU=ANAM,DC=corp,DC=anam,DC=dz', 4, '$2y$10$Lo5BTAGxCVg8.5EhMqfacu0yx5mEL.Ak3iFC5OGWHDZVsVJGmzk/S', NULL, '47adebaa-9e6f-41af-bc70-9e8082755954', 'default'),
(268, 'RACHID SEBIH', 'RACHID.SEBIH@anam.dz', NULL, 'SEBIH', 'RACHID', 'CN=RACHID SEBIH,OU=BUREAU REGIONALE DE TINDOUF,OU=Antenne,OU=Users,OU=ANAM,DC=corp,DC=anam,DC=dz', 4, '$2y$10$1nYC4zwek1rhg9x.rQFTz.btkEwAyw0QiFktmaiFh.1bOk5wSYgyy', NULL, 'f28290ae-1f9c-4f8c-b665-7fd723071f16', 'default'),
(269, 'YASMINE  ICHALAL', 'YASMINE.ICHALAL@anam.dz', NULL, 'ICHALAL', 'YASMINE ', 'CN=YASMINE  ICHALAL,OU=BUREAU REGIONALE DE TINDOUF,OU=Antenne,OU=Users,OU=ANAM,DC=corp,DC=anam,DC=dz', 4, '$2y$10$pspP7nr5kODYKMvnrVeyhuMH4vSXotVoKe9zWwCwx38qFo9via0w2', NULL, '45d0ce4a-47e2-4049-bd33-3672c95a7cd9', 'default'),
(270, 'Azzem Bouzid MOUEDDA', 'AzzemBouzid.MOUEDDA@anam.dz', NULL, 'MOUEDDA', 'Azzem Bouzid', 'CN=Azzem Bouzid MOUEDDA,OU=ANTENNE DE BATNA,OU=Antenne,OU=Users,OU=ANAM,DC=corp,DC=anam,DC=dz', 4, '$2y$10$8GrbpLyfJb1Oh8TGom49WeZzBYFBBDLL1m4t//eZZBPMhHotsXLbK', NULL, 'f26dbf90-8878-42c4-a8a1-fa1d5768a8c5', 'default'),
(271, 'Driss MEBARKAOUI', 'Driss.MEBARKAOUI@anam.dz', NULL, 'MEBARKAOUI', 'Driss', 'CN=Driss MEBARKAOUI,OU=ANTENNE DE DJANET,OU=Antenne,OU=Users,OU=ANAM,DC=corp,DC=anam,DC=dz', 4, '$2y$10$bvzrnA5iZ199LOYLuF/UjOV5VjDWsUbpRbEooh7ugbD37zasxRHmK', NULL, '11882a10-7b3f-4505-b4c7-40a6b05d19ae', 'default'),
(272, 'TEST antenne', NULL, NULL, 'antenne', 'TEST', 'CN=TEST antenne,OU=ANTENNE DE BLIDA,OU=Antenne,OU=Users,OU=ANAM,DC=corp,DC=anam,DC=dz', 6, '$2y$10$TwwvYnngqt8KUbZdmkdabeT29EHX/kiUsRmI1GM56kEttQ8xQht0W', NULL, '699f10b5-489d-4bf4-bab8-e6d92891dc09', 'default'),
(273, 'test batna', NULL, NULL, 'batna', 'test', 'CN=test batna,OU=ANTENNE DE BATNA,OU=Antenne,OU=Users,OU=ANAM,DC=corp,DC=anam,DC=dz', 6, '$2y$10$2ITudavySRPxpO2hPHRQ9uXCR.d4x.ycruTjL/QtmgfPbIXVPRPhe', NULL, '549481c2-5b71-4d11-942b-2cd7247e6d22', 'default'),
(274, 'mohamed oumouchi', 'Mohamed.Oumouchi@anam.dz', NULL, 'Oumouchi', 'Mohamed', 'CN=mohamed oumouchi,OU=Sécurité,OU=Siege,OU=Users,OU=ANAM,DC=corp,DC=anam,DC=dz', 4, '$2y$10$nkRHs1E4eO8g6799OIa7QeSpb7cjIKPJnu9QEaKLXXN9DCfeQg3BO', NULL, 'cba68679-f288-48f0-9558-12ca981568ba', 'default'),
(275, 'Lyna Hadj Ameur', NULL, NULL, 'Hadj Ameur', 'Lyna', 'CN=Lyna Hadj Ameur,OU=Stagiaires,OU=Siege,OU=Users,OU=ANAM,DC=corp,DC=anam,DC=dz', 4, '$2y$10$N2MuINU8fweRObA0D71XqupULANmiJ1bEBHCqO/Gs9vuvTWtKnFzq', NULL, 'f35716d0-a2b3-4501-8de9-f43ff792a0f1', 'default'),
(276, 'Mourad HANIFI', 'Mourad.HANIFI@anam.dz', '1555', 'HANIFI', 'Mourad', 'CN=Mourad HANIFI,OU=COMITE DE DIRECTION,OU=Siege,OU=Users,OU=ANAM,DC=corp,DC=anam,DC=dz', 4, '$2y$10$ovmHa0bdDK5PfooGDw.aC.EWH0xF3n/ehdU6aQj9lV0fbJyTq7hnS', NULL, '46353351-0957-4898-9f43-5f3bd9c3a03f', 'default');

-- --------------------------------------------------------

--
-- Table structure for table `user_groups`
--

CREATE TABLE `user_groups` (
  `id` bigint(20) UNSIGNED NOT NULL,
  `a_user` bigint(20) UNSIGNED NOT NULL,
  `a_group` bigint(20) UNSIGNED NOT NULL
) ENGINE=InnoDB DEFAULT CHARSET=utf8mb4 COLLATE=utf8mb4_unicode_ci;

--
-- Dumping data for table `user_groups`
--

INSERT INTO `user_groups` (`id`, `a_user`, `a_group`) VALUES
(1, 119, 14),
(2, 118, 14),
(3, 117, 14),
(4, 116, 14),
(5, 120, 14),
(6, 127, 15),
(7, 126, 15),
(8, 128, 15),
(9, 81, 16),
(10, 79, 16),
(11, 78, 16),
(12, 96, 16),
(13, 94, 16),
(14, 93, 16),
(15, 92, 16),
(16, 91, 16),
(17, 90, 16),
(18, 89, 16),
(19, 80, 16),
(20, 88, 16),
(21, 87, 16),
(22, 86, 16),
(23, 85, 16),
(24, 84, 16),
(25, 83, 16),
(26, 82, 16),
(27, 115, 17),
(28, 114, 17),
(29, 113, 17),
(30, 112, 17),
(31, 111, 17),
(32, 110, 17),
(33, 109, 17),
(34, 108, 17),
(35, 107, 17),
(36, 106, 17),
(37, 23, 18),
(38, 22, 18),
(39, 21, 18),
(40, 20, 18),
(41, 35, 19),
(42, 33, 19),
(43, 32, 19),
(44, 31, 19),
(45, 30, 19),
(46, 29, 19),
(47, 28, 19),
(48, 27, 19),
(49, 26, 19),
(50, 25, 19),
(51, 23, 19),
(52, 24, 19),
(53, 55, 20),
(54, 54, 20),
(55, 53, 20),
(56, 52, 20),
(57, 51, 20),
(58, 50, 20),
(59, 49, 20),
(60, 48, 20),
(61, 62, 21),
(62, 77, 21),
(63, 76, 21),
(64, 75, 21),
(65, 73, 21),
(66, 72, 21),
(67, 71, 21),
(68, 70, 21),
(69, 69, 21),
(70, 68, 21),
(71, 67, 21),
(72, 66, 21),
(73, 65, 21),
(74, 64, 21),
(75, 63, 21),
(76, 61, 21),
(77, 116, 22),
(78, 98, 22),
(79, 97, 22),
(80, 105, 22),
(81, 104, 22),
(82, 103, 22),
(83, 102, 22),
(84, 101, 22),
(85, 100, 22),
(86, 99, 22),
(87, 126, 23),
(88, 60, 23),
(89, 59, 23),
(90, 58, 23),
(91, 57, 23),
(92, 56, 23),
(93, 16, 24),
(94, 17, 24),
(95, 18, 24),
(96, 19, 24),
(97, 38, 19),
(98, 45, 25),
(99, 43, 25),
(100, 41, 25),
(101, 42, 25),
(102, 47, 25),
(103, 46, 25),
(104, 44, 25);

-- --------------------------------------------------------

--
-- Table structure for table `visitors`
--

CREATE TABLE `visitors` (
  `id` bigint(20) UNSIGNED NOT NULL,
  `firstname` varchar(255) COLLATE utf8mb4_unicode_ci NOT NULL,
  `lastname` varchar(255) COLLATE utf8mb4_unicode_ci NOT NULL,
  `position` bigint(20) UNSIGNED DEFAULT NULL,
  `attachment` bigint(20) UNSIGNED DEFAULT NULL,
  `cin` varchar(255) COLLATE utf8mb4_unicode_ci NOT NULL,
  `id_type` bigint(20) UNSIGNED NOT NULL,
  `is_deleted` tinyint(1) NOT NULL DEFAULT 0,
  `created_at` timestamp NULL DEFAULT NULL,
  `updated_at` timestamp NULL DEFAULT NULL
) ENGINE=InnoDB DEFAULT CHARSET=utf8mb4 COLLATE=utf8mb4_unicode_ci;

--
-- Dumping data for table `visitors`
--

INSERT INTO `visitors` (`id`, `firstname`, `lastname`, `position`, `attachment`, `cin`, `id_type`, `is_deleted`, `created_at`, `updated_at`) VALUES
(2, 'fatrouk', 'Mohamed', 1, NULL, '118007012', 1, 0, '2022-11-03 07:26:47', '2022-11-03 07:26:47'),
(3, 'qsdsqd', 'sqdqsd', 1, NULL, '324234dqsdqsdqsd', 1, 1, '2022-11-03 07:46:49', '2022-11-03 07:46:49'),
(4, 'mezouh', 'chabane', 1, NULL, '1180070121254778', 1, 0, '2022-11-03 08:00:55', '2022-11-03 08:00:55'),
(5, 'BOUCHAIB', 'SOFIANE _al_AMINE', 1, NULL, '751716', 1, 0, '2022-11-03 08:51:48', '2022-11-03 08:51:48'),
(6, 'NADJOUI', 'Mustapha', 1, NULL, 'HD/2013/2263', 2, 0, '2022-11-03 10:52:13', '2022-11-03 10:52:13'),
(7, 'TABTI', 'Mohamed Bachir', 1, NULL, '100780777', 1, 0, '2022-11-03 11:22:34', '2022-11-03 11:22:34'),
(8, 'mezouh', 'chabane', 1, NULL, 'A02431570', 1, 0, '2022-11-03 12:22:03', '2022-11-03 12:22:03'),
(9, 'ABDOU', 'TOUFIK', 1, NULL, '201781226', 1, 0, '2022-11-06 06:28:21', '2022-11-06 06:28:21'),
(10, 'HAMED', 'ADNAN', 1, NULL, '109007505', 1, 0, '2022-11-06 06:30:45', '2022-11-06 06:30:45'),
(11, 'ALIYAHIA', 'SORAIA', 1, NULL, '1505', 1, 0, '2022-11-06 07:07:04', '2022-11-06 07:07:04'),
(12, 'MORSLI', 'BILEL', 1, NULL, '111937757', 1, 0, '2022-11-06 07:18:42', '2022-11-06 07:18:42'),
(13, 'BENHARZELLAH', 'LAZHAR', 3, NULL, '103243387', 1, 0, '2022-11-06 07:38:44', '2022-11-06 07:38:44'),
(14, 'BENEDDINE', 'TAYEB AMINE', 1, NULL, '22/2214/0000334/21', 2, 0, '2022-11-06 08:26:11', '2022-11-06 08:26:11'),
(15, 'IBADIOUNE', 'YAKOUB', 1, NULL, '1907/03958/21', 2, 0, '2022-11-06 08:36:41', '2022-11-06 08:36:41'),
(16, 'BOUNOUA', 'SELSABIL', 3, NULL, '118760154', 1, 0, '2022-11-06 08:50:22', '2022-11-06 08:50:22'),
(17, 'GHERIEB', 'ADEL', 3, NULL, '121049442', 1, 0, '2022-11-06 08:54:03', '2022-11-06 08:54:03'),
(18, 'LADJOUZI', 'WAHIBA', 2, NULL, 'HSD/2017/1539', 2, 0, '2022-11-06 08:59:04', '2022-11-06 08:59:04'),
(19, 'TELDJA', 'BOUALEM', 1, NULL, '400100799', 1, 0, '2022-11-06 09:15:09', '2022-11-06 09:15:09'),
(20, 'ARROUS', 'KHEIREDINE', 1, NULL, '118858110', 1, 0, '2022-11-06 09:27:52', '2022-11-06 09:27:52'),
(21, 'MECHEBBEK', 'FATMA', 1, NULL, '108730152', 1, 0, '2022-11-06 09:29:25', '2022-11-06 09:29:25'),
(22, 'ZAITOUT', 'ABDELKADER', 1, NULL, '0709/00002433', 2, 0, '2022-11-06 11:50:19', '2022-11-06 11:50:19'),
(23, 'BELAMRI', 'YAKOUTA', 1, NULL, '111886666', 1, 0, '2022-11-06 12:34:04', '2022-11-06 12:34:04'),
(24, 'BOUZID', 'KARIM', 1, NULL, '12/2138/0202/2018', 2, 0, '2022-11-07 06:14:20', '2022-11-07 06:14:20'),
(25, 'BENAISA', 'BAGDADI', 2, NULL, '2297237', 2, 0, '2022-11-07 06:19:08', '2022-11-07 06:19:08'),
(26, 'BELKESSA', 'KAMEL', 2, NULL, '400313199', 1, 0, '2022-11-07 06:20:51', '2022-11-07 06:20:51'),
(27, 'OUALI', 'AYOUB', 1, NULL, '100926757', 1, 0, '2022-11-07 06:23:26', '2022-11-07 06:23:26'),
(28, 'REBBADJ', 'ZOHAIR', 1, NULL, '09/19', 2, 0, '2022-11-07 06:27:16', '2022-11-07 06:27:16'),
(29, 'OUADA', 'MOHAMMED', 1, NULL, '205338934', 1, 0, '2022-11-07 06:32:42', '2022-11-07 06:32:42'),
(30, 'HADJI', 'NADJI', 1, NULL, '1820', 2, 0, '2022-11-07 06:34:53', '2022-11-07 06:34:53'),
(31, 'AMMOUR', 'KAMEL', 1, NULL, 'A02570819', 2, 0, '2022-11-07 06:49:15', '2022-11-07 06:49:15'),
(32, 'AIT OUFELLA', 'ABDEREZAK', 2, NULL, 'ROB/2015/R/18077', 2, 0, '2022-11-07 07:05:49', '2022-11-07 07:05:49'),
(33, 'Yahia', 'Salah', 1, NULL, '101213892', 1, 0, '2022-11-07 07:24:59', '2022-11-07 07:24:59'),
(34, 'HAMROUNI', 'AZZEDINE', 1, NULL, '101462929', 1, 0, '2022-11-07 07:27:41', '2022-11-07 07:27:41'),
(35, 'NAHNOUH', 'BOUBAKER', 2, NULL, '108055151', 1, 0, '2022-11-07 07:31:07', '2022-11-07 07:31:07'),
(36, 'KOUCHACHE', 'MILOUD', 1, NULL, '100800933', 1, 0, '2022-11-07 07:33:51', '2022-11-07 07:33:51'),
(37, 'TADRIST', 'MOURAD', 1, NULL, '118540431', 1, 0, '2022-11-07 07:37:38', '2022-11-07 07:37:38'),
(38, 'LAMOUDI', 'AZZEDINE', 1, NULL, '16054/2017/R/1341', 2, 0, '2022-11-07 07:58:26', '2022-11-07 07:58:26'),
(39, 'MAHAMMED OUSAID', 'BELKHIR', 2, NULL, '102061859', 1, 0, '2022-11-07 07:59:58', '2022-11-07 07:59:58'),
(40, 'CHETOUANI', 'BRAHYIM', 1, NULL, '121031073', 1, 0, '2022-11-07 08:05:05', '2022-11-07 08:05:05'),
(41, 'FEGOUL', 'MOHAMED', 1, NULL, '103576472', 1, 0, '2022-11-07 08:10:21', '2022-11-07 08:10:21'),
(42, 'KERMIA', 'MUSTAPHA NABIL MOURAD', 1, NULL, 'A00259746', 2, 0, '2022-11-07 08:13:46', '2022-11-07 08:13:46'),
(43, 'DECHECHE', 'NASSIM', 1, NULL, '109014807', 1, 0, '2022-11-07 08:20:56', '2022-11-07 08:20:56'),
(44, 'ABDELGHANI', 'AHMED', 1, NULL, '110967791', 1, 0, '2022-11-07 08:25:18', '2022-11-07 08:25:18'),
(45, 'BOUDJEMA', 'Mohamed', 1, NULL, '119704247', 1, 0, '2022-11-07 08:27:08', '2022-11-07 08:27:08'),
(46, 'CHETBANI', 'AISSA', 1, NULL, 'C00203149', 2, 0, '2022-11-07 08:47:00', '2022-11-07 08:47:00'),
(47, 'SALMI', 'Mohamed', 1, NULL, 'A00996699', 2, 0, '2022-11-07 08:57:52', '2022-11-07 08:57:52'),
(48, 'MASKRI', 'HAMZA', 1, NULL, '120472885', 1, 0, '2022-11-07 09:34:57', '2022-11-07 09:34:57'),
(49, 'BENGOURINA', 'DDJAMEL', 1, NULL, 'L00034541', 2, 0, '2022-11-07 11:45:33', '2022-11-07 11:45:33'),
(50, 'KERROUCHE', 'BRAHIM', 1, NULL, 'R0971/444/2018', 2, 0, '2022-11-07 12:05:09', '2022-11-07 12:05:09'),
(51, 'SACI', 'ABDELHAMID', 2, NULL, '207160', 1, 0, '2022-11-08 06:19:04', '2022-11-08 06:19:04'),
(52, 'BOUTARFA', 'SOFIANE', 2, NULL, '402346097', 1, 0, '2022-11-08 06:22:23', '2022-11-08 06:22:23'),
(53, 'ALITI', 'KHEMESSI', 1, NULL, '1927/00364/19', 2, 0, '2022-11-08 06:24:02', '2022-11-08 06:24:02'),
(54, 'LAMARA', 'Chabane', 2, NULL, '829', 2, 0, '2022-11-08 06:26:31', '2022-11-08 06:26:31'),
(55, 'REDDAH', 'ALI', 1, NULL, '05/0345/09509', 2, 0, '2022-11-08 06:40:46', '2022-11-08 06:40:46'),
(56, 'ALIOUAT', 'BEY', 2, NULL, '3501/2018/0452', 2, 0, '2022-11-08 06:42:30', '2022-11-08 06:42:30'),
(57, 'AYARI', 'FAOUZI', 1, NULL, '101866347', 1, 0, '2022-11-08 07:24:15', '2022-11-08 07:24:15'),
(58, 'BELLAHSENE', 'FERIEL', 2, NULL, '115246671', 1, 0, '2022-11-08 07:38:08', '2022-11-08 07:38:08'),
(59, 'ZIANI', 'SOFIANE', 1, NULL, '104438560', 1, 0, '2022-11-08 07:47:08', '2022-11-08 07:47:08'),
(60, 'BOUROUIBA', 'DALILA', 1, NULL, 'A02045996', 2, 0, '2022-11-08 07:48:36', '2022-11-08 07:48:36'),
(61, 'ROUKH', 'MOKHTAR', 1, NULL, '120427754', 1, 0, '2022-11-08 08:00:18', '2022-11-08 08:00:18'),
(62, 'BELLAMINE', 'AKSEL', 2, NULL, '7250', 1, 0, '2022-11-08 08:14:17', '2022-11-08 08:14:17'),
(63, 'BELKHIRI', 'MOHAMMED', 1, NULL, '105805848', 1, 0, '2022-11-08 08:26:34', '2022-11-08 08:26:34'),
(64, 'MOULAI', 'ABDELAZIZ', 2, NULL, 'HAR/2015/3991', 2, 0, '2022-11-08 08:29:10', '2022-11-08 08:29:10'),
(65, 'KHAMDANI', 'ABDELHAMID', 1, NULL, '104120035', 1, 0, '2022-11-08 08:35:35', '2022-11-08 08:35:35'),
(66, 'KAKA', 'AMMAR', 1, NULL, '05/1615/002783', 1, 0, '2022-11-08 09:07:16', '2022-11-08 09:07:16'),
(67, 'SABOUR', 'Mohamed', 1, NULL, '403339266', 1, 0, '2022-11-08 09:16:48', '2022-11-08 09:16:48'),
(68, 'ZOUATENE', 'ABDELDJALAL', 1, NULL, '16131/2018/R/1568', 1, 0, '2022-11-08 09:33:03', '2022-11-08 09:33:03'),
(69, 'TCHOUAR', 'Mohamed KHALID', 1, NULL, '102642662', 1, 0, '2022-11-08 09:47:29', '2022-11-08 09:47:29'),
(70, 'BENSALEM', 'YOUCEF', 2, NULL, '05.0948.3251', 2, 0, '2022-11-08 11:08:50', '2022-11-08 11:08:50'),
(71, 'RAHIM', 'SABER', 3, NULL, '110032410', 1, 0, '2022-11-08 11:16:25', '2022-11-08 11:16:25'),
(72, 'HAFRI', 'TAYEB', 1, NULL, '203396132', 1, 0, '2022-11-08 12:04:48', '2022-11-08 12:04:48'),
(73, 'BOUGUETTATYA', 'ZOHEIR', 1, NULL, '205620369', 1, 0, '2022-11-08 12:09:07', '2022-11-08 12:09:07'),
(74, 'RAMDANE', 'MOHAMED DJAMEL', 1, NULL, 'A00815643', 2, 0, '2022-11-09 07:00:05', '2022-11-09 07:00:05'),
(75, 'MEKHLOUFI', 'MOHAMMED ZERZOUR', 1, NULL, '201193887', 1, 0, '2022-11-09 07:02:56', '2022-11-09 07:02:56'),
(76, 'ACHOUCHE', 'RACHID', 1, NULL, '101604964', 1, 0, '2022-11-09 07:27:12', '2022-11-09 07:27:12'),
(77, 'FERIEKH', 'ISMAIL', 2, NULL, '3527/2017/00879', 2, 0, '2022-11-09 07:29:33', '2022-11-09 07:29:33'),
(78, 'BOUGUETTATYA', 'ZOHEIR', 2, NULL, '205620369', 1, 0, '2022-11-09 07:43:41', '2022-11-09 07:43:41'),
(79, 'HAFRI', 'TAYEB', 1, NULL, '203396132', 1, 0, '2022-11-09 07:44:54', '2022-11-09 07:44:54'),
(80, 'CHABI', 'KASSA', 2, NULL, '401648631', 1, 0, '2022-11-09 07:55:32', '2022-11-09 07:55:32'),
(81, 'LAKOUR', 'WARDA', 1, NULL, '203460780', 1, 0, '2022-11-09 07:56:43', '2022-11-09 07:56:43'),
(82, 'KAKA', 'AMMAR', 1, NULL, '05/1615/002783', 2, 0, '2022-11-09 08:39:11', '2022-11-09 08:39:11'),
(83, 'ALOUACHE', 'MOURAD', 1, NULL, '113971984', 1, 0, '2022-11-09 08:42:35', '2022-11-09 08:42:35'),
(84, 'SLIMANI', 'DJAMEL EDDINE', 1, NULL, '2015/306', 1, 0, '2022-11-09 08:46:01', '2022-11-09 08:46:01'),
(85, 'NAMOUDI', 'HAMID', 1, NULL, '116169983', 1, 0, '2022-11-09 08:51:15', '2022-11-09 08:51:15'),
(86, 'DIB', 'ALI', 1, NULL, '10241796', 1, 0, '2022-11-09 09:14:11', '2022-11-09 09:14:11'),
(87, 'DAHMANE', 'MOHAND', 1, NULL, 'A01910470', 2, 0, '2022-11-09 09:23:37', '2022-11-09 09:23:37'),
(88, 'FERROUKHI', 'MOHAMED', 1, NULL, '119074270', 1, 0, '2022-11-09 09:26:10', '2022-11-09 09:26:10'),
(89, 'HOUFANII', 'MOHAMED WASSIM', 3, NULL, '16084/2017/1277', 2, 0, '2022-11-09 09:44:59', '2022-11-09 09:44:59'),
(90, 'BAAMARA', 'MOHAMMED', 1, NULL, '201003230', 1, 0, '2022-11-09 11:20:35', '2022-11-09 11:20:35'),
(91, 'BENYAHIA', 'YOUSSOUF', 2, NULL, 'A02099047', 2, 0, '2022-11-09 11:28:23', '2022-11-09 11:28:23'),
(92, 'AMIROUCHE', 'AHMED', 2, NULL, '102519860', 1, 0, '2022-11-09 11:31:59', '2022-11-09 11:31:59'),
(93, 'LAMRI', 'RAFIK', 1, NULL, '3531/2018/2410', 1, 0, '2022-11-09 11:55:25', '2022-11-09 11:55:25'),
(94, 'LADJOUZI', 'WAHIBA', 2, NULL, 'HSD/2017/R/1539', 2, 0, '2022-11-09 11:59:46', '2022-11-09 11:59:46'),
(95, 'SAMAR', 'MAHFOUD', 1, NULL, 'A01222033', 2, 0, '2022-11-09 12:03:29', '2022-11-09 12:03:29'),
(96, 'KHEDJARI', 'ABDELLAH', 2, NULL, '116469681', 1, 0, '2022-11-09 12:22:27', '2022-11-09 12:22:27'),
(97, 'BENEDDINE', 'TAYEB AMINE', 1, NULL, '22/2214/0000334/21', 1, 0, '2022-11-09 13:39:14', '2022-11-09 13:39:14'),
(98, 'BOUAKAZ', 'KADDOUR', 1, NULL, '11242', 1, 0, '2022-11-09 13:43:07', '2022-11-09 13:43:07'),
(99, 'AKLI', 'MEROUANE', 2, NULL, '109416891', 1, 0, '2022-11-10 06:47:56', '2022-11-10 06:47:56'),
(100, 'GHAMOUD', 'KAMEL', 2, NULL, '1920/01975/20', 2, 0, '2022-11-10 07:03:24', '2022-11-10 07:03:24'),
(101, 'KEBICHE', 'ABDELHAK', 1, NULL, '101485740', 1, 0, '2022-11-10 07:06:05', '2022-11-10 07:06:05'),
(102, 'ALOUACHE', 'MOURAD', 2, NULL, '113971984', 1, 0, '2022-11-10 07:17:30', '2022-11-10 07:17:30'),
(103, 'BOURAHLI', 'REDHA', 1, NULL, 'A00513069', 2, 0, '2022-11-10 07:18:27', '2022-11-10 07:18:27'),
(104, 'QUINTERO VILLAMIZAR', 'ERNESTO ARMANDO', 1, NULL, '1333/2020', 1, 0, '2022-11-10 07:34:03', '2022-11-10 07:34:03'),
(105, 'ZIANI', 'SOFIANE', 2, NULL, '104438560', 1, 0, '2022-11-10 08:35:39', '2022-11-10 08:35:39'),
(106, 'OUSLIMANE', 'MESSAOUD', 1, NULL, '103225111', 1, 0, '2022-11-10 08:46:05', '2022-11-10 08:46:05'),
(107, 'khermane', 'Saïd Toufik', 3, NULL, '433066', 1, 0, '2022-11-10 11:53:38', '2022-11-10 11:53:38'),
(108, 'SALMI', 'MOHAMED', 1, NULL, 'A00996699', 2, 0, '2022-11-10 11:55:18', '2022-11-10 11:55:18'),
(109, 'DRARENI', 'MADJID', 1, NULL, 'A01542374', 2, 0, '2022-11-10 11:57:06', '2022-11-10 11:57:06'),
(110, 'BENNACEUR', 'FETHALLAH', 1, NULL, '101661080', 1, 0, '2022-11-13 08:20:17', '2022-11-13 08:20:17'),
(111, 'OUMOUCHI', 'MOHAMED', 3, NULL, '112265701', 1, 0, '2022-11-13 08:28:04', '2022-11-13 08:28:04'),
(112, 'SALHI', 'SID ALI', 1, NULL, '234189/2449', 1, 0, '2022-11-13 08:41:18', '2022-11-13 08:41:18'),
(113, 'KHODJA', 'BRAHIM', 1, NULL, '273', 1, 0, '2022-11-13 13:30:20', '2022-11-13 13:30:20'),
(114, 'BENHAMIDA', 'ABDELKADER', 2, NULL, '103981568', 1, 0, '2022-11-14 06:32:25', '2022-11-14 06:32:25'),
(115, 'AIDJOULI', 'ABDERRAHMANE', 1, NULL, '207844848', 1, 0, '2022-11-14 06:33:18', '2022-11-14 06:33:18'),
(116, 'BOUTARFA', 'SOFIANE', 1, NULL, '402346097', 1, 0, '2022-11-14 06:34:25', '2022-11-14 06:34:25'),
(117, 'TOUAHRI', 'AMMAR', 1, NULL, '105998067', 1, 0, '2022-11-14 06:37:04', '2022-11-14 06:37:04'),
(118, 'BOUDJERIHA', 'HOCINE', 1, NULL, '11598296', 1, 0, '2022-11-14 06:47:53', '2022-11-14 06:47:53'),
(119, 'BENGUEDIH', 'RYM', 2, NULL, '102352368', 1, 0, '2022-11-14 07:22:45', '2022-11-14 07:22:45'),
(120, 'SELIKH', 'HACENE', 1, NULL, '200852521', 1, 0, '2022-11-14 07:46:05', '2022-11-14 07:46:05'),
(121, 'NADJOUI', 'NACER DINE', 1, NULL, '05/492', 2, 0, '2022-11-14 08:13:37', '2022-11-14 08:13:37'),
(122, 'SALHI', 'MOHAMED', 2, NULL, 'A00167585', 2, 0, '2022-11-14 08:18:52', '2022-11-14 08:18:52'),
(123, 'HATA', 'BAKIR', 2, NULL, '205605786', 1, 0, '2022-11-14 08:36:49', '2022-11-14 08:36:49'),
(124, 'BOUDRAA', 'CHERIF', 1, NULL, '0028899', 2, 0, '2022-11-14 09:09:49', '2022-11-14 09:09:49'),
(125, 'MANSOUR', 'MOHAMED', 1, NULL, '120780368', 1, 0, '2022-11-14 09:17:44', '2022-11-14 09:17:44'),
(126, 'AKADI', 'BRAHIM', 3, NULL, '05004', 4, 0, '2022-11-14 09:27:37', '2022-11-14 09:27:37'),
(127, 'ANARAB', 'SIDI', 1, NULL, 'AAPSN1650930615  028', 4, 0, '2022-11-14 09:30:49', '2022-11-14 09:30:49'),
(128, 'ROUA', 'MOHAMED', 1, NULL, '104279591', 1, 0, '2022-11-14 09:51:07', '2022-11-14 09:51:07'),
(129, 'DAHMANE', 'MAYA', 2, NULL, 'A0063966', 2, 0, '2022-11-14 11:48:55', '2022-11-14 11:48:55'),
(130, 'HADJ SADOK', 'SID AHMED', 2, NULL, '102436134', 1, 0, '2022-11-14 12:54:09', '2022-11-14 12:54:09'),
(131, 'Moussaoui', 'Yasmina', 1, NULL, '234652.112.16', 1, 0, '2022-11-14 13:09:16', '2022-11-14 13:09:16'),
(132, 'AIT TAYEB', 'MOHAND  AMEZIANE', 2, NULL, '15/05/005300/2013', 2, 0, '2022-11-15 06:43:39', '2022-11-15 06:43:39'),
(133, 'OULHADj', 'BOUDJEMA', 1, NULL, 'BMR/2015/R/10960', 2, 0, '2022-11-15 06:57:49', '2022-11-15 06:57:49'),
(134, 'DJERIDA', 'RACHID', 1, NULL, '275', 2, 0, '2022-11-15 07:02:00', '2022-11-15 07:02:00'),
(135, 'KHEZZARI', 'FAYCAL', 1, NULL, '200321164', 1, 0, '2022-11-15 07:03:28', '2022-11-15 07:03:28'),
(136, 'TERBAK', 'KARIM', 1, NULL, '403043095', 1, 0, '2022-11-15 07:16:14', '2022-11-15 07:16:14'),
(137, 'HEBBIR', 'AZZEDINE', 1, NULL, '002074', 2, 0, '2022-11-15 07:17:25', '2022-11-15 07:17:25'),
(138, 'KHODJA', 'BRAHIM', 1, NULL, '273', 4, 0, '2022-11-15 07:38:56', '2022-11-15 07:38:56'),
(139, 'BESGAG', 'ALI', 1, NULL, '0000', 1, 0, '2022-11-15 07:41:22', '2022-11-15 07:41:22'),
(140, 'BOURAS', 'AMOR', 1, NULL, 'A00578049', 2, 0, '2022-11-15 07:52:36', '2022-11-15 07:52:36'),
(141, 'BARKAT', 'AHMED', 1, NULL, '001091/19', 2, 0, '2022-11-15 07:57:26', '2022-11-15 07:57:26'),
(142, 'DJEMMAL', 'MOHAMMED', 1, NULL, 'A00533362', 2, 0, '2022-11-15 07:58:28', '2022-11-15 07:58:28'),
(143, 'KAKA', 'AMMAR', 1, NULL, '05/1615/002783', 2, 0, '2022-11-15 08:10:53', '2022-11-15 08:10:53'),
(144, 'LEFKIR', 'RACHID', 1, NULL, '105869599', 1, 0, '2022-11-15 08:13:24', '2022-11-15 08:13:24'),
(145, 'YAHIOUCHE', 'ABDELJALIL', 2, NULL, '102286343', 1, 0, '2022-11-15 08:19:58', '2022-11-15 08:19:58'),
(146, 'HADJ DJELOUL', 'MOHAMED EL AMINE', 1, NULL, '202011062', 1, 0, '2022-11-15 08:21:48', '2022-11-15 08:21:48'),
(147, 'LADJOUZI', 'WAHIBA', 2, NULL, 'HSD/2017/R/1539', 2, 0, '2022-11-15 08:24:36', '2022-11-15 08:24:36'),
(148, 'BENDIMERED', 'YAMNA KAMILA', 1, NULL, '716196', 1, 0, '2022-11-15 08:33:24', '2022-11-15 08:33:24'),
(149, 'MESSAOUDENE', 'WALID', 2, NULL, '05/2201/312304/2018', 2, 0, '2022-11-15 08:47:27', '2022-11-15 08:47:27'),
(150, 'BELAIDI', 'FAIZA', 2, NULL, '011140', 4, 0, '2022-11-15 08:52:42', '2022-11-15 08:52:42'),
(151, 'BELLOUL', 'MOURAD', 1, NULL, '101958163', 1, 0, '2022-11-15 09:06:20', '2022-11-15 09:06:20'),
(152, 'BELOULOU', 'RABAH', 1, NULL, '16012/2017/R/941', 2, 0, '2022-11-15 09:09:10', '2022-11-15 09:09:10'),
(153, 'HADDAD', 'NOUZHA', 1, NULL, '112261674', 1, 0, '2022-11-15 09:24:03', '2022-11-15 09:24:03'),
(154, 'AKLI', 'MEROUANE', 2, NULL, '109416891', 1, 0, '2022-11-15 09:35:28', '2022-11-15 09:35:28'),
(155, 'MERADI', 'RAFIK', 1, NULL, '102343176', 1, 0, '2022-11-15 09:43:36', '2022-11-15 09:43:36'),
(156, 'KHERROUR', 'FOUDIL', 2, NULL, '203454655', 1, 0, '2022-11-15 11:17:21', '2022-11-15 11:17:21'),
(157, 'BOUSSEKAR', 'HOCINE', 1, NULL, '200599700', 1, 0, '2022-11-15 11:19:01', '2022-11-15 11:19:01'),
(158, 'BEN LAHGA', 'MAHMOUD', 2, NULL, '0703/00056074', 2, 0, '2022-11-15 11:20:53', '2022-11-15 11:20:53'),
(159, 'MEDIEN', 'AMAR', 1, NULL, '3509/2021/155', 2, 0, '2022-11-15 11:23:42', '2022-11-15 11:23:42'),
(160, 'ZIANI', 'YOUCEF', 1, NULL, '107055998', 1, 0, '2022-11-15 11:27:31', '2022-11-15 11:27:31'),
(161, 'BELBACHIR', 'MOHAMMED', 1, NULL, '105794848', 1, 0, '2022-11-15 11:31:44', '2022-11-15 11:31:44'),
(162, 'BOUTICH', 'AHMED', 2, NULL, '106803557', 1, 0, '2022-11-15 11:51:51', '2022-11-15 11:51:51'),
(163, 'HADJ SADOK', 'SID AHMED', 1, NULL, '25/01/188712', 2, 0, '2022-11-15 12:10:50', '2022-11-15 12:10:50'),
(164, 'HADJ SADOK', 'SID AHMED', 2, NULL, '102436134', 1, 0, '2022-11-15 12:34:47', '2022-11-15 12:34:47'),
(165, 'BOUGHABA', 'NAFAA', 1, NULL, '25/01/188712', 2, 0, '2022-11-15 12:39:09', '2022-11-15 12:39:09'),
(166, 'REBHI', 'KOUIDER', 1, NULL, '1731/015234', 2, 0, '2022-11-15 12:54:52', '2022-11-15 12:54:52'),
(167, 'LOUKAL', 'ABDELHAKIM', 2, NULL, '16104/2018/R/2432', 2, 0, '2022-11-15 13:13:54', '2022-11-15 13:13:54'),
(168, 'LAMARA', 'CHABANE', 2, NULL, '105449641', 1, 0, '2022-11-16 06:37:53', '2022-11-16 06:37:53'),
(169, 'MASKRI', 'HAMZA', 1, NULL, '120472885', 1, 0, '2022-11-16 06:42:47', '2022-11-16 06:42:47'),
(170, 'MASKRI', 'ALI', 1, NULL, '105406421', 1, 0, '2022-11-16 06:43:48', '2022-11-16 06:43:48'),
(171, 'MEZOUH', 'MUSTAPHA', 1, NULL, '16052/2018/R/4284', 2, 0, '2022-11-16 07:35:28', '2022-11-16 07:35:28'),
(172, 'KHEDJARI', 'ABDELLAH', 2, NULL, '116469681', 1, 0, '2022-11-16 08:05:17', '2022-11-16 08:05:17'),
(173, 'BELBACHIR', 'AZIZ', 1, NULL, '120246364', 1, 0, '2022-11-16 08:06:53', '2022-11-16 08:06:53'),
(174, 'AOUN', 'ABDERRAOUF', 1, NULL, '200634455', 1, 0, '2022-11-16 08:27:17', '2022-11-16 08:27:17'),
(175, 'SEGUENI', 'SADOK', 1, NULL, '200892916', 1, 0, '2022-11-16 08:32:25', '2022-11-16 08:32:25'),
(176, 'KHALFAOUI', 'SAID', 1, NULL, '206153259', 1, 0, '2022-11-16 08:34:07', '2022-11-16 08:34:07'),
(177, 'ZAHI', 'TEWFIK', 2, NULL, 'A00790856', 2, 0, '2022-11-16 08:46:25', '2022-11-16 08:46:25'),
(178, 'ROUA', 'MOHAMED', 1, NULL, '104279591', 1, 0, '2022-11-16 08:48:57', '2022-11-16 08:48:57'),
(179, 'CHETOUANI', 'BRAHIM', 1, NULL, '121031073', 1, 0, '2022-11-16 09:37:42', '2022-11-16 09:37:42'),
(180, 'BOUKERDOUH', 'ALI', 1, NULL, '16121/2018/R/1566', 1, 0, '2022-11-16 09:39:31', '2022-11-16 09:39:31'),
(181, 'CHETOUANI', 'BRAHIM', 1, NULL, '121031073', 1, 0, '2022-11-16 09:45:04', '2022-11-16 09:45:04'),
(182, 'MOKRANE', 'FOUAD', 1, NULL, '110401985', 1, 0, '2022-11-16 11:27:35', '2022-11-16 11:27:35'),
(183, 'GHARBI', 'MOHAMED CHARIF', 1, NULL, 'BR/2015/R/4323', 2, 0, '2022-11-20 07:41:22', '2022-11-20 07:41:22'),
(184, 'BEN EL MOUAFAK', 'NOUREDDINE', 1, NULL, '3232', 2, 0, '2022-11-20 07:54:17', '2022-11-20 07:54:17'),
(185, 'BOUCHAKOUR', 'HAMID', 1, NULL, '02/3889/2017', 2, 0, '2022-11-20 08:25:04', '2022-11-20 08:25:04'),
(186, 'DENDEN', 'DJELLOUL', 1, NULL, '27/527', 2, 0, '2022-11-20 09:41:27', '2022-11-20 09:41:27'),
(187, 'SEBKI', 'KAMEL', 1, NULL, '156009611', 3, 0, '2022-11-20 09:52:36', '2022-11-20 09:52:36'),
(188, 'AIT SI AMER', 'DJAFFAR', 1, NULL, 'E/15/07/001476/1995', 2, 0, '2022-11-20 09:53:54', '2022-11-20 09:53:54'),
(189, 'HARKAT', 'BAGHDAD MOKHTAR', 1, NULL, '1701/027526', 2, 0, '2022-11-21 06:29:35', '2022-11-21 06:29:35'),
(190, 'DJOUAD', 'ZEDIRA', 1, NULL, '102454243', 1, 0, '2022-11-21 06:32:53', '2022-11-21 06:32:53'),
(191, 'CHAIB', 'FAYCAL', 1, NULL, '115843321', 1, 0, '2022-11-21 06:36:21', '2022-11-21 06:36:21'),
(192, 'REBBADJ', 'ZOHAIR', 1, NULL, '09/19', 2, 0, '2022-11-21 06:42:03', '2022-11-21 06:42:03'),
(193, 'ABDELATIF', 'AHMED', 1, NULL, '204940943', 1, 0, '2022-11-21 06:52:15', '2022-11-21 06:52:15'),
(194, 'GUENANI', 'ABDEREZAK', 1, NULL, 'L00115648', 2, 0, '2022-11-21 07:06:41', '2022-11-21 07:06:41'),
(195, 'ZEROUAT', 'HAKIM', 1, NULL, '101451479', 1, 0, '2022-11-21 07:08:40', '2022-11-21 07:08:40'),
(196, 'AFALFIZ', 'ABDELHAFID', 2, NULL, 'A00686518', 2, 0, '2022-11-21 07:27:25', '2022-11-21 07:27:25'),
(197, 'BENGUEDIH', 'RYM', 2, NULL, '102352368', 1, 0, '2022-11-21 07:28:22', '2022-11-21 07:28:22'),
(198, 'BOUHAHA', 'ACHOUR', 1, NULL, '101215223', 1, 0, '2022-11-21 07:41:22', '2022-11-21 07:41:22'),
(199, 'GHARBI', 'SADDEK', 1, NULL, '24/10/5659', 2, 0, '2022-11-21 08:08:09', '2022-11-21 08:08:09'),
(200, 'douar', 'MOHAMMED', 1, NULL, '105753902', 1, 0, '2022-11-21 08:10:28', '2022-11-21 08:10:28'),
(201, 'RAHEM', 'BADREDINE', 1, NULL, '001938', 2, 0, '2022-11-21 08:30:54', '2022-11-21 08:30:54'),
(202, 'TAIBI', 'NASSIMA', 1, NULL, '458072', 1, 0, '2022-11-21 08:32:22', '2022-11-21 08:32:22'),
(203, 'BELLAMINE', 'AKSEL', 1, NULL, '7250', 4, 0, '2022-11-21 08:33:37', '2022-11-21 08:33:37'),
(204, 'ZENAGUI', 'BOUNOUAR', 2, NULL, '102042968', 1, 0, '2022-11-21 08:42:26', '2022-11-21 08:42:26'),
(205, 'OUMACHICHE', 'HAKIM', 2, NULL, '104633860', 1, 0, '2022-11-21 11:49:19', '2022-11-21 11:49:19'),
(206, 'BAZIZ', 'KAMEL', 1, NULL, '104633860', 1, 0, '2022-11-21 11:51:12', '2022-11-21 11:51:12'),
(207, 'BENSALEM', 'YOUCEF', 1, NULL, '05.0948.3251', 2, 0, '2022-11-21 11:55:58', '2022-11-21 11:55:58'),
(208, 'BENAZOUZ', 'ABDELOUAHAB', 1, NULL, '1173190902', 1, 0, '2022-11-21 12:02:31', '2022-11-21 12:02:31'),
(209, 'SAOUDI', 'KAMEL', 1, NULL, '019527', 1, 0, '2022-11-21 12:38:33', '2022-11-21 12:38:33'),
(210, 'KERKAR', 'ALIOUAT', 1, NULL, '80', 4, 0, '2022-11-22 06:27:05', '2022-11-22 06:27:05'),
(211, 'MAAKNI', 'YACINE', 1, NULL, 'E/15/04/1529/003375/2018', 2, 0, '2022-11-22 07:26:44', '2022-11-22 07:26:44'),
(212, 'HAMROUNI', 'RIDHA', 1, NULL, '105491450', 1, 0, '2022-11-22 07:31:44', '2022-11-22 07:31:44'),
(213, 'KHODJA', 'BRAHIM', 1, NULL, '102042472', 1, 0, '2022-11-22 07:38:57', '2022-11-22 07:38:57'),
(214, 'ABDELFETAH', 'SMAIN', 1, NULL, '104118971', 1, 0, '2022-11-22 07:51:09', '2022-11-22 07:51:09'),
(215, 'LAMOUDI', 'AZEDINE', 1, NULL, '16054/2017/1341', 2, 0, '2022-11-22 07:54:04', '2022-11-22 07:54:04'),
(216, 'GUERCHAOUI', 'ABOUBAKER', 1, NULL, '350165', 1, 0, '2022-11-22 07:56:22', '2022-11-22 07:56:22'),
(217, 'SELMI', 'MAHDJOUB', 1, NULL, '115033062', 1, 0, '2022-11-22 07:58:56', '2022-11-22 07:58:56'),
(218, 'BEDJAOUI', 'HASSEN', 1, NULL, '12588', 2, 0, '2022-11-22 08:19:28', '2022-11-22 08:19:28'),
(219, 'KHANFER', 'AKRAM', 1, NULL, '011960/19', 2, 0, '2022-11-22 08:35:16', '2022-11-22 08:35:16'),
(220, 'MANSOUR', 'MOHAMED', 1, NULL, '120780368', 1, 0, '2022-11-22 08:43:55', '2022-11-22 08:43:55'),
(221, 'TOBBBEL', 'MOURAD', 1, NULL, '002036/19', 2, 0, '2022-11-22 09:30:10', '2022-11-22 09:30:10'),
(222, 'MEZOUANE', 'MESAOUD', 1, NULL, 'E/15/07/1521/000480/2020', 2, 0, '2022-11-22 09:49:58', '2022-11-22 09:49:58'),
(223, 'MEHSAS', 'KAMEL', 1, NULL, 'A01587690', 2, 0, '2022-11-22 11:14:38', '2022-11-22 11:14:38'),
(224, 'DABA', 'MOHAMED LARBI', 2, NULL, '3401/2018/411', 2, 0, '2022-11-22 11:15:56', '2022-11-22 11:15:56'),
(225, 'BOUAFFAD', 'ABDELKRIM', 1, NULL, 'A01521010', 2, 0, '2022-11-22 11:19:46', '2022-11-22 11:19:46'),
(226, 'HADDAD', 'BELKACEM', 1, NULL, '120399140', 1, 0, '2022-11-22 11:25:32', '2022-11-22 11:25:32'),
(227, 'BELLILI', 'FARID', 1, NULL, '16071/2016/R/1046', 2, 0, '2022-11-22 12:51:27', '2022-11-22 12:51:27'),
(228, 'IDIR', 'Mohamed', 1, NULL, '101835932', 1, 0, '2022-11-23 06:34:54', '2022-11-23 06:34:54'),
(229, 'OTMANI', 'SACI', 1, NULL, '04517', 2, 0, '2022-11-23 06:47:13', '2022-11-23 06:47:13'),
(230, 'Guermat', 'Farid', 1, NULL, '605/008/24', 2, 0, '2022-11-23 06:59:46', '2022-11-23 06:59:46'),
(231, 'BENSALEM', 'Mohamed', 2, NULL, '22/2201/B5687/17', 2, 0, '2022-11-23 07:28:39', '2022-11-23 07:28:39'),
(232, 'GHAMOUD', 'KAMEL', 2, NULL, '101375115', 1, 0, '2022-11-23 07:39:13', '2022-11-23 07:39:13'),
(233, 'GRENDI', 'RACHID', 1, NULL, '106784622', 1, 0, '2022-11-23 07:41:54', '2022-11-23 07:41:54'),
(234, 'MOUSSAOUI', 'SAMIA', 2, NULL, 'A02512478', 2, 0, '2022-11-23 07:46:16', '2022-11-23 07:46:16'),
(235, 'BOUTICHE', 'AHMED', 2, NULL, '106803557', 1, 0, '2022-11-23 07:48:24', '2022-11-23 07:48:24'),
(236, 'KADAI', 'BENCHERKI', 1, NULL, '121737277', 1, 0, '2022-11-23 07:49:16', '2022-11-23 07:49:16'),
(237, 'KHELIFA', 'SAID', 2, NULL, '101365327', 1, 0, '2022-11-23 07:50:07', '2022-11-23 07:50:07'),
(238, 'BOUAMRA', 'SAID', 1, NULL, '39/017242', 2, 0, '2022-11-23 08:07:39', '2022-11-23 08:07:39'),
(239, 'BOUMAZA', 'BOUALEM', 2, NULL, '100773674', 1, 0, '2022-11-23 09:23:26', '2022-11-23 09:23:26'),
(240, 'MAMRIT', 'OUAKIL', 2, NULL, '396', 2, 0, '2022-11-23 09:47:02', '2022-11-23 09:47:02'),
(241, 'BENZIOUCHE', 'IDRISSE', 1, NULL, 'A02210719', 2, 0, '2022-11-23 11:35:43', '2022-11-23 11:35:43'),
(242, 'MERAD_BOUDIA', 'SALIM SIDI MOHAMMED BENAMAR', 1, NULL, '121190525', 1, 0, '2022-11-23 11:37:17', '2022-11-23 11:37:17'),
(243, 'NEFISSI', 'SAID', 3, NULL, '00000', 1, 0, '2022-11-23 12:34:45', '2022-11-23 12:34:45'),
(244, 'BAADJI', 'BADIS', 1, NULL, '202241915', 1, 0, '2022-11-23 13:10:47', '2022-11-23 13:10:47'),
(245, 'MELLAK', 'ABDELATIF', 3, NULL, 'A00212520', 1, 0, '2022-11-23 13:43:45', '2022-11-23 13:43:45'),
(246, 'ARROUCHE', 'BADREDDINE', 1, NULL, 'A02429401', 2, 0, '2022-11-24 06:45:00', '2022-11-24 06:45:00'),
(247, 'MEROUANE', 'AKLI', 2, NULL, '109416891', 1, 0, '2022-11-24 06:48:54', '2022-11-24 06:48:54'),
(248, 'TOUCHI', 'Mohamed', 1, NULL, '117567669', 1, 0, '2022-11-24 08:53:58', '2022-11-24 08:53:58'),
(249, 'BOUNOUA', 'HOCINE', 1, NULL, 'HAR/2015/R/10327', 2, 0, '2022-11-24 09:18:03', '2022-11-24 09:18:03'),
(250, 'HENNI', 'Mohamed', 1, NULL, '202876274', 1, 0, '2022-11-24 09:34:25', '2022-11-24 09:34:25'),
(251, 'YASRI', 'AKLI', 1, NULL, '101453875', 1, 0, '2022-11-24 11:33:50', '2022-11-24 11:33:50'),
(252, 'elmekki', 'habib', 1, NULL, '219', 1, 0, '2022-11-24 13:39:35', '2022-11-24 13:39:35'),
(253, 'TCHOUAR', 'MOHAMMED', 1, NULL, '13/20/27321', 2, 0, '2022-11-27 09:19:34', '2022-11-27 09:19:34'),
(254, 'MOHAMMED', 'TURKI', 3, NULL, '543571', 1, 0, '2022-11-27 09:29:51', '2022-11-27 09:29:51'),
(255, 'ferhat', 'farouk', 1, NULL, '14585614', 1, 0, '2022-11-27 11:31:25', '2022-11-27 11:31:25'),
(256, 'LAMARA', 'CHABANE', 2, NULL, '105449641', 1, 0, '2022-11-28 06:28:10', '2022-11-28 06:28:10'),
(257, 'BENMAMMRI', 'RABAH', 1, NULL, '105773289', 1, 0, '2022-11-28 06:49:12', '2022-11-28 06:49:12'),
(258, 'BENHAMIDA', 'ABDALKADER', 2, NULL, '103891568', 1, 0, '2022-11-28 07:33:43', '2022-11-28 07:33:43'),
(259, 'MESSAOUDI', 'ABDELFATTAH', 1, NULL, '189061/3010', 2, 0, '2022-11-28 07:55:24', '2022-11-28 07:55:24'),
(260, 'DJEMA', 'RADIA', 2, NULL, '116592753', 1, 0, '2022-11-28 08:43:09', '2022-11-28 08:43:09'),
(261, 'SAOUDI', 'AZIZ', 2, NULL, '3501/2018/6063', 2, 0, '2022-11-28 09:03:04', '2022-11-28 09:03:04'),
(262, 'BOUGUERRA', 'DJAMEL', 1, NULL, '104524079', 1, 0, '2022-11-28 09:14:14', '2022-11-28 09:14:14'),
(263, 'ACHOUR', 'ZAKARIA', 1, NULL, '0713/00003489', 2, 0, '2022-11-28 12:52:57', '2022-11-28 12:52:57'),
(264, 'BOUZEKRI', 'ABDELOUAHAEB', 1, NULL, '18/09/012540', 2, 0, '2022-11-29 06:37:07', '2022-11-29 06:37:07'),
(265, 'BOUHELAL', 'MOKDAD', 1, NULL, '101042177', 1, 0, '2022-11-29 07:03:34', '2022-11-29 07:03:34'),
(266, 'MERZOUGUI', 'TAREK', 1, NULL, '12/07/28161', 2, 0, '2022-11-29 07:05:40', '2022-11-29 07:05:40'),
(267, 'YOUNSI', 'SAMIR', 1, NULL, 'A02158997', 2, 0, '2022-11-29 07:07:26', '2022-11-29 07:07:26'),
(268, 'DRIS', 'RABIE', 1, NULL, '115122310', 1, 0, '2022-11-29 07:08:34', '2022-11-29 07:08:34'),
(269, 'HAMIDANE', 'ALI', 1, NULL, '12/02/2758/95', 2, 0, '2022-11-29 07:09:48', '2022-11-29 07:09:48'),
(270, 'BAHLOUL', 'NABIL', 3, NULL, '400030189', 1, 0, '2022-11-29 07:28:20', '2022-11-29 07:28:20'),
(271, 'LEMOUCHI', 'ABDELLAH', 1, NULL, '05/0345/15293', 2, 0, '2022-11-29 08:09:00', '2022-11-29 08:09:00'),
(272, 'KHODJA', 'DJAMEL', 1, NULL, '06/0626/00658/17', 2, 0, '2022-11-29 08:11:10', '2022-11-29 08:11:10'),
(273, 'MENAOUM', 'RABAH', 1, NULL, '573', 4, 0, '2022-11-29 08:46:39', '2022-11-29 08:46:39'),
(274, 'ABDOUS', 'M\'HAMED', 3, NULL, '438', 4, 0, '2022-11-29 08:47:47', '2022-11-29 08:47:47'),
(275, 'DJOUADI', 'ABDERRAHMANE', 1, NULL, '120135502', 1, 0, '2022-11-29 09:45:44', '2022-11-29 09:45:44'),
(276, 'DAOUDI', 'HAMZA', 1, NULL, '14/0403/22/17889', 2, 0, '2022-11-29 09:48:23', '2022-11-29 09:48:23'),
(277, 'DAYA', 'MERIEM', 2, NULL, 'A02453677', 2, 0, '2022-11-29 12:26:52', '2022-11-29 12:26:52'),
(278, 'KHEBCHI', 'AHMED', 1, NULL, '115665653', 1, 0, '2022-11-29 12:34:41', '2022-11-29 12:34:41'),
(279, 'KHEBCHI', 'AHMED', 1, NULL, '115665653', 1, 0, '2022-11-30 07:05:22', '2022-11-30 07:05:22'),
(280, 'DEBBACHE', 'ABDALLAH', 2, NULL, '3365/19', 2, 0, '2022-11-30 07:11:46', '2022-11-30 07:11:46'),
(281, 'ISSAADI', 'ABDERREZAK', 2, NULL, '104674029', 1, 0, '2022-11-30 07:13:18', '2022-11-30 07:13:18'),
(282, 'IGRANAISS EPO', 'BENLOUNES LOUIZA', 3, NULL, 'BZH/2015/R/7903', 2, 0, '2022-11-30 07:39:24', '2022-11-30 07:39:24'),
(283, 'BENMAMMARI', 'RABAH', 1, NULL, '105773289', 1, 0, '2022-11-30 08:00:19', '2022-11-30 08:00:19'),
(284, 'FERIEKH', 'ISMAIL', 2, NULL, '3527/2017/00879', 2, 0, '2022-11-30 08:28:28', '2022-11-30 08:28:28'),
(285, 'ADEL', 'TAMECHMECHT', 3, NULL, 'A002206015', 2, 0, '2022-11-30 08:36:18', '2022-11-30 08:36:18'),
(286, 'KHODJA', 'DJAMEL', 3, NULL, '06/0626/00658/17', 2, 0, '2022-11-30 08:43:57', '2022-11-30 08:43:57'),
(287, 'BOUNOUA', 'SELSABIL', 3, NULL, '118760154', 1, 0, '2022-11-30 09:00:16', '2022-11-30 09:00:16'),
(288, 'YASRI', 'AKLI', 3, NULL, '101453875', 1, 0, '2022-11-30 09:12:26', '2022-11-30 09:12:26'),
(289, 'DJAMEL', 'ACHAB', 1, NULL, '01099', 4, 0, '2022-11-30 09:29:39', '2022-11-30 09:29:39'),
(290, 'LOUKAL', 'ABDELHAKIM', 2, NULL, '16/04/2018/R/2432', 2, 0, '2022-11-30 13:43:22', '2022-11-30 13:43:22'),
(291, 'MEROUANE', 'AKLI', 2, NULL, '109416891', 1, 0, '2022-12-01 06:31:55', '2022-12-01 06:31:55'),
(292, 'HIBER', 'AISSA', 2, NULL, '107447215', 1, 0, '2022-12-01 06:35:12', '2022-12-01 06:35:12'),
(293, 'RABOUHI', 'RAFIK', 3, NULL, '103849542', 1, 0, '2022-12-04 08:08:20', '2022-12-04 08:08:20'),
(294, 'BENCHIHA', 'AHMED', 1, NULL, '106908137', 1, 0, '2022-12-04 09:13:37', '2022-12-04 09:13:37'),
(295, 'MZALLA', 'OMAR NORDINE', 1, NULL, '3513/2018/530', 2, 0, '2022-12-04 09:15:16', '2022-12-04 09:15:16'),
(296, 'KHOUILDI', 'AHMED', 1, NULL, '03/ALFI/010576', 2, 0, '2022-12-04 09:19:28', '2022-12-04 09:19:28'),
(297, 'TAYEB', 'RAMDANI', 3, NULL, 'ARPTN603780728', 4, 0, '2022-12-04 09:22:06', '2022-12-04 09:22:06'),
(298, 'GUITTOUNE', 'DJALAL', 1, NULL, '403453585', 1, 0, '2022-12-04 09:38:59', '2022-12-04 09:38:59'),
(299, 'BENAYACHE', 'YAHIA', 1, NULL, '104158522', 1, 0, '2022-12-04 09:40:32', '2022-12-04 09:40:32'),
(300, 'CHERIFI', 'BENYOUCEF', 1, NULL, '114843154', 1, 0, '2022-12-04 09:46:12', '2022-12-04 09:46:12'),
(301, 'EZZIANE', 'MOHAMED', 1, NULL, '102117209', 1, 0, '2022-12-04 09:47:32', '2022-12-04 09:47:32'),
(302, 'BOUNOUA', 'SELSABIL', 1, NULL, '118760154', 1, 0, '2022-12-04 11:55:05', '2022-12-04 11:55:05'),
(303, 'MEKHLOUF', 'MOHAMED', 1, NULL, '114204271', 1, 0, '2022-12-04 12:18:27', '2022-12-04 12:18:27'),
(304, 'DJADI', 'KENZA DINA', 3, NULL, 'A02233273', 2, 0, '2022-12-04 12:24:49', '2022-12-04 12:24:49'),
(305, 'GOUBAA', 'MOULOUD SAMI', 3, NULL, '108371135', 1, 0, '2022-12-04 13:10:51', '2022-12-04 13:10:51'),
(306, 'OULD ALI', 'HAMID REDHA', 3, NULL, '3313/29/10', 2, 0, '2022-12-04 13:12:25', '2022-12-04 13:12:25'),
(307, 'LAMARA', 'CHABANE', 2, NULL, '105449641', 1, 0, '2022-12-05 06:42:57', '2022-12-05 06:42:57'),
(308, 'REZKI', 'ALI', 1, NULL, '105948446', 1, 0, '2022-12-05 06:45:22', '2022-12-05 06:45:22'),
(309, 'KENDOUSSI', 'LAHCENE', 1, NULL, '403023131', 1, 0, '2022-12-05 06:48:39', '2022-12-05 06:48:39'),
(310, 'MEZOUH', 'MUSTAPHA', 2, NULL, '16052/2018/R/4284', 2, 0, '2022-12-05 06:54:28', '2022-12-05 06:54:28'),
(311, 'INDEL', 'HACENE', 1, NULL, '105402583', 1, 0, '2022-12-05 07:08:18', '2022-12-05 07:08:18'),
(312, 'FERIEKH', 'ISMAIL', 1, NULL, '3527/2017/00879', 2, 0, '2022-12-05 07:12:06', '2022-12-05 07:12:06'),
(313, 'BEN ABDALLAH', 'SMAIL', 1, NULL, 'A02357036', 1, 0, '2022-12-05 07:13:58', '2022-12-05 07:13:58'),
(314, 'AYADI', 'TAHAR', 1, NULL, '19370', 2, 0, '2022-12-05 07:25:29', '2022-12-05 07:25:29'),
(315, 'DRARENI', 'MADJID', 1, NULL, '120280898', 1, 0, '2022-12-05 07:27:38', '2022-12-05 07:27:38'),
(316, 'ERNESTO ARMANDO', 'QUINTERO VILLAMIZAR', 1, NULL, '1333/2020', 1, 0, '2022-12-05 07:39:23', '2022-12-05 07:39:23'),
(317, 'BECHIR', 'ABDELDJALIL', 1, NULL, 'C00139175', 2, 0, '2022-12-05 07:41:28', '2022-12-05 07:41:28'),
(318, 'BENHARKOU', 'ISSAM', 1, NULL, '106620186', 1, 0, '2022-12-05 07:42:54', '2022-12-05 07:42:54'),
(319, 'ZENAGUI', 'BOUNOUAR', 2, NULL, '102042968', 1, 0, '2022-12-05 08:09:31', '2022-12-05 08:09:31'),
(320, 'BACHIRI', 'KAMEL', 1, NULL, '177', 2, 0, '2022-12-05 08:11:22', '2022-12-05 08:11:22'),
(321, 'BENHAMIDA', 'ABDELKADER', 1, NULL, '103891568', 1, 0, '2022-12-05 08:15:09', '2022-12-05 08:15:09'),
(322, 'ABDOU', 'IMENE', 3, NULL, '166186054', 3, 0, '2022-12-05 08:55:39', '2022-12-05 08:55:39'),
(323, 'MAHIDI', 'RAYANE', 3, NULL, '401101009', 1, 0, '2022-12-05 11:05:42', '2022-12-05 11:05:42'),
(324, 'YASRI', 'AKLI', 1, NULL, '101453875', 1, 0, '2022-12-05 11:50:02', '2022-12-05 11:50:02'),
(325, 'BOUALI', 'NACERA', 3, NULL, '0177', 4, 0, '2022-12-05 12:01:30', '2022-12-05 12:01:30'),
(326, 'BOUDJABI', 'MOHAMED', 1, NULL, 'A01549699', 2, 0, '2022-12-05 13:28:09', '2022-12-05 13:28:09'),
(327, 'OULED ELBEKAYE', 'ELHOUSSEINE', 3, NULL, '47/11/07/000629', 2, 0, '2022-12-05 13:47:39', '2022-12-05 13:47:39'),
(328, 'MECELTI', 'IMAD EDDINE', 1, NULL, '101977568', 1, 0, '2022-12-06 11:06:55', '2022-12-06 11:06:55'),
(329, 'ALITI', 'KHEMESSI', 1, NULL, '1927/00364/19', 2, 0, '2022-12-07 07:02:38', '2022-12-07 07:02:38'),
(330, 'DEBBACHE', 'ABDELLAH', 2, NULL, '3365/19', 2, 0, '2022-12-07 07:04:07', '2022-12-07 07:04:07'),
(331, 'TAKARLI', 'SID AHMED', 1, NULL, '101294228', 1, 0, '2022-12-07 07:51:47', '2022-12-07 07:51:47'),
(332, 'BELKHOUCHE', 'ISMAIL', 1, NULL, '305630', 1, 0, '2022-12-07 08:07:21', '2022-12-07 08:07:21'),
(333, 'BENSABER', 'BELKACEM', 1, NULL, '111332485', 1, 0, '2022-12-07 08:47:08', '2022-12-07 08:47:08'),
(334, 'GHEROUAT', 'IMED', 1, NULL, '102404611', 1, 0, '2022-12-07 08:53:48', '2022-12-07 08:53:48'),
(335, 'HANOUNI', 'MOHAMED', 1, NULL, '633751231    243', 4, 0, '2022-12-07 13:24:22', '2022-12-07 13:24:22'),
(336, 'HANOUNI', 'AMOUMENE', 1, NULL, '102446220', 1, 0, '2022-12-07 13:25:45', '2022-12-07 13:25:45'),
(337, 'LAMARA', 'CHABANE', 2, NULL, '105449641', 1, 0, '2022-12-08 06:30:30', '2022-12-08 06:30:30'),
(338, 'YOUBI', 'RAFIK', 1, NULL, '113725971', 1, 0, '2022-12-08 06:51:10', '2022-12-08 06:51:10'),
(339, 'BAZIZ', 'KAMAL', 1, NULL, '104633860', 1, 0, '2022-12-08 06:51:54', '2022-12-08 06:51:54'),
(340, 'GEORGE', 'NICOLA JEAN RENE', 1, NULL, '001783', 4, 0, '2022-12-08 06:56:22', '2022-12-08 06:56:22'),
(341, 'OUALI', 'AYOUB', 1, NULL, '100926759', 1, 0, '2022-12-08 07:17:36', '2022-12-08 07:17:36'),
(342, 'FERIEKH', 'ISMAIL', 2, NULL, '3527/2017/00879', 2, 0, '2022-12-08 07:19:30', '2022-12-08 07:19:30'),
(343, 'RAHMOUN', 'AMAR', 1, NULL, '3514/2018/0314', 2, 0, '2022-12-08 07:47:21', '2022-12-08 07:47:21'),
(344, 'DAIRA', 'SALAH', 1, NULL, '205902259', 1, 0, '2022-12-08 09:10:00', '2022-12-08 09:10:00'),
(345, 'BENFISSAH', 'MOHAMED ISLAM', 1, NULL, 'BZH/2015/R/14329', 2, 0, '2022-12-08 09:19:35', '2022-12-08 09:19:35'),
(346, 'CHELLALI', 'KRIMO', 1, NULL, '102643506', 1, 0, '2022-12-08 12:31:10', '2022-12-08 12:31:10'),
(347, 'SAIB', 'IBRAHIM', 1, NULL, 'HSD/2106/R/217', 2, 0, '2022-12-08 12:56:53', '2022-12-08 12:56:53'),
(348, 'HADJ SADOK', 'SID AHMED', 2, NULL, '102436134', 1, 0, '2022-12-08 12:58:40', '2022-12-08 12:58:40'),
(349, 'BEDJAOUI', 'ABDELKADER', 1, NULL, 'DEB/2013/R/1909', 2, 0, '2022-12-08 13:01:30', '2022-12-08 13:01:30'),
(350, 'CHAIB', 'IDIR', 1, NULL, 'A01029033', 2, 0, '2022-12-08 13:32:41', '2022-12-08 13:32:41'),
(351, 'REZGUI', 'HICHAM', 1, NULL, '65/21/5058', 2, 0, '2022-12-11 08:41:18', '2022-12-11 08:41:18'),
(352, 'GHORISSI', 'KHALDOUNE', 2, NULL, '803110106509', 4, 0, '2022-12-11 12:19:35', '2022-12-11 12:19:35'),
(356, 'LAMARA', 'CHABANE', 2, NULL, '105449641', 1, 0, '2022-12-12 06:23:20', '2022-12-12 06:23:20'),
(357, 'RABAHI', 'KADA', 1, NULL, '201326139', 1, 0, '2022-12-12 06:25:03', '2022-12-12 06:25:03'),
(358, 'CHOUTRI', 'DJAMEL EDDINE', 1, NULL, 'A00944685', 2, 0, '2022-12-12 06:28:29', '2022-12-12 06:28:29'),
(359, 'MAKHLOUFI', 'ABDELHAMID', 1, NULL, '16033/2018/R/3107', 2, 0, '2022-12-12 06:36:15', '2022-12-12 06:36:15'),
(360, 'RAHMOUNI', 'OMAR', 2, NULL, '118341453', 1, 0, '2022-12-12 06:42:40', '2022-12-12 06:42:40'),
(361, 'BELAROUCI', 'MOSTEFA', 1, NULL, '13/08/1766', 2, 0, '2022-12-12 06:43:59', '2022-12-12 06:43:59'),
(362, 'AIT OUFELLA', 'ABDERRAZAK', 1, NULL, 'ROB/2015/R/18077', 2, 0, '2022-12-12 07:04:21', '2022-12-12 07:04:21'),
(363, 'BENAISSA', 'BAGHDADI', 1, NULL, '403508370', 1, 0, '2022-12-12 07:13:32', '2022-12-12 07:13:32'),
(364, 'BENBRAHIM', 'HAKIM', 1, NULL, '3523/2022/0001', 2, 0, '2022-12-12 07:41:42', '2022-12-12 07:41:42'),
(365, 'TCHOUAR', 'MOHAMMED CHOUKRI', 1, NULL, '103118472', 1, 0, '2022-12-12 07:50:30', '2022-12-12 07:50:30'),
(366, 'ALAMINE', 'NADJEM', 1, NULL, '115444841', 1, 0, '2022-12-12 08:00:40', '2022-12-12 08:00:40'),
(367, 'BENHAMIDA', 'ABDELKADER', 1, NULL, '103891568', 1, 0, '2022-12-12 08:03:15', '2022-12-12 08:03:15'),
(368, 'AMAROUCHE', 'MAHAMMED', 1, NULL, '587814', 1, 0, '2022-12-12 08:06:44', '2022-12-12 08:06:44'),
(369, 'RAGAM', 'GHALI', 1, NULL, '120624601', 1, 0, '2022-12-12 09:01:42', '2022-12-12 09:01:42'),
(370, 'RAGAM', 'MEBARKA', 1, NULL, '105328332', 1, 0, '2022-12-12 09:13:50', '2022-12-12 09:13:50'),
(371, 'MASKRI', 'HAMZA', 1, NULL, '11484639', 2, 0, '2022-12-12 09:17:25', '2022-12-12 09:17:25'),
(372, 'BENTALEB', 'MOHAMED RAOUF', 2, NULL, '100911512', 1, 0, '2022-12-12 09:28:57', '2022-12-12 09:28:57'),
(373, 'FIRAS', 'ZOHEIR', 2, NULL, 'A02657620', 2, 0, '2022-12-12 09:30:25', '2022-12-12 09:30:25'),
(374, 'BEKKA', 'IDRIS', 1, NULL, '120813178', 1, 0, '2022-12-12 09:38:51', '2022-12-12 09:38:51'),
(375, 'MEKHNECHE', 'Abbés', 1, NULL, '17655', 2, 0, '2022-12-13 06:44:35', '2022-12-13 06:44:35'),
(376, 'MAHAMMEDI', 'AHMED', 1, NULL, '000372/3002', 2, 0, '2022-12-13 07:13:08', '2022-12-13 07:13:08'),
(377, 'TCHOUAR', 'MOHAMMED CHOUKRI', 1, NULL, '103114847', 1, 0, '2022-12-13 07:47:40', '2022-12-13 07:47:40'),
(378, 'TOUNSI', 'HADDI', 3, NULL, 'ROB/2015/2156', 2, 0, '2022-12-13 07:50:59', '2022-12-13 07:50:59'),
(379, 'BACHIRI', 'KAMEL', 1, NULL, '177', 2, 0, '2022-12-13 07:52:40', '2022-12-13 07:52:40'),
(380, 'RAHMOUNE', 'MOHAMED', 1, NULL, '16054/2019/373', 2, 0, '2022-12-13 07:54:57', '2022-12-13 07:54:57'),
(381, 'BOUFASSA', 'AZEDDINE', 2, NULL, '16101/2018/R/879', 2, 0, '2022-12-13 08:29:15', '2022-12-13 08:29:15'),
(382, 'MERAD BOUDIBA', 'SALIM SIDI MOHAMMED BENAMAR', 1, NULL, '121190525', 1, 0, '2022-12-13 08:35:53', '2022-12-13 08:35:53'),
(383, 'ZAMOUM', 'NOUREDDINE', 1, NULL, '06/0611/00670/21', 2, 0, '2022-12-13 09:06:27', '2022-12-13 09:06:27'),
(384, 'ZAMOUM', 'SOFIANE', 1, NULL, '320202', 1, 0, '2022-12-13 09:08:33', '2022-12-13 09:08:33'),
(385, 'M\'HAMED  EZZINE', 'RABAH', 1, NULL, '94/108/16/26', 2, 0, '2022-12-13 09:46:14', '2022-12-13 09:46:14'),
(386, 'ATMANIA', 'CHERIF', 1, NULL, '103372643', 1, 0, '2022-12-13 09:50:21', '2022-12-13 09:50:21'),
(387, 'BARA', 'GHARIB', 1, NULL, '109239787', 1, 0, '2022-12-13 09:58:29', '2022-12-13 09:58:29'),
(388, 'TAIBAOUI', 'KOUIDER', 1, NULL, '000000000', 1, 0, '2022-12-13 12:48:45', '2022-12-13 12:48:45'),
(389, 'SEHLI', 'AMEL', 1, NULL, '101931923', 1, 0, '2022-12-14 06:40:38', '2022-12-14 06:40:38'),
(390, 'HABRI', 'IMANE', 1, NULL, '103766710', 1, 0, '2022-12-14 06:41:25', '2022-12-14 06:41:25'),
(391, 'BELHOUT', 'DAOUDI', 1, NULL, 'BMR/2013/R/10096', 1, 0, '2022-12-14 07:04:53', '2022-12-14 07:04:53'),
(392, 'BEKKA', 'IDRIS', 1, NULL, '120813178', 1, 0, '2022-12-14 07:12:58', '2022-12-14 07:12:58'),
(393, 'ZAITOUT', 'ABDELKADER', 1, NULL, '0709/00002433', 2, 0, '2022-12-14 07:19:47', '2022-12-14 07:19:47'),
(394, 'ZAITOUT', 'NADJIB', 1, NULL, '0039288', 1, 0, '2022-12-14 07:22:39', '2022-12-14 07:22:39'),
(395, 'CHELLALI', 'KRIMO', 1, NULL, '102643506', 1, 0, '2022-12-14 07:24:21', '2022-12-14 07:24:21'),
(396, 'BOUNOUA', 'HOCINE', 1, NULL, 'HAR/2015/10327', 2, 0, '2022-12-14 07:33:41', '2022-12-14 07:33:41'),
(397, 'BOUKHALOUA', 'MAAMAR', 1, NULL, '483903', 1, 0, '2022-12-14 08:04:03', '2022-12-14 08:04:03'),
(398, 'SAHIN', 'HALIL', 1, NULL, '16051/2017/B/730', 2, 0, '2022-12-14 11:58:59', '2022-12-14 11:58:59'),
(399, 'MARADI', 'RAFIK', 1, NULL, '102343176', 1, 0, '2022-12-14 12:32:26', '2022-12-14 12:32:26'),
(400, 'BOUNAB', 'KHALED', 1, NULL, '102047535', 1, 0, '2022-12-14 13:04:29', '2022-12-14 13:04:29'),
(401, 'EL YOUSFI', 'IMANE', 3, NULL, '16055/2018/R/1841', 2, 0, '2022-12-15 07:08:42', '2022-12-15 07:08:42'),
(402, 'SABRI', 'AICHA DOUNIAZEDE', 3, NULL, 'A00899491', 2, 0, '2022-12-15 07:10:37', '2022-12-15 07:10:37'),
(403, 'BASSAID', 'REDOUANE', 1, NULL, '201133274', 1, 0, '2022-12-15 07:42:44', '2022-12-15 07:42:44'),
(404, 'MAHIDI', 'RAYANE', 3, NULL, '401101009', 1, 0, '2022-12-15 12:07:36', '2022-12-15 12:07:36'),
(405, 'DAHA', 'MOHAMED', 1, NULL, '2018/2/2988/11', 2, 0, '2022-12-15 13:45:42', '2022-12-15 13:45:42'),
(406, 'KHAFI', 'AKHMADOU', 1, NULL, '0015', 4, 0, '2022-12-15 13:47:11', '2022-12-15 13:47:11'),
(407, 'BELACHEHEB', 'DENIA', 1, NULL, '100976848', 1, 0, '2022-12-18 12:29:51', '2022-12-18 12:29:51'),
(408, 'BENCHIHA', 'AHMED', 1, NULL, 'A02082597', 2, 0, '2022-12-18 12:31:08', '2022-12-18 12:31:08'),
(409, 'GRINE', 'REDOUANE', 1, NULL, '111921248', 1, 0, '2022-12-18 12:47:21', '2022-12-18 12:47:21'),
(410, 'DJOUZI', 'YOUNES', 1, NULL, '106018521', 1, 0, '2022-12-18 12:47:59', '2022-12-18 12:47:59'),
(411, 'SALHI', 'MOHAMAED', 2, NULL, 'A00167585', 2, 0, '2022-12-19 06:29:42', '2022-12-19 06:29:42'),
(412, 'SACI', 'ABDELHAMID', 1, NULL, '207160', 1, 0, '2022-12-19 06:31:20', '2022-12-19 06:31:20'),
(413, 'MAHAMMED OUSAID', 'BELKHIR', 2, NULL, '102061859', 1, 0, '2022-12-19 06:34:04', '2022-12-19 06:34:04'),
(414, 'ZAIT', 'MOHAMED EL AMINE', 3, NULL, '109157324', 1, 0, '2022-12-19 06:55:29', '2022-12-19 06:55:29'),
(415, 'KHEDDIM', 'MOHAMMED AMINE', 1, NULL, '104487856', 1, 0, '2022-12-19 06:59:20', '2022-12-19 06:59:20'),
(416, 'AMMARI', 'ABDELHAMID', 1, NULL, '25/01/111410', 2, 0, '2022-12-19 07:00:56', '2022-12-19 07:00:56'),
(417, 'MOUSSAOUI', 'SAMIA', 2, NULL, 'A02512478', 2, 0, '2022-12-19 07:18:45', '2022-12-19 07:18:45'),
(418, 'MECELITI', 'IMAD-Eddine', 1, NULL, '101977568', 1, 0, '2022-12-19 08:41:04', '2022-12-19 08:41:04'),
(419, 'OMAR AMRANI', 'FODIL', 1, NULL, '101218062', 1, 0, '2022-12-19 09:08:11', '2022-12-19 09:08:11'),
(420, 'SASSI', 'IDIR', 3, NULL, '167589948', 3, 0, '2022-12-19 09:10:31', '2022-12-19 09:10:31'),
(421, 'BELECHEHEB', 'DENIA', 1, NULL, '100976848', 1, 0, '2022-12-19 09:32:12', '2022-12-19 09:32:12'),
(422, 'BENKORICHI', 'MOHAMED  ZINE', 1, NULL, '207484781', 1, 0, '2022-12-19 11:15:11', '2022-12-19 11:15:11'),
(423, 'HAREK', 'TOUFIK', 1, NULL, '201437468', 1, 0, '2022-12-19 11:16:20', '2022-12-19 11:16:20'),
(424, 'ACHAB', 'DJAMEL', 2, NULL, '01099', 4, 0, '2022-12-19 11:20:00', '2022-12-19 11:20:00'),
(425, 'ZIANI', 'SOFIANE', 1, NULL, '104438560', 1, 0, '2022-12-19 11:21:58', '2022-12-19 11:21:58'),
(426, 'MILOUDI', 'NORA', 1, NULL, '110042312', 1, 0, '2022-12-19 12:05:36', '2022-12-19 12:05:36'),
(427, 'OULD AMEZIANE', 'HAKIM', 1, NULL, '100914979', 1, 0, '2022-12-19 12:07:37', '2022-12-19 12:07:37'),
(428, 'GOUDJIL', 'KAMEL', 1, NULL, '101722850', 1, 0, '2022-12-19 13:05:47', '2022-12-19 13:05:47'),
(429, 'slimani', 'djamel', 2, NULL, '06/15/0378/15', 2, 0, '2022-12-20 06:35:18', '2022-12-20 06:35:18'),
(430, 'BOUHERAOUA', 'HAMID', 1, NULL, '102160511', 1, 0, '2022-12-20 06:45:19', '2022-12-20 06:45:19'),
(431, 'BAHNAS', 'SADDEK', 1, NULL, '106554002', 1, 0, '2022-12-20 07:04:23', '2022-12-20 07:04:23'),
(432, 'SADMI', 'ACHOUR', 1, NULL, '1122676589', 1, 0, '2022-12-20 07:37:44', '2022-12-20 07:37:44'),
(433, 'ZEROUAT', 'HAKIM', 1, NULL, '101451479', 1, 0, '2022-12-20 08:04:21', '2022-12-20 08:04:21'),
(434, 'OTHMANI MARBOUT', 'MOHAMED', 1, NULL, '208386085', 1, 0, '2022-12-20 08:06:13', '2022-12-20 08:06:13'),
(435, 'CHERIFI', 'OKBA', 1, NULL, 'A00552216', 2, 0, '2022-12-20 08:13:29', '2022-12-20 08:13:29'),
(436, 'CHERIET', 'MOHAMED FAOUZI', 2, NULL, '16073/2017/R/161', 2, 0, '2022-12-20 08:37:39', '2022-12-20 08:37:39'),
(437, 'MOUSSA', 'RACHID', 1, NULL, 'C00201670', 2, 0, '2022-12-20 08:41:03', '2022-12-20 08:41:03'),
(438, 'MEFTAHI', 'MOHAMED', 1, NULL, 'A01585363', 2, 0, '2022-12-20 08:48:30', '2022-12-20 08:48:30'),
(439, 'ZEROUALI', 'FATMA  MERIEM', 1, NULL, 'DEB/2015/R/16681', 2, 0, '2022-12-20 08:53:07', '2022-12-20 08:53:07'),
(440, 'TABTI', 'MOHAMED  BACHIR', 1, NULL, 'A02683256', 2, 0, '2022-12-20 08:55:58', '2022-12-20 08:55:58'),
(441, 'SAOUDI', 'aziz', 2, NULL, '35012018/6063', 2, 0, '2022-12-20 09:35:58', '2022-12-20 09:35:58'),
(442, 'CHABI', 'KASSA', 2, NULL, '401648631', 1, 0, '2022-12-20 11:17:00', '2022-12-20 11:17:00'),
(443, 'ROUAIGUIA', 'SALIM', 2, NULL, '24.28.00983/18', 2, 0, '2022-12-20 11:20:50', '2022-12-20 11:20:50'),
(444, 'BENAGOUNE', 'DJAMEL', 1, NULL, '2022/2/597/53', 2, 0, '2022-12-20 11:54:54', '2022-12-20 11:54:54'),
(445, 'ISSAADI', 'NOUREDDINE', 1, NULL, '101887719', 1, 0, '2022-12-20 12:14:08', '2022-12-20 12:14:08'),
(446, 'BOURAS', 'SEDIK', 1, NULL, '12/03/2685', 2, 0, '2022-12-20 13:15:19', '2022-12-20 13:15:19'),
(447, 'HARKAT', 'ABDELHAK', 1, NULL, '05/2201/04189/2016', 2, 0, '2022-12-21 07:17:57', '2022-12-21 07:17:57'),
(448, 'BEKKA', 'IDRSI', 1, NULL, '120813178', 1, 0, '2022-12-21 11:13:59', '2022-12-21 11:13:59'),
(449, 'KHEDJARI', 'ABDALLAH', 1, NULL, '109910581021260309', 1, 0, '2022-12-21 11:16:47', '2022-12-21 11:16:47'),
(450, 'ZENAGUI', 'BOUNOUAR', 2, NULL, '102042968', 1, 0, '2022-12-21 11:24:02', '2022-12-21 11:24:02'),
(451, 'MAMMERI', 'ISMAIL', 1, NULL, '201621511', 1, 0, '2022-12-21 11:40:00', '2022-12-21 11:40:00'),
(452, 'AIT TAYAB MOHAMED', 'AMEZIANE', 2, NULL, '15/05/005800/2013', 2, 0, '2022-12-21 11:41:35', '2022-12-21 11:41:35'),
(453, 'MARADI', 'RAFIK', 2, NULL, '102343176', 1, 0, '2022-12-21 11:47:50', '2022-12-21 11:47:50'),
(454, 'HAREK', 'FARID', 1, NULL, '203095148', 1, 0, '2022-12-21 12:11:06', '2022-12-21 12:11:06'),
(455, 'BOUNABI', 'AISSA', 2, NULL, '101564155', 1, 0, '2022-12-22 07:07:46', '2022-12-22 07:07:46'),
(456, 'HAMMOUDI', 'ABDELKRIM', 1, NULL, '403221072', 1, 0, '2022-12-22 07:10:03', '2022-12-22 07:10:03'),
(457, 'HAREK', 'FARID', 1, NULL, '203095148', 1, 0, '2022-12-22 07:35:36', '2022-12-22 07:35:36'),
(458, 'BELALIA', 'ABDELDJALIL', 3, NULL, '116827058', 1, 0, '2022-12-22 08:10:14', '2022-12-22 08:10:14'),
(459, 'MERAIHI', 'DJAMEL', 1, NULL, '103706868', 1, 0, '2022-12-22 09:09:33', '2022-12-22 09:09:33'),
(460, 'KRBIRITA', 'MOHAMED', 1, NULL, '257', 1, 0, '2022-12-22 09:19:54', '2022-12-22 09:19:54'),
(461, 'BOUZENAD', 'ALI', 1, NULL, 'A051516204', 2, 0, '2022-12-22 09:26:54', '2022-12-22 09:26:54'),
(462, 'BENDJEDDA', 'MOKHTAR', 1, NULL, '403730579', 1, 0, '2022-12-22 09:30:26', '2022-12-22 09:30:26'),
(463, 'BENDJEDDA', 'MOKHTAR', 1, NULL, '403730579', 1, 0, '2022-12-22 09:44:14', '2022-12-22 09:44:14'),
(464, 'KERRICHE', 'YOUCEF', 1, NULL, 'A00157490', 2, 0, '2022-12-22 09:46:53', '2022-12-22 09:46:53'),
(465, 'HAMRIT', 'OUAKIL', 2, NULL, '396', 2, 0, '2022-12-22 11:35:56', '2022-12-22 11:35:56'),
(466, 'MARADI', 'RAFIK', 2, NULL, '102343176', 1, 0, '2022-12-22 11:48:03', '2022-12-22 11:48:03'),
(467, 'SAIDI', 'HALIM', 1, NULL, '207469774', 1, 0, '2022-12-22 12:21:21', '2022-12-22 12:21:21'),
(468, 'HACHEMI', 'BENYAHIA', 1, NULL, '200835751', 1, 0, '2022-12-25 07:17:46', '2022-12-25 07:17:46'),
(469, 'KHELILI', 'LAHBIB', 1, NULL, '03/06/003534', 2, 0, '2022-12-25 07:29:06', '2022-12-25 07:29:06'),
(470, 'AMARA', 'Mohamed', 1, NULL, '291412', 1, 0, '2022-12-25 12:53:56', '2022-12-25 12:53:56'),
(471, 'LAMARA', 'CHABANE', 2, NULL, '105449641', 1, 0, '2022-12-26 06:42:34', '2022-12-26 06:42:34'),
(472, 'LIMBAREK', 'AMINA', 1, NULL, 'A02514854', 2, 0, '2022-12-26 06:43:30', '2022-12-26 06:43:30'),
(473, 'HAMZI', 'BOUZID', 1, NULL, '113681444', 1, 0, '2022-12-26 06:45:30', '2022-12-26 06:45:30'),
(474, 'BENMAMMARI', 'RABAH', 1, NULL, '105773289', 1, 0, '2022-12-26 08:01:55', '2022-12-26 08:01:55'),
(475, 'IDIR', 'MOHAMED', 1, NULL, 'A00901439', 2, 0, '2022-12-26 08:47:31', '2022-12-26 08:47:31'),
(476, 'AMELOUNE', 'NADIR CHAWKI', 1, NULL, 'L00499923', 1, 0, '2022-12-26 09:00:43', '2022-12-26 09:00:43'),
(477, 'AMLOUNE', 'MOHAMED SALAH', 1, NULL, 'HAR/2015/R/524', 2, 0, '2022-12-26 09:02:52', '2022-12-26 09:02:52'),
(478, 'BOUZERITA', 'YAHIA', 1, NULL, '1415/1753', 2, 0, '2022-12-26 09:16:06', '2022-12-26 09:16:06'),
(479, 'MEFTAHI', 'Mohamed', 1, NULL, 'A01585363', 2, 0, '2022-12-26 09:46:27', '2022-12-26 09:46:27'),
(480, 'KORRICHI', 'RABAH', 1, NULL, 'A01243055', 2, 0, '2022-12-26 11:24:45', '2022-12-26 11:24:45'),
(481, 'KOUIDER', 'ABDELBASSET', 1, NULL, 'A01163770', 2, 0, '2022-12-26 11:50:39', '2022-12-26 11:50:39'),
(482, 'EZZIANE', 'Mohamed', 1, NULL, '102117209', 1, 0, '2022-12-26 11:56:35', '2022-12-26 11:56:35'),
(483, 'CHERIFI', 'BENYOUCEF', 1, NULL, '114843153', 1, 0, '2022-12-26 11:58:27', '2022-12-26 11:58:27'),
(484, 'TOBBEL SEGHIR', 'MOHAMED', 1, NULL, '106021035', 1, 0, '2022-12-26 12:26:14', '2022-12-26 12:26:14'),
(485, 'BELLAMINE', 'AKSEL', 1, NULL, '7250', 4, 0, '2022-12-27 06:35:19', '2022-12-27 06:35:19'),
(486, 'MAZARI', 'FATEH', 1, NULL, '06/01/05128/16', 2, 0, '2022-12-27 07:13:34', '2022-12-27 07:13:34'),
(487, 'BOUAZIZ', 'HOCINE', 1, NULL, '101125859', 1, 0, '2022-12-27 07:28:32', '2022-12-27 07:28:32'),
(488, 'HAMRIT', 'OUAKIL', 1, NULL, '396', 1, 0, '2022-12-27 07:30:00', '2022-12-27 07:30:00'),
(489, 'ZENDJABIL', 'M\'HAMED', 1, NULL, '401959951', 1, 0, '2022-12-27 07:50:07', '2022-12-27 07:50:07'),
(490, 'Bou Abdellah', 'SMAIL', 1, NULL, '13/01/21395', 2, 0, '2022-12-27 07:51:03', '2022-12-27 07:51:03'),
(491, 'SAOUDI', 'KAMEL', 1, NULL, '019527', 1, 0, '2022-12-27 07:52:32', '2022-12-27 07:52:32'),
(492, 'ADDALOU', 'RAMTANE', 1, NULL, '06/0625/00612/20', 2, 0, '2022-12-27 07:53:33', '2022-12-27 07:53:33'),
(493, 'TOBBAL SEGHIR', 'MOHAMED', 2, NULL, '106021035', 1, 0, '2022-12-27 07:54:23', '2022-12-27 07:54:23');
INSERT INTO `visitors` (`id`, `firstname`, `lastname`, `position`, `attachment`, `cin`, `id_type`, `is_deleted`, `created_at`, `updated_at`) VALUES
(494, 'ACHOUCHE', 'RACHID', 1, NULL, '101604964', 1, 0, '2022-12-27 08:19:26', '2022-12-27 08:19:26'),
(495, 'BOUAZZA', 'REDOUANE', 1, NULL, 'AL292Z', 4, 0, '2022-12-27 09:27:49', '2022-12-27 09:27:49'),
(496, 'SID', 'ABDELAZIZ', 2, NULL, '106498689', 1, 0, '2022-12-27 09:31:46', '2022-12-27 09:31:46'),
(497, 'BENSEMAIL', 'MOHAMED', 1, NULL, 'A01369950', 2, 0, '2022-12-27 12:05:31', '2022-12-27 12:05:31'),
(498, 'BELHADI', 'ISMAIL', 1, NULL, '3517/2021/1810', 2, 0, '2022-12-27 13:07:13', '2022-12-27 13:07:13'),
(499, 'BOURBALA', 'BRAHIM', 1, NULL, 'A02045988', 2, 0, '2022-12-28 06:46:36', '2022-12-28 06:46:36'),
(500, 'BEDJAOUI', 'SADDAM', 1, NULL, '101810019', 1, 0, '2022-12-28 07:05:58', '2022-12-28 07:05:58'),
(501, 'GACEM', 'RACHID', 2, NULL, '114007393', 1, 0, '2022-12-28 07:10:54', '2022-12-28 07:10:54'),
(502, 'BOUAZIZ', 'HOCINE', 1, NULL, '000924/19', 2, 0, '2022-12-28 07:22:54', '2022-12-28 07:22:54'),
(503, 'HARIZI', 'SACI', 1, NULL, '248', 4, 0, '2022-12-28 07:24:13', '2022-12-28 07:24:13'),
(504, 'FERRAH', 'ALI', 3, NULL, '05.0948.2555', 2, 0, '2022-12-28 08:02:09', '2022-12-28 08:02:09'),
(505, 'MALLEM', 'AHMED', 1, NULL, '201200717', 1, 0, '2022-12-28 08:02:58', '2022-12-28 08:02:58'),
(506, 'NAIM', 'AHLEM', 3, NULL, 'A00054695', 2, 0, '2022-12-28 08:21:08', '2022-12-28 08:21:08'),
(507, 'NAIM', 'AHLEM', 1, NULL, 'A00054695', 2, 0, '2022-12-28 08:22:12', '2022-12-28 08:22:12'),
(508, 'HAMDI', 'MOHAMED', 1, NULL, '109310629', 1, 0, '2022-12-28 08:25:17', '2022-12-28 08:25:17'),
(509, 'HAREK', 'FARID', 1, NULL, '203095148', 1, 0, '2022-12-28 11:14:07', '2022-12-28 11:14:07'),
(510, 'YAKOUB', 'ABD ERRAHMANE', 1, NULL, 'XXXXXX', 1, 0, '2022-12-28 11:27:56', '2022-12-28 11:27:56'),
(511, 'DJABBAR', 'MOHAMED', 1, NULL, 'L00102063', 2, 0, '2022-12-28 12:37:32', '2022-12-28 12:37:32'),
(512, 'BENMAHDI', 'HOCINE', 1, NULL, '117227874', 1, 0, '2022-12-28 13:26:37', '2022-12-28 13:26:37'),
(513, 'MALLEM', 'AHMED', 1, NULL, '201200717', 1, 0, '2022-12-29 13:19:25', '2022-12-29 13:19:25'),
(514, 'WOLED ELBEKAYE', 'ELHOUSSEINE', 1, NULL, '4711/07/000629', 2, 0, '2022-12-29 13:22:04', '2022-12-29 13:22:04'),
(515, 'HAZLA', 'FARID', 1, NULL, '2850', 2, 0, '2023-01-02 06:34:56', '2023-01-02 06:34:56'),
(516, 'LAMARA', 'CHABANE', 2, NULL, '105449641', 1, 0, '2023-01-02 06:36:12', '2023-01-02 06:36:12'),
(517, 'KHANFER', 'AKRAM', 1, NULL, '011960/19', 2, 0, '2023-01-02 06:51:44', '2023-01-02 06:51:44'),
(518, 'AMOURI', 'SAMIR', 1, NULL, 'L00380175', 2, 0, '2023-01-02 07:24:53', '2023-01-02 07:24:53'),
(519, 'BOUCHOUL', 'ELHADI', 1, NULL, '115918749', 1, 0, '2023-01-02 07:27:13', '2023-01-02 07:27:13'),
(520, 'ARBIA BOUDJELTIHA', 'MOHAMED', 1, NULL, '103446063', 1, 0, '2023-01-02 07:39:47', '2023-01-02 07:39:47'),
(521, 'ALIK', 'LYES', 1, NULL, '114865725', 1, 0, '2023-01-02 08:16:27', '2023-01-02 08:16:27'),
(522, 'BOUDRAA', 'SAMIR', 1, NULL, '002899', 2, 0, '2023-01-02 08:26:24', '2023-01-02 08:26:24'),
(523, 'MILOUDI', 'BRAHIM', 1, NULL, '13_42045', 2, 0, '2023-01-02 08:52:12', '2023-01-02 08:52:12'),
(524, 'KEZZOULA', 'MOHAMED', 1, NULL, 'A02505635', 2, 0, '2023-01-02 11:58:28', '2023-01-02 11:58:28'),
(525, 'BENTALEB', 'MOHAMED RAOUF', 2, NULL, '100911512', 1, 0, '2023-01-02 13:24:03', '2023-01-02 13:24:03'),
(526, 'AROUCHE', 'YAHIA EDDINE', 1, NULL, '101182863', 1, 0, '2023-01-03 06:32:20', '2023-01-03 06:32:20'),
(527, 'ARROUCHE', 'BADREDDINE', 3, NULL, 'A02429401', 2, 0, '2023-01-03 06:42:54', '2023-01-03 06:42:54'),
(528, 'DAHMANE', 'BRAHIM', 3, NULL, '104029542', 1, 0, '2023-01-03 06:54:14', '2023-01-03 06:54:14'),
(529, 'MEROUANE', 'AKLI', 2, NULL, '109416891', 1, 0, '2023-01-03 07:21:31', '2023-01-03 07:21:31'),
(530, 'AIT OUFELLA', 'ABDERRAZAK', 3, NULL, 'ROB/2015/R/18077', 2, 0, '2023-01-03 07:54:26', '2023-01-03 07:54:26'),
(531, 'HELIFI MOHAMED', 'NASSIM', 1, NULL, '45/01/2731/19', 2, 0, '2023-01-03 08:05:36', '2023-01-03 08:05:36'),
(532, 'IKHLEF', 'FAROUK', 1, NULL, '107117988', 1, 0, '2023-01-03 08:06:50', '2023-01-03 08:06:50'),
(533, 'SAADANI', 'ADEL', 1, NULL, '120948323', 1, 0, '2023-01-03 08:09:03', '2023-01-03 08:09:03'),
(534, 'HEDDAD', 'MOHAMED', 1, NULL, '103970233', 1, 0, '2023-01-03 08:22:34', '2023-01-03 08:22:34'),
(535, 'BENMAHDI', 'HOCINE', 1, NULL, '117227874', 1, 0, '2023-01-03 09:07:40', '2023-01-03 09:07:40'),
(536, 'MEZOUANE', 'MESSAOUD', 1, NULL, 'E/15/07/1521/000480/2020', 1, 0, '2023-01-03 09:11:42', '2023-01-03 09:11:42'),
(537, 'DAYA', 'MERIEM', 3, NULL, 'A02453677', 2, 0, '2023-01-03 09:45:52', '2023-01-03 09:45:52'),
(538, 'BOUKHALED', 'AICHA', 3, NULL, '120776609', 1, 0, '2023-01-03 09:49:28', '2023-01-03 09:49:28'),
(539, 'SALMI', 'MOHAMED', 1, NULL, 'A00996699', 2, 0, '2023-01-03 09:52:41', '2023-01-03 09:52:41'),
(540, 'SAIB', 'ABDELOUAHAB', 1, NULL, '113454170', 1, 0, '2023-01-03 11:31:21', '2023-01-03 11:31:21'),
(541, 'AZOUAOU', 'KAMEL', 1, NULL, '16052/2019/R/888', 2, 0, '2023-01-03 12:10:52', '2023-01-03 12:10:52'),
(542, 'BOUKHEDDAMI', 'AMAR', 1, NULL, '101467557', 1, 0, '2023-01-03 12:11:54', '2023-01-03 12:11:54'),
(543, 'BOUZERAA', 'ALI', 3, NULL, 'A02047290', 2, 0, '2023-01-03 13:00:21', '2023-01-03 13:00:21'),
(544, 'DEKKAR', 'MEHDI', 1, NULL, '109297922', 1, 0, '2023-01-03 13:41:26', '2023-01-03 13:41:26'),
(545, 'LAMARA', 'CHABANE', 2, NULL, '105449641', 1, 0, '2023-01-04 06:41:10', '2023-01-04 06:41:10'),
(546, 'SAIDANI', 'SLIMANE', 2, NULL, '109212515', 1, 0, '2023-01-04 06:42:09', '2023-01-04 06:42:09'),
(547, 'BELHADI', 'ABDESSELAM', 1, NULL, '2624/35', 2, 0, '2023-01-04 06:43:54', '2023-01-04 06:43:54'),
(548, 'BAKALEL', 'AOMAR', 2, NULL, '424315', 1, 0, '2023-01-04 06:46:05', '2023-01-04 06:46:05'),
(549, 'ALLAL', 'SOUAD', 3, NULL, '203526896', 1, 0, '2023-01-04 07:32:04', '2023-01-04 07:32:04'),
(550, 'MILOUDI', 'OMAR', 1, NULL, 'A00481477', 2, 0, '2023-01-04 07:37:29', '2023-01-04 07:37:29'),
(551, 'TORCHE', 'FOUAD', 1, NULL, 'XXXXXXX', 2, 0, '2023-01-04 07:51:39', '2023-01-04 07:51:39'),
(552, 'SOUKEUR', 'ABDERRAOUF', 1, NULL, '40354698', 1, 0, '2023-01-04 08:02:57', '2023-01-04 08:02:57'),
(553, 'AREZKI', 'YACINE', 1, NULL, '121038551', 1, 0, '2023-01-04 08:04:19', '2023-01-04 08:04:19'),
(554, 'ACHOUCHE', 'NACEUR', 1, NULL, '208284357', 1, 0, '2023-01-04 08:12:14', '2023-01-04 08:12:14'),
(555, 'ALLAL', 'AZEDDINE', 1, NULL, 'XXXXXXXX', 1, 0, '2023-01-04 08:20:29', '2023-01-04 08:20:29'),
(556, 'KHAMA', 'ABDEREZAK', 1, NULL, '121139539', 1, 0, '2023-01-04 08:38:57', '2023-01-04 08:38:57'),
(557, 'SAKER', 'HALIMA  KHADIDJA', 1, NULL, '120753721', 1, 0, '2023-01-04 09:20:10', '2023-01-04 09:20:10'),
(558, 'DRAGH', 'LOTFI', 2, NULL, '103813326', 1, 0, '2023-01-04 09:35:43', '2023-01-04 09:35:43'),
(559, 'ISSAADI', 'NOUREDDINE', 1, NULL, '101887719', 1, 0, '2023-01-04 12:00:35', '2023-01-04 12:00:35'),
(560, 'BELKHOUCHE', 'ISMAIL', 2, NULL, '305630', 1, 0, '2023-01-05 06:46:48', '2023-01-05 06:46:48'),
(561, 'BEN YAHIA', 'MOHAMED ZAKARYA', 1, NULL, '101612101', 1, 0, '2023-01-05 07:26:49', '2023-01-05 07:26:49'),
(562, 'KHELIFA', 'SAID', 1, NULL, '101365327', 1, 0, '2023-01-05 08:02:51', '2023-01-05 08:02:51'),
(563, 'NEDJARI', 'AHMED', 2, NULL, '1024257014', 1, 0, '2023-01-05 08:17:19', '2023-01-05 08:17:19'),
(564, 'SALMI', 'MOHAMED', 1, NULL, 'A00996699', 2, 0, '2023-01-05 09:33:52', '2023-01-05 09:33:52'),
(565, 'REGUIBI', 'ABDELMALEK', 2, NULL, '22/192', 2, 0, '2023-01-08 06:46:15', '2023-01-08 06:46:15'),
(566, 'TORCHI', 'BOUDJEMA', 1, NULL, '102393182', 1, 0, '2023-01-08 06:47:10', '2023-01-08 06:47:10'),
(567, 'BOUCHERABINE', 'ALI', 2, NULL, '1940/00408/20', 2, 0, '2023-01-08 08:59:21', '2023-01-08 08:59:21'),
(568, 'LAMARA', 'CHABANE', 1, NULL, '105449641', 1, 0, '2023-01-09 06:38:06', '2023-01-09 06:38:06'),
(569, 'AIDJOULI', 'ABDERRAHMANE', 2, NULL, '207844848', 1, 0, '2023-01-09 06:41:30', '2023-01-09 06:41:30'),
(570, 'ZERGAT', 'MOKHTAR', 1, NULL, 'A01175823', 2, 0, '2023-01-09 07:16:44', '2023-01-09 07:16:44'),
(571, 'ZIAR', 'LABIDI', 1, NULL, '101729820', 1, 0, '2023-01-09 07:24:57', '2023-01-09 07:24:57'),
(572, 'KHERROUR', 'ALI', 1, NULL, 'L00694441', 2, 0, '2023-01-09 07:38:59', '2023-01-09 07:38:59'),
(573, 'GUEMMAT', 'HAMID', 1, NULL, '105874838', 1, 0, '2023-01-09 07:49:43', '2023-01-09 07:49:43'),
(574, 'AIT SAID', 'HOCINE', 1, NULL, '104635371', 1, 0, '2023-01-09 08:10:07', '2023-01-09 08:10:07'),
(575, 'SELIKH', 'HACENE', 1, NULL, '200852521', 1, 0, '2023-01-09 08:26:08', '2023-01-09 08:26:08'),
(576, 'MILOUDI', 'OMAR', 1, NULL, '116935272', 1, 0, '2023-01-09 08:59:18', '2023-01-09 08:59:18'),
(577, 'KEBAILI', 'LOUNIS', 1, NULL, '101710351', 1, 0, '2023-01-09 09:06:06', '2023-01-09 09:06:06'),
(578, 'EZZIANE', 'MOHAMED', 1, NULL, '102117209', 1, 0, '2023-01-09 09:11:25', '2023-01-09 09:11:25'),
(579, 'CHERIFI', 'BENYOUCEF', 1, NULL, '114843153', 1, 0, '2023-01-09 09:12:42', '2023-01-09 09:12:42'),
(580, 'DJEMIL', 'SAMIR', 1, NULL, '270698', 1, 0, '2023-01-09 09:26:07', '2023-01-09 09:26:07'),
(581, 'BRAHIMI', 'TAYEB', 1, NULL, '200892337', 1, 0, '2023-01-09 09:51:20', '2023-01-09 09:51:20'),
(582, 'SLIMANI', 'SALAH EDDINE', 1, NULL, '103915172', 1, 0, '2023-01-09 11:55:54', '2023-01-09 11:55:54'),
(583, 'BOUCHINA', 'MESSAOUD', 1, NULL, '107009269', 1, 0, '2023-01-09 13:12:11', '2023-01-09 13:12:11'),
(584, 'DAHRI', 'AHMED', 1, NULL, 'XXXXXXX', 1, 0, '2023-01-09 13:34:06', '2023-01-09 13:34:06'),
(585, 'LAMARA', 'CHABANE', 1, NULL, '105449641', 1, 0, '2023-01-10 06:45:11', '2023-01-10 06:45:11'),
(586, 'GRAINE', 'ABD EL HADI', 1, NULL, '113549684', 1, 0, '2023-01-10 06:46:13', '2023-01-10 06:46:13'),
(587, 'MESSAOUDI', 'AISSA', 1, NULL, 'A01390997', 2, 0, '2023-01-10 07:07:04', '2023-01-10 07:07:04'),
(588, 'LOMBARKA', 'AMINA', 1, NULL, 'A02514854', 2, 0, '2023-01-10 07:08:22', '2023-01-10 07:08:22'),
(589, 'MENIAI', 'AMINE  TAREK', 3, NULL, '94/2811/0624', 2, 0, '2023-01-10 07:09:33', '2023-01-10 07:09:33'),
(590, 'AMROUNE', 'ABDELATIF', 1, NULL, '113525687', 1, 0, '2023-01-10 07:10:27', '2023-01-10 07:10:27'),
(591, 'ZIANE', 'NOURREDDINE', 1, NULL, '105951671', 1, 0, '2023-01-10 07:38:53', '2023-01-10 07:38:53'),
(592, 'CHAOUI', 'RACHID', 1, NULL, '21/23/00130', 1, 0, '2023-01-10 07:39:58', '2023-01-10 07:39:58'),
(593, 'SID', 'ABDELAZIZ', 1, NULL, '106498689', 1, 0, '2023-01-10 08:42:39', '2023-01-10 08:42:39'),
(594, 'BASSAID', 'IBRAHIM', 1, NULL, '201133507', 1, 0, '2023-01-10 08:52:34', '2023-01-10 08:52:34'),
(595, 'ARBIA BOUDJELTIHA', 'MOHAMED', 1, NULL, '103446063', 1, 0, '2023-01-10 09:28:49', '2023-01-10 09:28:49'),
(596, 'KHELLAFI', 'MUSTAPHA', 1, NULL, '102861969', 1, 0, '2023-01-10 09:31:13', '2023-01-10 09:31:13'),
(597, 'BENHAMOUDA', 'ABDELKADER', 1, NULL, '48/00790/20', 2, 0, '2023-01-10 11:11:49', '2023-01-10 11:11:49'),
(598, 'TAIBI', 'NASSIMA', 1, NULL, 'STL/45872/4573/2016', 1, 0, '2023-01-10 11:14:13', '2023-01-10 11:14:13'),
(599, 'OULD AMEZIANE', 'HAKIM', 1, NULL, 'A00763305', 2, 0, '2023-01-10 11:43:10', '2023-01-10 11:43:10'),
(600, 'SAADA', 'HAMID', 1, NULL, '10/02/13/1674/19', 2, 0, '2023-01-10 12:24:43', '2023-01-10 12:24:43'),
(601, 'AYAT', 'MOHAMED ALI', 2, NULL, 'A02354878', 1, 0, '2023-01-10 12:26:14', '2023-01-10 12:26:14'),
(602, 'DIB', 'ALI', 1, NULL, '102412796', 1, 0, '2023-01-11 06:44:30', '2023-01-11 06:44:30'),
(603, 'HAROUN', 'SAMIA', 1, NULL, '113569076', 1, 0, '2023-01-11 06:47:50', '2023-01-11 06:47:50'),
(604, 'SAADI', 'FAKHIR_DINE', 1, NULL, '101099186', 1, 0, '2023-01-11 07:25:10', '2023-01-11 07:25:10'),
(605, 'GUENNOUNA', 'ABDELKADER', 1, NULL, '17/04/06', 2, 0, '2023-01-11 07:38:07', '2023-01-11 07:38:07'),
(606, 'SELLAH', 'BILAL', 1, NULL, '15/19/016926/2011', 2, 0, '2023-01-11 08:37:37', '2023-01-11 08:37:37'),
(607, 'AMARA', 'KARIM', 1, NULL, '119319688', 1, 0, '2023-01-11 08:38:22', '2023-01-11 08:38:22'),
(608, 'AMARA', 'MOHAMED', 1, NULL, '27/129000', 2, 0, '2023-01-11 08:40:02', '2023-01-11 08:40:02'),
(609, 'GAZREM', 'MESSAOUD', 3, NULL, 'BT/2012/1300', 2, 0, '2023-01-11 08:43:09', '2023-01-11 08:43:09'),
(610, 'ZATER', 'FAYSSAL', 3, NULL, '02/811/2017', 2, 0, '2023-01-11 11:30:28', '2023-01-11 11:30:28'),
(611, 'DOUALI', 'MUSTAPHA', 1, NULL, 'A02225724', 2, 0, '2023-01-11 11:32:03', '2023-01-11 11:32:03'),
(612, 'BOURAHLI', 'REDHA', 1, NULL, '101560380', 1, 0, '2023-01-11 12:33:14', '2023-01-11 12:33:14'),
(613, 'ABDELAZIZ', 'SALIM', 1, NULL, '003892/10/08/47', 2, 0, '2023-01-15 06:33:09', '2023-01-15 06:33:09'),
(614, 'HADDADI', 'MOHAND AREZKI', 1, NULL, '109041886', 1, 0, '2023-01-15 06:54:47', '2023-01-15 06:54:47'),
(615, 'NEGROUCHE', 'SAID', 1, NULL, '120453619', 1, 0, '2023-01-15 08:05:26', '2023-01-15 08:05:26'),
(616, 'MALLEM', 'AHMED', 1, NULL, '201200717', 1, 0, '2023-01-15 08:48:27', '2023-01-15 08:48:27'),
(617, 'GUITOUNE', 'DJALAL', 1, NULL, '02/850/2022', 2, 0, '2023-01-15 12:40:20', '2023-01-15 12:40:20'),
(618, 'GUITTOUNE', 'NASEREDDINE', 1, NULL, 'A00311693', 2, 0, '2023-01-15 12:41:18', '2023-01-15 12:41:18'),
(619, 'EZZIANE', 'MOHAMED', 1, NULL, '102117209', 1, 0, '2023-01-15 12:42:09', '2023-01-15 12:42:09'),
(620, 'BESSAID', 'BRAHIM', 1, NULL, '201133507', 1, 0, '2023-01-16 06:33:09', '2023-01-16 06:33:09'),
(621, 'LABANE', 'MUSTAPHA', 1, NULL, '117665576', 1, 0, '2023-01-16 06:36:19', '2023-01-16 06:36:19'),
(622, 'MAHFOUDI', 'MOHAMMED', 1, NULL, '41/92013', 2, 0, '2023-01-16 06:38:45', '2023-01-16 06:38:45'),
(623, 'HANNACHYI', 'SALAH', 1, NULL, '102382995', 1, 0, '2023-01-16 06:41:50', '2023-01-16 06:41:50'),
(624, 'TIAIBA', 'BOUZID', 1, NULL, '208408323', 1, 0, '2023-01-16 07:00:25', '2023-01-16 07:00:25'),
(625, 'MOHAMED LAMINE', 'RAYEH', 1, NULL, '761363', 1, 0, '2023-01-16 07:12:35', '2023-01-16 07:12:35'),
(626, 'MOSTEFAOUI', 'ABDESSELEM', 1, NULL, '001329/19', 2, 0, '2023-01-16 07:37:50', '2023-01-16 07:37:50'),
(627, 'AIT  IDIR', 'BELKACEM', 1, NULL, 'A00287342', 2, 0, '2023-01-16 07:42:53', '2023-01-16 07:42:53'),
(628, 'SAADANI', 'ADEL', 1, NULL, '120948323', 1, 0, '2023-01-16 08:11:07', '2023-01-16 08:11:07'),
(629, 'BOUDJABI', 'MOHAMED REDHA', 1, NULL, 'A01549699', 2, 0, '2023-01-16 08:27:17', '2023-01-16 08:27:17'),
(630, 'BEN OUSSAID', 'KHALED', 1, NULL, '101129026', 1, 0, '2023-01-16 08:46:47', '2023-01-16 08:46:47'),
(631, 'ARBOUCHE', 'LAKHDAR', 1, NULL, 'A00952391', 2, 0, '2023-01-16 09:05:02', '2023-01-16 09:05:02'),
(632, 'ZEMOUCHE', 'HOCINE', 1, NULL, 'E/15//10/1525/001210/2017', 2, 0, '2023-01-16 09:07:40', '2023-01-16 09:07:40'),
(633, 'CHETOUANI', 'BRAHIM', 1, NULL, '121031073', 1, 0, '2023-01-16 11:58:06', '2023-01-16 11:58:06'),
(634, 'BOUAYAD', 'MUSTAPHA KAMEL', 3, NULL, '113092086', 1, 0, '2023-01-16 12:05:47', '2023-01-16 12:05:47'),
(635, 'GHALEM', 'AHMED', 1, NULL, '116710036', 1, 0, '2023-01-16 12:06:40', '2023-01-16 12:06:40'),
(636, 'HAMMOUDI', 'ABDELKRIM', 1, NULL, '2014-34-07-587', 2, 0, '2023-01-16 12:44:22', '2023-01-16 12:44:22'),
(637, 'KISMOUNE', 'AHMED ABDELAZIZ', 1, NULL, 'A01397812', 2, 0, '2023-01-17 06:32:02', '2023-01-17 06:32:02'),
(638, 'BOUCHELIF', 'ABDELDJALIL', 1, NULL, '101515491', 1, 0, '2023-01-17 06:34:32', '2023-01-17 06:34:32'),
(639, 'BEDJAOUI', 'SADDAM', 1, NULL, '101810019', 1, 0, '2023-01-17 07:05:02', '2023-01-17 07:05:02'),
(640, 'REKAI', 'REZIKA', 1, NULL, 'A00208609', 2, 0, '2023-01-17 07:10:55', '2023-01-17 07:10:55'),
(641, 'GUERBOUCI', 'KAMEL', 1, NULL, '12/07/49265', 2, 0, '2023-01-17 08:49:46', '2023-01-17 08:49:46'),
(642, 'HINANA', 'ABDELKRIM', 1, NULL, '47/05/014055', 2, 0, '2023-01-17 12:07:48', '2023-01-17 12:07:48'),
(643, 'BAHA', 'SALEM', 1, NULL, 'XXXXXXXXX', 1, 0, '2023-01-17 12:11:09', '2023-01-17 12:11:09'),
(644, 'BOUBEKER', 'MOULOUD', 3, NULL, '403736603', 1, 0, '2023-01-17 12:12:18', '2023-01-17 12:12:18'),
(645, 'GHOUALEM', 'ABDELHAKIM', 3, NULL, '100876117', 1, 0, '2023-01-17 12:13:46', '2023-01-17 12:13:46'),
(646, 'NOUIOUA', 'SAMI', 1, NULL, '34/2015/7824/06', 2, 0, '2023-01-17 13:09:23', '2023-01-17 13:09:23'),
(647, 'LAMARA', 'CHABANE', 2, NULL, '10549641', 1, 0, '2023-01-18 06:30:39', '2023-01-18 06:30:39'),
(648, 'SEGUENI', 'SADOK', 1, NULL, '3908/02/58', 2, 0, '2023-01-18 07:06:19', '2023-01-18 07:06:19'),
(649, 'KHALFAOUI', 'SAID', 1, NULL, '39/019507', 2, 0, '2023-01-18 07:07:20', '2023-01-18 07:07:20'),
(650, 'HAFID', 'ABDERRAHMANE', 1, NULL, '113607912', 1, 0, '2023-01-18 07:52:59', '2023-01-18 07:52:59'),
(651, 'ZERGAT', 'HADDA', 1, NULL, '207043396', 1, 0, '2023-01-18 08:27:02', '2023-01-18 08:27:02'),
(652, 'ABDEDAIM', 'AHMED LAMINE', 1, NULL, 'XXXXXX', 4, 0, '2023-01-18 09:19:09', '2023-01-18 09:19:09'),
(653, 'ACHAB', 'DJAMEL', 2, NULL, 'XXXXXXXXX', 4, 0, '2023-01-18 09:25:03', '2023-01-18 09:25:03'),
(654, 'BELMADANI', 'AHCENE', 1, NULL, '16104/2019/R/838', 2, 0, '2023-01-18 11:57:36', '2023-01-18 11:57:36'),
(655, 'BOUSMAHA', 'KADA', 1, NULL, '121575727', 1, 0, '2023-01-19 06:32:24', '2023-01-19 06:32:24'),
(656, 'BOUDOUMA', 'AISSA', 1, NULL, '100903068', 1, 0, '2023-01-19 06:35:22', '2023-01-19 06:35:22'),
(657, 'BELHOCINE', 'AHMED', 1, NULL, '120034741', 1, 0, '2023-01-19 08:03:10', '2023-01-19 08:03:10'),
(658, 'KHAMA', 'ABDEREZAK', 1, NULL, '121139539', 1, 0, '2023-01-19 08:38:08', '2023-01-19 08:38:08'),
(659, 'BOUALLEG', 'SMAIN', 1, NULL, '108751442', 1, 0, '2023-01-19 09:10:19', '2023-01-19 09:10:19'),
(660, 'LAMARA', 'CHABANE', 2, NULL, '10549641', 1, 0, '2023-01-19 11:14:34', '2023-01-19 11:14:34'),
(661, 'BENSEMAIL', 'MOHAMED', 1, NULL, '119339100', 1, 0, '2023-01-19 11:17:52', '2023-01-19 11:17:52'),
(662, 'KHEDJARI', 'ABDERRAHMANE', 1, NULL, '16123/2019/R/343', 2, 0, '2023-01-19 11:43:05', '2023-01-19 11:43:05'),
(663, 'LAISSAOUI', 'ADNANE', 1, NULL, 'XXXXXXXXXX', 2, 0, '2023-01-22 09:12:23', '2023-01-22 09:12:23'),
(664, 'DJOUADI', 'HAMZA', 1, NULL, '108545406', 1, 0, '2023-01-23 07:17:11', '2023-01-23 07:17:11'),
(665, 'OTMANE', 'ISMA', 1, NULL, '101081558', 1, 0, '2023-01-23 07:42:30', '2023-01-23 07:42:30'),
(666, 'HAROUN', 'SAMIA', 1, NULL, '113569076', 1, 0, '2023-01-23 08:00:12', '2023-01-23 08:00:12'),
(667, 'GUEMMAT', 'HAMID', 1, NULL, 'A00928744', 2, 0, '2023-01-23 08:14:22', '2023-01-23 08:14:22'),
(668, 'LAISSAOUI', 'ADNANE', 1, NULL, '12/1201/026708', 2, 0, '2023-01-23 08:17:52', '2023-01-23 08:17:52'),
(669, 'BELLAHSENE', 'FERIEL', 1, NULL, '115246671', 1, 0, '2023-01-23 08:39:25', '2023-01-23 08:39:25'),
(670, 'KHADIR', 'MOHAMED', 1, NULL, '118824176', 1, 0, '2023-01-23 09:13:54', '2023-01-23 09:13:54'),
(671, 'ATHMANI', 'SACI', 1, NULL, '200933540', 1, 0, '2023-01-23 11:19:01', '2023-01-23 11:19:01'),
(672, 'HADJ SADOK', 'SID AHMED', 1, NULL, '102436134', 1, 0, '2023-01-23 12:54:52', '2023-01-23 12:54:52'),
(673, 'ALOUACHE', 'MOURAD', 1, NULL, '113971984', 1, 0, '2023-01-23 13:01:35', '2023-01-23 13:01:35'),
(674, 'DJELLAKH', 'ZINEDDINE', 1, NULL, '402011841', 1, 0, '2023-01-23 13:05:43', '2023-01-23 13:05:43'),
(675, 'HELLIFI', 'MOHAMED NASSIM', 2, NULL, '204759258', 1, 0, '2023-01-24 06:49:10', '2023-01-24 06:49:10'),
(676, 'ALITI', 'KHEMESSI', 1, NULL, '1927/00364/19', 2, 0, '2023-01-24 06:51:32', '2023-01-24 06:51:32'),
(677, 'HADJADJI', 'ALI', 1, NULL, 'HAR/2015/R/8871', 2, 0, '2023-01-24 07:25:39', '2023-01-24 07:25:39'),
(678, 'BOUHAHA', 'ACHOUR', 1, NULL, '101215223', 1, 0, '2023-01-24 07:28:17', '2023-01-24 07:28:17'),
(679, 'BOUNAAMA', 'ABDELKRIM', 1, NULL, '47/02/005302', 2, 0, '2023-01-24 07:31:46', '2023-01-24 07:31:46'),
(680, 'TIAIBA', 'KAIS', 1, NULL, '006792/19', 2, 0, '2023-01-24 07:38:54', '2023-01-24 07:38:54'),
(681, 'TIAIBA', 'ABDELMALEK', 1, NULL, '208162239', 1, 0, '2023-01-24 08:34:54', '2023-01-24 08:34:54'),
(682, 'BOUKHALAT', 'SAID', 1, NULL, '207259204', 1, 0, '2023-01-24 09:21:02', '2023-01-24 09:21:02'),
(683, 'SACI', 'SEGHIR', 1, NULL, '06/01/04428/16', 2, 0, '2023-01-24 11:48:55', '2023-01-24 11:48:55'),
(684, 'BRAHIMI', 'MOULOUD', 1, NULL, '25/01/112155', 2, 0, '2023-01-24 11:50:13', '2023-01-24 11:50:13'),
(685, 'AMEUR', 'TAYEB', 1, NULL, '06/0601/03002/17', 2, 0, '2023-01-24 11:51:29', '2023-01-24 11:51:29'),
(686, 'KOUIDER', 'ABDELBASSET', 1, NULL, 'A01163770', 2, 0, '2023-01-24 11:58:11', '2023-01-24 11:58:11'),
(687, 'TABI', 'MOHAMED BACHIR', 1, NULL, 'A02683256', 1, 0, '2023-01-24 13:31:43', '2023-01-24 13:31:43'),
(688, 'BENAOURA', 'KHEMISSI', 1, NULL, '108722376', 1, 0, '2023-01-25 06:59:06', '2023-01-25 06:59:06'),
(689, 'MAZARI', 'MESSAOUD', 2, NULL, '104497488', 1, 0, '2023-01-25 07:03:19', '2023-01-25 07:03:19'),
(690, 'LAIDOUNI', 'ILIASSE', 1, NULL, '112300732', 1, 0, '2023-01-25 07:05:03', '2023-01-25 07:05:03'),
(691, 'YOUCEF  ACHIRA', 'SOUFYANE', 1, NULL, '102960433', 1, 0, '2023-01-25 09:11:17', '2023-01-25 09:11:17'),
(692, 'RAMDANI', 'M\'HAMED', 1, NULL, '100837588', 1, 0, '2023-01-25 09:14:36', '2023-01-25 09:14:36'),
(693, 'LECHEHEB', 'FARES', 1, NULL, '184', 2, 0, '2023-01-25 11:37:05', '2023-01-25 11:37:05'),
(694, 'SIARI', 'MOHAMED TAHAR', 1, NULL, '43/648', 2, 0, '2023-01-25 11:53:28', '2023-01-25 11:53:28'),
(695, 'HADJI', 'NADJI', 1, NULL, '1820', 2, 0, '2023-01-25 11:55:50', '2023-01-25 11:55:50'),
(696, 'sqdsqd', 'qsdsqdqsd', 1, NULL, 'sqdsqd', 1, 0, '2023-01-31 09:52:45', '2023-01-31 09:52:45'),
(697, 'dsfdsf', 'fdsfdsf', 1, NULL, 'dsfdsfds', 1, 0, '2023-02-12 08:52:49', '2023-02-12 08:52:49'),
(698, 'dgfdg', 'fdgfdgdfg', 1, NULL, 'dfg5f4g', 1, 0, '2023-03-29 11:46:17', '2023-03-29 11:46:17'),
(699, 'mohamed', 'kamal', 1, NULL, '2154545', 1, 0, '2023-04-06 09:49:46', '2023-04-06 09:49:46');

-- --------------------------------------------------------

--
-- Table structure for table `visits`
--

CREATE TABLE `visits` (
  `id` bigint(20) UNSIGNED NOT NULL,
  `visitor` bigint(20) UNSIGNED NOT NULL,
  `organization` bigint(20) UNSIGNED DEFAULT NULL,
  `category` bigint(20) UNSIGNED NOT NULL,
  `entry_date` datetime NOT NULL,
  `exit_date` datetime DEFAULT NULL,
  `emp_visited` bigint(20) UNSIGNED DEFAULT NULL,
  `service_emp_visited` bigint(20) UNSIGNED DEFAULT NULL,
  `status` int(11) NOT NULL,
  `hashost` tinyint(1) NOT NULL DEFAULT 0,
  `subject` varchar(255) COLLATE utf8mb4_unicode_ci DEFAULT NULL,
  `is_deleted` tinyint(1) NOT NULL DEFAULT 0
) ENGINE=InnoDB DEFAULT CHARSET=utf8mb4 COLLATE=utf8mb4_unicode_ci;

--
-- Dumping data for table `visits`
--

INSERT INTO `visits` (`id`, `visitor`, `organization`, `category`, `entry_date`, `exit_date`, `emp_visited`, `service_emp_visited`, `status`, `hashost`, `subject`, `is_deleted`) VALUES
(3, 2, 2, 1, '2022-11-03 09:25:00', NULL, NULL, 15, 1, 0, 'Renseignement', 0),
(4, 3, 3, 1, '2022-11-03 09:46:00', NULL, NULL, 18, 0, 0, 'qsdqsdsqd', 1),
(5, 4, 4, 1, '2022-11-03 10:00:00', NULL, NULL, 19, 0, 0, 'Renseignement', 0),
(6, 5, 5, 1, '2022-11-03 10:48:00', '2022-11-03 10:57:14', 55, 20, 2, 0, 'Récupération Du Cheque', 0),
(7, 6, 6, 1, '2022-11-03 12:48:00', '2022-11-03 13:22:46', 28, 19, 2, 0, 'Enregistrement', 0),
(8, 7, 7, 1, '2022-11-03 01:19:00', NULL, 127, 15, 1, 0, 'Marché', 0),
(9, 8, 8, 1, '2022-11-03 02:21:00', NULL, 127, 15, 0, 0, 'RDV', 0),
(10, 9, 9, 1, '2022-11-06 08:26:00', '2022-11-06 11:04:35', NULL, 22, 2, 0, 'R.C.CH  ADJUDICATION', 0),
(11, 10, 10, 1, '2022-11-06 08:28:00', '2022-11-06 09:22:40', NULL, 21, 2, 0, 'RDV', 0),
(12, 11, 11, 1, '2022-11-06 09:02:00', '2022-11-06 09:19:46', 52, 20, 2, 0, 'Récupérer un cheque', 0),
(13, 12, 12, 1, '2022-11-06 09:13:00', '2022-11-06 10:26:43', NULL, 16, 2, 0, 'Taxe Superficier', 0),
(14, 13, 13, 1, '2022-11-06 09:35:00', '2022-11-06 10:16:25', NULL, 19, 2, 0, 'Renseignement', 0),
(15, 14, 14, 1, '2022-11-06 10:22:00', '2022-11-06 10:36:56', NULL, 15, 2, 0, 'Dépôt de cahier des charge', 0),
(16, 15, 15, 1, '2022-11-06 10:33:00', '2022-11-06 10:44:23', 127, 15, 2, 0, 'Dépôt de cahier des charge', 0),
(17, 16, 16, 1, '2022-11-06 10:47:00', '2022-11-06 13:39:52', 52, 20, 2, 0, 'Personnelles', 0),
(18, 17, 17, 1, '2022-11-06 10:50:00', '2022-11-06 13:39:18', 52, 20, 2, 0, 'Personnelle', 0),
(19, 18, 18, 1, '2022-11-06 10:56:00', '2022-11-06 11:04:14', 27, 19, 2, 0, 'Dépôt D\'acte', 0),
(20, 19, 19, 1, '2022-11-06 11:14:00', '2022-11-06 11:43:51', NULL, 15, 2, 0, 'Dépôt de cahier des charge', 0),
(21, 20, 20, 1, '2022-11-06 11:26:00', '2022-11-06 11:49:49', NULL, 22, 2, 0, 'R.C.CH  ADJUDICATION', 0),
(22, 21, 21, 1, '2022-11-06 11:27:00', '2022-11-06 14:13:09', NULL, 21, 2, 0, 'Dépôt de cahier des charge', 0),
(23, 22, 22, 1, '2022-11-06 01:48:00', '2022-11-06 14:20:29', NULL, 19, 2, 0, 'RDV', 0),
(24, 23, 23, 1, '2022-11-06 02:32:00', '2022-11-06 14:47:58', 35, 19, 2, 0, 'Rec. lettre DDM', 0),
(25, 24, 24, 1, '2022-11-07 08:12:00', '2022-11-07 08:28:51', NULL, 19, 2, 0, 'Renseignement', 0),
(26, 25, 25, 1, '2022-11-07 08:14:00', '2022-11-07 08:47:50', NULL, 19, 2, 0, 'Renseignement', 0),
(27, 26, 167, 1, '2022-11-07 08:19:00', '2022-11-07 10:49:45', NULL, 19, 2, 0, 'DEPOT DE DOSSIER  EXPLORATION', 0),
(28, 27, 27, 1, '2022-11-07 08:21:00', '2022-11-07 09:02:52', 29, 19, 2, 0, 'retrait de permis', 0),
(29, 28, 28, 1, '2022-11-07 08:25:00', '2022-11-07 08:57:48', 35, 19, 2, 0, 'RECUPERATION D\'une lettre', 0),
(30, 29, 29, 1, '2022-11-07 08:30:00', '2022-11-07 10:19:30', NULL, 19, 2, 0, 'Renseignement', 0),
(31, 30, 30, 1, '2022-11-07 08:34:00', '2022-11-07 09:16:22', 29, 19, 2, 0, 'retrait de permis', 0),
(32, 31, 31, 1, '2022-11-07 08:48:00', '2022-11-07 09:32:32', 97, 22, 2, 0, 'R.C.CH  ADJUDICATION', 0),
(33, 32, 32, 1, '2022-11-07 09:04:00', '2022-11-07 10:32:03', 29, 19, 2, 0, 'retrait de permis  7191 PCX', 0),
(34, 33, 33, 1, '2022-11-07 09:22:00', '2022-11-07 09:34:20', 35, 19, 2, 0, 'RECUPERATION D\'une lettre ddm', 0),
(35, 34, 34, 1, '2022-11-07 09:25:00', '2022-11-07 10:21:16', 29, 19, 2, 0, 'retrait de permis  6938 PEC', 0),
(36, 35, 35, 1, '2022-11-07 09:28:00', NULL, 30, 19, 1, 0, 'Enregistrement', 0),
(37, 36, 36, 1, '2022-11-07 09:32:00', NULL, 30, 19, 1, 0, 'Enregistrement', 0),
(38, 37, 37, 1, '2022-11-07 09:36:00', '2022-11-07 10:33:37', 29, 19, 2, 0, 'retrait de permis', 0),
(39, 38, 38, 1, '2022-11-07 09:56:00', '2022-11-07 12:58:33', 25, 19, 2, 0, 'DEPOT DE DOSSIER  EXPLORATION', 0),
(40, 39, 39, 1, '2022-11-07 09:58:00', '2022-11-07 12:58:22', 25, 19, 2, 0, 'DEPOT DE DOSSIER  EXPLORATION', 0),
(41, 40, 40, 1, '2022-11-07 10:04:00', '2022-11-07 11:35:38', 127, 15, 2, 0, 'RDV', 0),
(42, 41, 41, 1, '2022-11-07 10:08:00', '2022-11-07 10:47:28', 29, 19, 2, 0, 'retrait de permis', 0),
(43, 42, 42, 1, '2022-11-07 10:10:00', '2022-11-07 10:27:31', 103, 22, 2, 0, 'RDV', 0),
(44, 43, 43, 1, '2022-11-07 10:19:00', '2022-11-07 11:09:52', 29, 19, 2, 0, 'retrait de permis', 0),
(45, 44, 44, 1, '2022-11-07 10:24:00', '2022-11-07 11:35:28', NULL, 22, 2, 0, 'R.C.CH  ADJUDICATION', 0),
(46, 45, 45, 1, '2022-11-07 10:26:00', '2022-11-07 11:35:22', NULL, 22, 2, 0, 'R.C.CH  ADJUDICATION', 0),
(47, 46, 46, 1, '2022-11-07 10:45:00', '2022-11-07 10:56:51', NULL, 22, 2, 0, 'R.C.CH  ADJUDICATION', 0),
(48, 47, 47, 1, '2022-11-07 10:56:00', '2022-11-07 11:24:15', NULL, 19, 2, 0, 'RDV', 0),
(49, 48, 48, 1, '2022-11-07 11:31:00', '2022-11-07 11:38:42', 30, 19, 2, 0, 'Complément De Dossier', 0),
(50, 49, 49, 1, '2022-11-07 01:43:00', '2022-11-07 13:49:15', 104, 22, 2, 0, 'Rec. lettre DPM', 0),
(51, 50, 50, 1, '2022-11-07 02:00:00', '2022-11-07 14:40:17', 29, 19, 2, 0, 'Retrait de permis', 0),
(52, 51, 51, 1, '2022-11-08 08:17:00', '2022-11-08 10:19:10', 28, 19, 2, 0, 'Complément De Dossier', 0),
(53, 52, 52, 1, '2022-11-08 08:19:00', '2022-11-08 09:04:41', 28, 19, 2, 0, 'Complément De Dossier', 0),
(54, 53, 53, 1, '2022-11-08 08:22:00', '2022-11-08 08:50:01', 27, 19, 2, 0, 'Complément De Dossier', 0),
(55, 54, 54, 1, '2022-11-08 08:24:00', '2022-11-08 10:30:37', 27, 19, 2, 0, 'Complément De Dossier', 0),
(56, 55, 55, 1, '2022-11-08 08:32:00', '2022-11-08 10:35:58', 30, 19, 2, 0, 'Enregistrement', 0),
(57, 56, 55, 1, '2022-11-08 08:40:00', '2022-11-08 10:36:12', 30, 19, 2, 0, 'Enregistrement', 0),
(58, 57, 57, 1, '2022-11-08 09:21:00', '2022-11-08 10:15:47', 27, 19, 2, 0, 'Renseignement', 0),
(59, 58, 58, 1, '2022-11-08 09:30:00', '2022-11-08 10:30:22', 28, 19, 2, 0, 'Enregistrement', 0),
(60, 59, 59, 1, '2022-11-08 09:39:00', '2022-11-08 11:07:47', 27, 19, 2, 0, 'Dépôt de Transfert', 0),
(61, 60, 60, 1, '2022-11-08 09:47:00', '2022-11-08 10:15:22', 29, 19, 2, 0, 'retrait de permis 23PXM', 0),
(62, 61, 61, 1, '2022-11-08 09:58:00', '2022-11-08 12:05:00', 32, 19, 2, 0, 'Enregistrement', 0),
(63, 62, 62, 1, '2022-11-08 10:10:00', '2022-11-08 12:07:00', 25, 19, 2, 0, 'dépôt de Dossier', 0),
(64, 63, 63, 1, '2022-11-08 10:23:00', '2022-11-08 10:46:48', 106, 17, 2, 0, 'Renseignement', 0),
(65, 64, 64, 1, '2022-11-08 10:27:00', '2022-11-08 10:46:22', 106, 17, 2, 0, 'Renseignement', 0),
(66, 65, 65, 1, '2022-11-08 10:32:00', '2022-11-08 11:52:31', 106, 17, 2, 0, 'Renseignement', 0),
(67, 66, 66, 1, '2022-11-08 11:05:00', '2022-11-08 11:23:03', 27, 19, 2, 0, 'Renseignement', 0),
(68, 67, 67, 1, '2022-11-08 11:14:00', '2022-11-08 11:34:27', 29, 19, 2, 0, 'retrait de permis', 0),
(69, 68, 68, 1, '2022-11-08 11:30:00', '2022-11-08 12:11:00', 29, 19, 2, 0, 'retrait de permis 7323 PEC', 0),
(70, 69, 69, 1, '2022-11-08 11:46:00', '2022-11-08 12:09:00', 106, 17, 2, 0, 'Renseignement', 0),
(71, 70, 70, 1, '2022-11-08 01:05:00', '2022-11-08 15:17:50', 25, 19, 2, 0, 'Dépôt de dossier d\'Extantion', 0),
(72, 71, 71, 1, '2022-11-08 01:15:00', '2022-11-08 14:12:04', 106, 17, 2, 0, 'RDV', 0),
(73, 72, 72, 1, '2022-11-08 02:02:00', '2022-11-08 15:07:21', 25, 19, 2, 0, 'DEPOT DE DOSSIER  EXPLORATION', 0),
(74, 73, 73, 1, '2022-11-08 02:07:00', '2022-11-08 15:07:11', 25, 19, 2, 0, 'DEPOT DE DOSSIER  EXPLORATION', 0),
(75, 74, 74, 1, '2022-11-09 08:58:00', '2022-11-09 10:36:30', NULL, 19, 2, 0, 'RDV', 0),
(76, 75, 75, 1, '2022-11-09 09:01:00', '2022-11-09 09:34:32', NULL, 22, 2, 0, 'R.C.CH  ADJUDICATION', 0),
(77, 76, 76, 1, '2022-11-09 09:25:00', '2022-11-09 10:36:14', 32, 19, 2, 0, 'Enregistrement', 0),
(78, 77, 77, 1, '2022-11-09 09:27:00', '2022-11-09 10:36:04', 28, 19, 2, 0, 'Complément De Dossier', 0),
(79, 78, 78, 1, '2022-11-09 09:40:00', '2022-11-09 13:18:00', 25, 19, 2, 0, 'Complément De Dossier', 0),
(80, 79, 79, 1, '2022-11-09 09:43:00', '2022-11-09 13:17:53', 25, 19, 2, 0, 'Complément De Dossier', 0),
(81, 80, 80, 1, '2022-11-09 09:52:00', '2022-11-09 11:27:02', 32, 19, 2, 0, 'Complément De Dossier', 0),
(82, 81, 81, 1, '2022-11-09 09:55:00', '2022-11-09 11:27:16', 32, 19, 2, 0, 'Complément De Dossier', 0),
(83, 82, 82, 1, '2022-11-09 10:36:00', '2022-11-09 10:55:57', 35, 19, 2, 0, 'R.L.DDM', 0),
(84, 83, 83, 1, '2022-11-09 10:40:00', '2022-11-09 11:19:57', 29, 19, 2, 0, 'R.OP DDM', 0),
(85, 84, 84, 1, '2022-11-09 10:45:00', '2022-11-09 13:17:46', 106, 17, 2, 0, 'RDV', 0),
(86, 85, 85, 1, '2022-11-09 10:46:00', '2022-11-09 11:46:35', 30, 19, 2, 0, 'Complément De Dossier', 0),
(87, 86, 86, 1, '2022-11-09 11:12:00', '2022-11-09 11:40:15', 35, 19, 2, 0, 'R.L.DDM', 0),
(88, 87, 87, 1, '2022-11-09 11:22:00', '2022-11-09 11:40:32', NULL, 22, 2, 0, 'R.C.CH  ADJUDICATION', 0),
(89, 88, 88, 1, '2022-11-09 11:23:00', '2022-11-09 11:39:42', 55, 20, 2, 0, 'Récupérer un cheque', 0),
(90, 89, 89, 1, '2022-11-09 11:41:00', '2022-11-09 13:17:36', 106, 17, 2, 0, 'RDV', 0),
(91, 90, 90, 1, '2022-11-09 01:18:00', '2022-11-09 14:45:52', 28, 19, 2, 0, 'Complément De Dossier', 0),
(92, 91, 9, 1, '2022-11-09 01:24:00', '2022-11-09 13:35:00', 97, 22, 2, 0, 'R.C.CH  ADJUDICATION', 0),
(93, 92, 92, 1, '2022-11-09 01:28:00', '2022-11-09 13:33:02', 27, 19, 2, 0, 'Renseignement', 0),
(94, 93, 93, 1, '2022-11-09 01:33:00', NULL, NULL, 16, 0, 0, 'Renseignement', 0),
(95, 94, 94, 1, '2022-11-09 01:57:00', '2022-11-09 14:33:38', 28, 19, 2, 0, 'Complément De Dossier', 0),
(96, 95, 95, 1, '2022-11-09 02:01:00', '2022-11-09 15:11:10', 75, 21, 2, 0, 'RDV', 0),
(97, 96, 96, 1, '2022-11-09 02:17:00', '2022-11-09 15:03:49', 25, 19, 2, 0, 'Renseignement', 0),
(98, 97, 97, 1, '2022-11-09 03:37:00', '2022-11-09 15:45:05', 128, 15, 2, 0, 'RDV', 0),
(99, 98, 98, 1, '2022-11-09 03:41:00', '2022-11-09 15:44:52', 35, 19, 2, 0, 'R.L.DDM', 0),
(100, 99, 99, 1, '2022-11-10 08:46:00', '2022-11-10 09:40:05', 30, 19, 2, 0, 'Enregistrement', 0),
(101, 100, 100, 1, '2022-11-10 09:01:00', '2022-11-10 09:54:55', 32, 19, 2, 0, 'Enregistrement', 0),
(102, 101, 101, 1, '2022-11-10 09:03:00', '2022-11-10 09:54:49', 32, 19, 2, 0, 'Enregistrement', 0),
(103, 102, 102, 1, '2022-11-10 09:15:00', '2022-11-10 09:38:53', 29, 19, 2, 0, 'retrait de permis', 0),
(104, 103, 103, 1, '2022-11-10 09:17:00', '2022-11-10 09:39:06', 29, 19, 2, 0, 'retrait de permis', 0),
(105, 104, 104, 1, '2022-11-10 09:29:00', '2022-11-10 10:25:44', 30, 19, 2, 0, 'Complément De Dossier', 0),
(106, 105, 105, 1, '2022-11-10 10:33:00', '2022-11-10 11:02:54', 27, 19, 2, 0, 'Complément De Dossier', 0),
(107, 106, 106, 1, '2022-11-10 10:45:00', '2022-11-10 10:51:37', 27, 19, 2, 0, 'Renseignement', 0),
(108, 107, 107, 1, '2022-11-10 01:48:00', '2022-11-10 13:57:00', 55, 20, 2, 0, 'Récupération D\'un Cheque', 0),
(109, 108, 108, 1, '2022-11-10 01:53:00', '2022-11-10 13:55:32', 9, 17, 2, 0, 'RDV', 0),
(110, 109, 109, 1, '2022-11-10 01:55:00', '2022-11-10 13:57:19', 9, 17, 2, 0, 'Renseignement', 0),
(111, 110, 110, 1, '2022-11-13 09:53:00', '2022-11-13 09:53:00', 97, 22, 2, 0, 'R.C.CH  ADJUDICATION', 0),
(112, 111, 111, 1, '2022-11-13 10:26:00', '2022-11-13 10:26:00', 18, 24, 2, 0, 'RDV  DRH', 0),
(113, 112, 9, 1, '2022-11-13 10:40:00', '2022-11-13 13:40:00', 97, 22, 2, 0, 'R.C.CH  ADJUDICATION', 0),
(115, 83, 83, 1, '2022-11-13 02:01:00', NULL, 60, 23, 0, 0, 'Renseignement', 0),
(116, 113, 113, 1, '2022-11-13 02:26:00', NULL, 28, 19, 1, 0, 'Enregistrement', 0),
(117, 114, 114, 1, '2022-11-14 08:30:00', '2022-11-14 10:44:00', 29, 19, 2, 0, 'retrait de permis', 0),
(118, 115, 114, 1, '2022-11-14 08:32:00', '2022-11-14 10:44:00', 29, 19, 2, 0, 'retrait de permis', 0),
(119, 116, 52, 1, '2022-11-14 08:33:00', '2022-11-14 08:48:00', 28, 19, 2, 0, 'Complément De Dossier', 0),
(120, 54, 54, 1, '2022-11-14 08:34:00', '2022-11-14 09:32:00', 27, 19, 2, 0, 'Complément De Dossier TRANSFER    FINIX PHARM', 0),
(121, 117, 117, 1, '2022-11-14 08:35:00', '2022-11-14 09:32:00', 30, 19, 2, 0, 'Complément De Dossier', 0),
(122, 118, 118, 1, '2022-11-14 08:46:00', '2022-11-14 09:41:00', 32, 19, 2, 0, 'Enregistrement', 0),
(123, 119, 119, 1, '2022-11-14 09:17:00', '2022-11-14 10:30:00', NULL, 19, 2, 0, 'Renseignement', 0),
(124, 120, 120, 1, '2022-11-14 09:44:00', '2022-11-14 10:15:00', 28, 19, 2, 0, 'Enregistrement', 0),
(125, 32, 32, 1, '2022-11-14 09:47:00', '2022-11-14 10:11:00', 29, 19, 2, 0, 'retrait de permis 7191 PXM', 0),
(126, 121, 121, 1, '2022-11-14 10:12:00', '2022-11-14 10:39:00', 18, 24, 2, 0, 'RDV +Retrait De Permis', 0),
(127, 122, 122, 1, '2022-11-14 10:17:00', '2022-11-14 12:20:00', 25, 19, 2, 0, 'DEPOT DE DOSSIER  EXPLORATION', 0),
(128, 123, 123, 1, '2022-11-14 10:35:00', '2022-11-14 10:48:00', 56, 23, 2, 0, 'Renseignement', 0),
(129, 124, 124, 1, '2022-11-14 11:08:00', '2022-11-14 11:30:00', 38, 19, 2, 0, 'Renseignement', 0),
(130, 125, 125, 1, '2022-11-14 11:15:00', '2022-11-14 14:40:00', 30, 19, 2, 0, 'Complément De Dossier', 0),
(132, 126, 126, 1, '2022-11-14 11:22:00', '2022-11-14 12:30:00', 18, 24, 2, 0, 'Renseignement', 0),
(133, 127, 126, 1, '2022-11-14 11:27:00', '2022-11-14 12:30:00', 18, 24, 2, 0, 'Renseignement', 0),
(134, 128, 128, 1, '2022-11-14 11:49:00', '2022-11-14 12:00:00', 38, 19, 2, 0, 'Renseignement', 0),
(135, 129, 129, 1, '2022-11-14 01:46:00', '2022-11-14 14:06:00', 38, 19, 2, 0, 'Renseignement', 0),
(136, 130, 130, 1, '2022-11-14 02:50:00', '2022-11-15 15:40:00', 28, 19, 2, 0, 'Complément De Dossier', 0),
(137, 131, 9, 1, '2022-11-14 03:07:00', '2022-11-14 15:30:00', 97, 22, 2, 0, 'R.C.CH  ADJUDICATION', 0),
(138, 132, 132, 1, '2022-11-15 08:40:00', '2022-11-15 09:53:00', 28, 19, 2, 0, 'Complément De Dossier', 0),
(139, 133, 133, 1, '2022-11-15 08:55:00', '2022-11-15 09:30:00', 18, 24, 2, 0, 'RDV', 0),
(140, 134, 134, 1, '2022-11-15 08:58:00', '2022-11-15 09:19:00', 33, 19, 2, 0, 'retrait de permis  7801 PEM', 0),
(141, 135, 134, 1, '2022-11-15 09:02:00', '2022-11-15 09:19:00', 33, 19, 2, 0, 'retrait de permis  7801 PEM', 0),
(142, 136, 136, 1, '2022-11-15 09:15:00', '2022-11-15 10:08:00', 18, 24, 2, 0, 'RDV', 0),
(143, 137, 136, 1, '2022-11-15 09:16:00', '2022-11-15 10:11:00', 18, 24, 2, 0, 'RDV', 0),
(144, 138, 113, 1, '2022-11-15 09:25:00', '2022-11-15 09:39:00', 28, 19, 2, 0, 'Enregistrement', 0),
(145, 139, 126, 1, '2022-11-15 09:40:00', '2022-11-15 09:40:00', 18, 24, 2, 0, 'RDV', 0),
(146, 140, 140, 1, '2022-11-15 09:44:00', '2022-11-15 10:35:00', 18, 24, 2, 0, 'RDV', 0),
(147, 141, 141, 1, '2022-11-15 09:53:00', '2022-11-15 11:00:00', 18, 24, 2, 0, 'RDV', 0),
(148, 142, 141, 1, '2022-11-15 09:57:00', '2022-11-15 11:00:00', 18, 24, 2, 0, 'RDV', 0),
(149, 143, 143, 1, '2022-11-15 10:09:00', '2022-11-15 10:15:00', 27, 19, 2, 0, 'Renseignement', 0),
(150, 144, 9, 1, '2022-11-15 10:12:00', '2022-11-15 11:43:00', 106, 17, 2, 0, 'RDV', 0),
(151, 145, 145, 1, '2022-11-15 10:13:00', '2022-11-15 12:00:00', 32, 19, 2, 0, 'Enregistrement', 0),
(152, 146, 146, 1, '2022-11-15 10:20:00', '2022-11-15 12:15:00', 18, 24, 2, 0, 'RDV', 0),
(153, 147, 147, 1, '2022-11-15 10:22:00', NULL, 33, 19, 1, 0, 'Retrait  op  7757 pec', 0),
(154, 148, 9, 1, '2022-11-15 10:31:00', '2022-11-15 10:35:00', 128, 15, 2, 0, 'Dépôt de cahier des charge', 0),
(155, 149, 149, 1, '2022-11-15 10:45:00', '2022-11-15 11:42:00', 28, 19, 2, 0, 'Enregistrement', 0),
(156, 150, 150, 1, '2022-11-15 10:50:00', '2022-11-15 11:36:00', 33, 19, 2, 0, 'retrait de permis 7323 PXC', 0),
(157, 151, 151, 1, '2022-11-15 11:04:00', '2022-11-15 11:35:00', 27, 19, 2, 0, 'Dépôt DS Transfert', 0),
(158, 152, 151, 1, '2022-11-15 11:07:00', '2022-11-15 11:35:00', 27, 19, 2, 0, 'Dépôt DS Transfert', 0),
(159, 96, 96, 1, '2022-11-15 11:11:00', '2022-11-15 11:33:00', 25, 19, 2, 0, 'SARL BENNACEUR 983 PXC', 0),
(160, 153, 9, 1, '2022-11-15 11:22:00', '2022-11-15 11:27:00', 128, 15, 2, 0, 'Dépôt de cahier des charge', 0),
(161, 154, 154, 1, '2022-11-15 11:33:00', '2022-11-15 12:00:00', 33, 19, 2, 0, 'Retrait de permis', 0),
(162, 155, 155, 1, '2022-11-15 11:42:00', '2022-11-15 12:14:00', 33, 19, 2, 0, 'RT OP', 0),
(163, 156, 156, 1, '2022-11-15 01:15:00', '2022-11-15 12:30:00', 18, 24, 2, 0, 'RDV', 0),
(164, 157, 157, 1, '2022-11-15 01:17:00', '2022-11-15 15:33:00', 18, 24, 2, 0, 'RDV', 0),
(165, 158, 157, 1, '2022-11-15 01:19:00', '2022-11-15 15:33:00', 18, 24, 2, 0, 'RDV', 0),
(166, 159, 159, 1, '2022-11-15 01:22:00', '2022-11-15 14:07:00', 18, 24, 2, 0, 'Renseignement', 0),
(167, 160, 159, 1, '2022-11-15 01:23:00', '2022-11-15 14:08:00', 18, 24, 2, 0, 'Renseignement', 0),
(168, 161, 161, 1, '2022-11-15 01:27:00', '2022-11-15 14:45:00', 128, 15, 2, 0, 'RDV', 0),
(169, 162, 162, 1, '2022-11-15 01:49:00', '2022-11-15 14:35:00', 25, 19, 2, 0, 'Renseignement', 0),
(170, 163, 163, 1, '2022-11-15 02:08:00', '2022-11-15 15:40:00', 28, 19, 2, 0, 'Complément De Dossier', 0),
(171, 164, 163, 1, '2022-11-15 02:33:00', '2022-11-15 14:56:00', 28, 19, 2, 0, 'Complément De Dossier', 0),
(172, 165, 163, 1, '2022-11-15 02:37:00', '2022-11-15 14:57:00', 28, 19, 2, 0, 'Complément De Dossier', 0),
(173, 166, 166, 1, '2022-11-15 02:51:00', '2022-11-15 15:32:00', 33, 19, 2, 0, 'retrait de permis 5393 PXC', 0),
(174, 167, 167, 1, '2022-11-15 03:12:00', '2022-11-15 15:14:00', 20, 18, 2, 0, 'R lettre  cadastre', 0),
(175, 168, 168, 1, '2022-11-16 08:35:00', NULL, 32, 19, 0, 0, 'Complément De Dossier', 0),
(176, 26, 167, 1, '2022-11-16 08:38:00', '2022-11-16 10:10:00', 25, 19, 2, 0, 'DEPOT DE DOSSIER  EXPLORAT   Sarl bmsdION', 0),
(177, 169, 169, 1, '2022-11-16 08:39:00', '2022-11-16 11:54:00', 30, 19, 2, 0, 'Complément De Dossier', 0),
(178, 170, 169, 1, '2022-11-16 08:42:00', '2022-11-16 11:54:00', 30, 19, 2, 0, 'Complément De Dossier', 0),
(179, 171, 171, 1, '2022-11-16 09:32:00', '2022-11-16 10:57:00', 25, 19, 2, 0, 'Dépôt 2 Dossier', 0),
(180, 172, 172, 1, '2022-11-16 10:03:00', '2022-11-16 13:38:00', 28, 19, 2, 0, 'Enregistrement', 0),
(181, 173, 172, 1, '2022-11-16 10:05:00', '2022-11-16 11:15:00', 28, 19, 2, 0, 'Enregistrement', 0),
(182, 174, 174, 1, '2022-11-16 10:24:00', '2022-11-16 10:37:00', 59, 23, 2, 0, 'Taxe Superficiaire', 0),
(183, 175, 175, 1, '2022-11-16 10:28:00', '2022-11-16 10:58:00', 27, 19, 2, 0, 'Complément De Dossier  TRANSFERT', 0),
(184, 176, 175, 1, '2022-11-16 10:32:00', '2022-11-16 10:58:00', 27, 19, 2, 0, 'Complément De Dossier', 0),
(185, 177, 177, 1, '2022-11-16 10:45:00', '2022-11-16 12:00:00', 25, 19, 2, 0, 'DEPOT DE DOSSIER  EXPLORATION', 0),
(186, 178, 178, 1, '2022-11-16 10:47:00', '2022-11-16 12:00:00', 25, 19, 2, 0, 'DEPOT DE DOSSIER  EXPLORATION', 0),
(187, 179, 179, 1, '2022-11-16 11:36:00', '2022-11-16 11:54:00', 128, 15, 2, 0, 'RDV', 0),
(188, 180, 179, 1, '2022-11-16 11:37:00', '2022-11-16 11:54:00', 128, 15, 2, 0, 'RDV', 0),
(189, 181, 179, 1, '2022-11-16 11:42:00', '2022-11-16 11:54:00', 128, 15, 2, 0, 'RDV', 0),
(190, 182, 182, 1, '2022-11-16 01:25:00', '2022-11-16 13:40:00', 55, 20, 2, 0, 'Récupérer Un Cheque', 0),
(191, 183, 9, 1, '2022-11-20 09:27:00', '2022-11-20 09:42:00', 97, 22, 2, 0, 'R.C.CH  ADJUDICATION', 0),
(192, 184, 9, 1, '2022-11-20 09:53:00', '2022-11-20 10:07:00', 97, 22, 2, 0, 'R.C.CH  ADJUDICATION', 0),
(193, 185, 185, 1, '2022-11-20 10:13:00', '2022-11-20 10:25:00', 60, 23, 2, 0, 'Taxe Superficiaire', 0),
(194, 186, 9, 1, '2022-11-20 11:40:00', '2022-11-20 11:54:00', 97, 22, 2, 0, 'R.C.CH  ADJUDICATION', 0),
(195, 187, 9, 1, '2022-11-20 11:51:00', '2022-11-20 12:05:00', 103, 22, 2, 0, 'RDV', 0),
(196, 188, 9, 1, '2022-11-20 11:52:00', '2022-11-20 12:05:00', 103, 22, 2, 0, 'RDV', 0),
(197, 189, 189, 1, '2022-11-21 08:27:00', '2022-11-21 10:19:00', 38, 19, 2, 0, 'Renseignement', 0),
(198, 190, 190, 1, '2022-11-21 08:31:00', '2022-11-21 09:44:00', 27, 19, 2, 0, 'Enregistrement Transfert', 0),
(199, 191, 191, 1, '2022-11-21 08:34:00', '2022-11-21 10:26:00', 25, 19, 2, 0, 'Dépôt Dossier D\'EXTANTION', 0),
(200, 192, 191, 1, '2022-11-21 08:39:00', '2022-11-21 10:26:00', 25, 19, 2, 0, 'Dépôt de dossier d\'extension', 0),
(201, 193, 193, 1, '2022-11-21 08:51:00', '2022-11-21 10:26:00', 38, 19, 2, 0, 'Renseignement', 0),
(202, 194, 9, 1, '2022-11-21 09:04:00', '2022-11-21 09:13:00', 102, 22, 2, 0, 'R.C.CH  ADJUDICATION', 0),
(203, 195, 195, 1, '2022-11-21 09:07:00', '2022-11-21 09:43:00', 29, 19, 2, 0, 'Retrait de permis 6089 PXC', 0),
(204, 196, 196, 1, '2022-11-21 09:24:00', '2022-11-21 11:22:00', 18, 24, 2, 0, 'RDV', 0),
(205, 197, 196, 1, '2022-11-21 09:27:00', '2022-11-21 11:20:00', 18, 24, 2, 0, 'RDV', 0),
(206, 198, 147, 1, '2022-11-21 09:36:00', '2022-11-21 11:19:00', 29, 19, 2, 0, 'retrait de permis', 0),
(207, 199, 9, 1, '2022-11-21 10:07:00', '2022-11-21 11:22:00', 102, 22, 2, 0, 'R.C.CH  ADJUDICATION', 0),
(208, 200, 200, 1, '2022-11-21 10:08:00', '2022-11-21 10:15:00', 60, 23, 2, 0, 'Taxe Superficiaire', 0),
(209, 201, 201, 1, '2022-11-21 10:28:00', '2022-11-21 10:56:00', 29, 19, 2, 0, 'retrait de permis 815 PXC', 0),
(210, 202, 9, 1, '2022-11-21 10:31:00', '2022-11-21 10:49:00', 102, 22, 2, 0, 'R.C.CH  ADJUDICATION', 0),
(211, 203, 203, 1, '2022-11-21 10:32:00', '2022-11-21 11:56:00', 29, 19, 2, 0, 'retrait de permis 6013 PXC', 0),
(212, 204, 204, 1, '2022-11-21 10:41:00', '2022-11-21 12:00:00', 103, 22, 2, 0, 'RDV', 0),
(213, 205, 205, 1, '2022-11-21 01:45:00', '2022-11-21 14:26:00', 29, 19, 2, 0, 'retrait de permis 5801 PXC', 0),
(214, 206, 205, 1, '2022-11-21 01:50:00', '2022-11-21 14:26:00', 29, 19, 2, 0, 'retrait de permis 5801 PXC', 0),
(215, 207, 207, 1, '2022-11-21 01:51:00', '2022-11-21 14:43:00', 32, 19, 2, 0, 'Enregistrement 330 PXC', 0),
(216, 208, 208, 1, '2022-11-21 02:01:00', '2022-11-21 14:11:00', 38, 19, 2, 0, 'Renseignement', 0),
(217, 209, 209, 1, '2022-11-21 02:31:00', '2022-11-21 15:00:00', 18, 24, 2, 0, 'RDV', 0),
(218, 210, 210, 1, '2022-11-22 08:26:00', '2022-11-22 09:40:00', 18, 24, 2, 0, 'RDV', 0),
(219, 54, 54, 1, '2022-11-22 08:27:00', '2022-11-22 09:40:00', 32, 19, 2, 0, 'EURL CHEIKH BLAD 7776 PXC', 0),
(220, 211, 9, 1, '2022-11-22 09:25:00', '2022-11-22 09:30:00', 18, 24, 2, 0, 'RDV', 0),
(221, 212, 212, 1, '2022-11-22 09:27:00', '2022-11-22 10:09:00', 29, 19, 2, 0, 'retrait de permis 6938 pec', 0),
(222, 213, 213, 1, '2022-11-22 09:35:00', '2022-11-22 09:48:00', 29, 19, 2, 0, 'retrait de permis 1039 PXC', 0),
(223, 214, 214, 1, '2022-11-22 09:49:00', '2022-11-22 10:45:00', 29, 19, 2, 0, 'retrait de permis 3150 PXC', 0),
(224, 18, 18, 1, '2022-11-22 09:51:00', '2022-11-22 10:45:00', 29, 19, 2, 0, 'SARL ELESCAM 3150 PXC', 0),
(225, 215, 38, 1, '2022-11-22 09:51:00', '2022-11-22 10:31:00', 29, 19, 2, 0, 'retrait de permis 7906 PEC', 0),
(226, 216, 38, 1, '2022-11-22 09:54:00', '2022-11-22 10:31:00', 29, 19, 2, 0, 'retrait de permis 7906 PEC', 0),
(227, 217, 217, 1, '2022-11-22 09:57:00', '2022-11-22 10:08:00', 38, 19, 2, 0, 'Renseignement', 0),
(228, 191, 191, 1, '2022-11-22 10:11:00', '2022-11-22 12:20:00', 25, 19, 2, 0, 'Complément De Dossier', 0),
(229, 28, 28, 1, '2022-11-22 10:12:00', '2022-11-22 12:20:00', 25, 19, 2, 0, 'Complément De Dossier', 0),
(230, 218, 218, 1, '2022-11-22 10:17:00', '2022-11-22 11:23:00', 28, 19, 2, 0, 'Complément De Dossier  7905 PEM', 0),
(231, 219, 219, 1, '2022-11-22 10:34:00', '2022-11-22 11:56:00', 25, 19, 2, 0, 'Complément De Dossier', 0),
(232, 220, 220, 1, '2022-11-22 10:40:00', '2022-11-22 11:45:00', 30, 19, 2, 0, 'Complément De Dossier', 0),
(233, 99, 99, 1, '2022-11-22 11:25:00', '2022-11-22 12:00:00', 29, 19, 2, 0, 'CETIM  6064 PXC', 0),
(234, 221, 221, 1, '2022-11-22 11:28:00', '2022-11-22 12:00:00', 18, 24, 2, 0, 'RDV', 0),
(235, 222, 222, 1, '2022-11-22 11:48:00', '2022-11-22 12:00:00', 29, 19, 2, 0, 'retrait de permis 6593 PXC', 0),
(236, 223, 223, 1, '2022-11-22 01:13:00', '2022-11-22 14:47:00', 18, 24, 2, 0, 'RDV', 0),
(237, 224, 223, 1, '2022-11-22 01:14:00', '2022-11-22 14:47:00', 18, 24, 2, 0, 'RDV', 0),
(238, 225, 225, 1, '2022-11-22 01:17:00', '2022-11-22 15:14:00', 18, 24, 2, 0, 'RDV', 0),
(239, 226, 226, 1, '2022-11-22 01:24:00', '2022-11-22 14:05:00', 38, 19, 2, 0, 'Renseignement', 0),
(240, 227, 161, 1, '2022-11-22 02:47:00', '2022-11-22 15:02:00', 128, 15, 2, 0, 'R.C.CH  MARCHE', 0),
(241, 228, 228, 1, '2022-11-23 08:32:00', '2022-11-23 08:47:00', 25, 19, 2, 0, 'dépôt de Dossier  2165 PXC', 0),
(242, 18, 18, 1, '2022-11-23 08:40:00', '2022-11-23 09:54:00', 103, 22, 2, 0, 'RDV  Mr Ben Youcef', 0),
(243, 229, 229, 1, '2022-11-23 08:46:00', '2022-11-23 09:02:00', 38, 19, 2, 0, 'Renseignement', 0),
(244, 230, 230, 1, '2022-11-23 08:56:00', '2022-11-23 10:46:00', 27, 19, 2, 0, 'Dépôt Dossier  Transfert  2106 pxc', 0),
(245, 231, 231, 1, '2022-11-23 09:24:00', '2022-11-23 10:57:00', 25, 19, 2, 0, 'Dépôt Dossier RNV 6640 PXC', 0),
(246, 232, 232, 1, '2022-11-23 09:35:00', '2022-11-23 11:16:00', 28, 19, 2, 0, 'Dépôt De DOSSIER +Enregistrement', 0),
(247, 233, 233, 1, '2022-11-23 09:40:00', '2022-11-23 11:16:00', 28, 19, 2, 0, 'Enregistrement 6339PXC', 0),
(248, 234, 234, 1, '2022-11-23 09:45:00', '2022-11-23 10:29:00', 38, 19, 2, 0, 'Renseignement', 0),
(249, 235, 235, 1, '2022-11-23 09:46:00', '2022-11-23 11:27:00', 38, 19, 2, 0, 'Renseignement', 0),
(250, 236, 235, 1, '2022-11-23 09:48:00', '2022-11-23 10:46:00', 38, 19, 2, 0, 'Renseignement', 0),
(251, 237, 235, 1, '2022-11-23 09:49:00', '2022-11-23 10:46:00', 38, 19, 2, 0, 'Renseignement', 0),
(252, 238, 238, 1, '2022-11-23 10:05:00', '2022-11-23 11:27:00', 38, 19, 2, 0, 'Renseignement', 0),
(253, 85, 85, 1, '2022-11-23 10:17:00', '2022-11-23 12:00:00', 30, 19, 2, 0, 'Complément De Dossier  7337 PXC', 0),
(254, 239, 239, 1, '2022-11-23 11:20:00', '2022-11-23 11:47:00', 27, 19, 2, 0, 'Dépôt Transfert 6993 pxc', 0),
(255, 240, 76, 1, '2022-11-23 11:28:00', '2022-11-23 12:00:00', 25, 19, 2, 0, 'Complément De Dossier', 0),
(256, 241, 241, 1, '2022-11-23 01:33:00', '2022-11-23 13:50:00', 38, 19, 2, 0, 'Renseignement', 0),
(257, 242, 241, 1, '2022-11-23 01:35:00', '2022-11-23 13:50:00', 38, 19, 2, 0, 'Renseignement', 0),
(258, 222, 222, 1, '2022-11-23 02:06:00', '2022-11-23 14:53:00', 29, 19, 2, 0, 'SARL ASSIBAT', 0),
(259, 243, 126, 1, '2022-11-23 02:33:00', '2022-11-23 14:35:00', 18, 24, 2, 0, 'RDV', 0),
(260, 244, 244, 1, '2022-11-23 03:06:00', '2022-11-23 15:05:00', 35, 19, 2, 0, 'R.LETTRE', 0),
(261, 245, 9, 1, '2022-11-23 03:42:00', '2022-11-24 16:00:00', 18, 24, 2, 0, 'RDV', 0),
(262, 246, 52, 1, '2022-11-24 08:41:00', '2022-11-24 10:21:00', NULL, 19, 2, 0, 'Enregistrement', 0),
(263, 247, 247, 1, '2022-11-24 08:46:00', '2022-11-24 10:16:00', 30, 19, 2, 0, 'Enregistrement', 0),
(264, 60, 60, 1, '2022-11-24 09:49:00', '2022-11-24 09:53:00', 29, 19, 2, 0, 'ENOF 23PXC', 0),
(265, 221, 221, 1, '2022-11-24 09:50:00', '2022-11-24 10:47:00', 18, 24, 2, 0, 'GRANITOB', 0),
(266, 113, 113, 1, '2022-11-24 10:16:00', '2022-11-24 11:09:00', 29, 19, 2, 0, 'ORCONSMART', 0),
(267, 132, 132, 1, '2022-11-24 10:48:00', '2022-11-24 11:31:00', 21, 18, 2, 0, 'Renseignement', 0),
(268, 248, 9, 1, '2022-11-24 10:52:00', '2022-11-24 11:05:00', 97, 22, 2, 0, 'R.C.CH  ADJUDICATION', 0),
(269, 249, 249, 1, '2022-11-24 11:16:00', '2022-11-24 11:36:00', 27, 19, 2, 0, 'Renseignement', 0),
(270, 250, 250, 1, '2022-11-24 11:32:00', '2022-11-24 12:00:00', 18, 24, 2, 0, 'RDV', 0),
(271, 251, 9, 1, '2022-11-24 01:32:00', '2022-11-24 14:00:00', 128, 15, 2, 0, 'R C C  MARCHE', 0),
(272, 252, 126, 1, '2022-11-24 03:39:00', '2022-11-24 16:00:00', 18, 24, 2, 0, 'Renseignement', 0),
(273, 253, 9, 1, '2022-11-27 11:16:00', '2022-11-27 12:00:00', 18, 24, 2, 0, 'PRIVE', 0),
(274, 254, 254, 1, '2022-11-27 11:19:00', '2022-11-27 11:34:00', 38, 19, 2, 0, 'RDV', 0),
(275, 255, 255, 1, '2022-11-27 01:29:00', '2022-11-27 13:31:00', 29, 19, 2, 0, 'retrait de permis', 0),
(276, 256, 256, 1, '2022-11-28 08:26:00', '2022-11-28 09:23:00', 25, 19, 2, 0, 'Dépôt De Dossier D\'Eploration', 0),
(277, 206, 205, 1, '2022-11-28 08:40:00', '2022-11-28 10:58:00', 38, 19, 2, 0, 'Renseignement', 0),
(278, 257, 257, 1, '2022-11-28 08:45:00', '2022-11-28 11:29:00', 30, 19, 2, 0, 'Enregistrement  7487 PXC', 0),
(279, 96, 96, 1, '2022-11-28 09:23:00', '2022-11-28 11:10:00', 25, 19, 2, 0, 'Dépôt D\'Extension  983 pxc', 0),
(280, 258, 258, 1, '2022-11-28 09:29:00', '2022-11-28 11:21:00', 29, 19, 2, 0, 'retrait de permis 7322 PEC +7209 PEM', 0),
(281, 156, 156, 1, '2022-11-28 09:34:00', '2022-11-28 09:48:00', 18, 24, 2, 0, 'RDV', 0),
(282, 27, 27, 1, '2022-11-28 09:36:00', '2022-11-28 10:37:00', 25, 19, 2, 0, 'DEPOT DE DOSSIER  EXPL   SARL G T R H OORATION', 0),
(283, 60, 60, 1, '2022-11-28 09:46:00', '2022-11-28 09:58:00', 103, 22, 2, 0, 'ENOF', 0),
(284, 234, 234, 1, '2022-11-28 09:48:00', '2022-11-28 10:10:00', 38, 19, 2, 0, 'Renseignement', 0),
(285, 121, 121, 1, '2022-11-28 09:50:00', '2022-11-28 10:34:00', 29, 19, 2, 0, 'retrait de permis', 0),
(286, 259, 259, 1, '2022-11-28 09:52:00', '2022-11-28 10:36:00', 29, 19, 2, 0, 'retrait de permis  7875 PEC', 0),
(287, 104, 104, 1, '2022-11-28 10:38:00', '2022-11-28 11:09:00', 29, 19, 2, 0, 'Spa  G B C  7894 PXC', 0),
(288, 260, 260, 1, '2022-11-28 10:40:00', '2022-11-28 11:09:00', 29, 19, 2, 0, 'retrait de permis', 0),
(289, 261, 261, 1, '2022-11-28 10:59:00', '2022-11-28 15:18:00', 27, 19, 2, 0, 'Complément De Dossier', 0),
(290, 145, 145, 1, '2022-11-28 11:03:00', '2022-11-28 12:00:00', 25, 19, 2, 0, 'SARL KADRI  1021 PXC', 0),
(291, 262, 262, 1, '2022-11-28 11:12:00', '2022-11-28 11:45:00', 25, 19, 2, 0, 'Renseignement', 0),
(292, 204, 204, 1, '2022-11-28 11:19:00', '2022-11-28 12:00:00', 25, 19, 2, 0, 'SARL SAADI ET DEMANE  7276 PXC', 0),
(293, 166, 166, 1, '2022-11-28 11:46:00', '2022-11-28 12:00:00', 29, 19, 2, 0, 'EURL   REBHI', 0),
(294, 47, 47, 1, '2022-11-28 02:49:00', '2022-11-28 15:50:00', 38, 19, 2, 0, 'Renseignement', 0),
(295, 263, 263, 1, '2022-11-28 02:51:00', '2022-11-28 15:09:00', 38, 19, 2, 0, 'Renseignement', 0),
(296, 154, 154, 1, '2022-11-29 08:32:00', '2022-11-29 09:53:00', 28, 19, 2, 0, 'Enregistrement 33  pxc', 0),
(297, 264, 264, 1, '2022-11-29 08:34:00', '2022-11-29 09:30:00', 21, 18, 2, 0, 'RDV', 0),
(298, 265, 271, 1, '2022-11-29 08:54:00', '2022-11-29 13:46:00', 18, 24, 2, 0, 'RDV', 0),
(299, 266, 271, 1, '2022-11-29 09:03:00', '2022-11-29 13:46:00', 18, 24, 2, 0, 'RDV', 0),
(300, 267, 271, 1, '2022-11-29 09:05:00', '2022-11-29 13:46:00', 18, 24, 2, 0, 'RDV', 0),
(301, 268, 271, 1, '2022-11-29 09:07:00', '2022-11-29 13:46:00', 18, 24, 2, 0, 'RDV', 0),
(302, 269, 271, 1, '2022-11-29 09:08:00', '2022-11-29 15:10:00', 18, 24, 2, 0, 'RDV', 0),
(303, 270, 270, 1, '2022-11-29 09:19:00', '2022-11-29 09:33:00', NULL, 16, 2, 0, 'SERVISE JURIDIQUE', 0),
(304, 271, 272, 1, '2022-11-29 10:07:00', '2022-11-29 11:09:00', 21, 18, 2, 0, 'RDV', 0),
(305, 272, 272, 1, '2022-11-29 10:09:00', '2022-11-29 11:09:00', 21, 18, 2, 0, 'RDV', 0),
(306, 273, 274, 1, '2022-11-29 10:43:00', '2022-11-29 12:41:00', 18, 24, 2, 0, 'Renseignement', 0),
(307, 274, 275, 1, '2022-11-29 10:46:00', '2022-11-29 12:41:00', 18, 24, 2, 0, 'Renseignement', 0),
(308, 6, 6, 1, '2022-11-29 10:47:00', '2022-11-29 10:52:00', 28, 19, 2, 0, 'SARL THEVEST  .COMPLEMENT', 0),
(309, 275, 276, 1, '2022-11-29 11:29:00', '2022-11-29 12:00:00', 18, 24, 2, 0, 'Renseignement', 0),
(310, 276, 277, 1, '2022-11-29 11:46:00', '2022-11-29 13:46:00', 27, 19, 2, 0, 'DEPOT TRANSFERT', 0),
(311, 277, 278, 1, '2022-11-29 02:19:00', '2022-11-29 14:35:00', 28, 19, 2, 0, 'Complément De Dossier', 0),
(312, 278, 279, 1, '2022-11-29 02:33:00', '2022-11-29 15:05:00', 27, 19, 2, 0, 'DEPOT TRANSFERT', 0),
(313, 279, 280, 1, '2022-11-30 08:51:00', '2022-11-30 11:04:00', 28, 19, 2, 0, 'ENREGISTREMENT', 0),
(314, 280, 281, 1, '2022-11-30 09:07:00', '2022-11-30 11:47:00', 28, 19, 2, 0, 'ENREGISTREMENT', 0),
(315, 281, 282, 1, '2022-11-30 09:11:00', '2022-11-30 11:46:00', 28, 19, 2, 0, 'ENREGISTREMENT', 0),
(316, 282, 283, 1, '2022-11-30 09:31:00', '2022-11-30 09:52:00', 127, 15, 2, 0, 'DEPOT KAYI  DES CHARGES', 0),
(317, 283, 257, 1, '2022-11-30 09:57:00', '2022-11-30 11:09:00', 29, 19, 2, 0, 'Retrait de permis', 0),
(318, 284, 285, 1, '2022-11-30 10:12:00', '2022-11-30 10:56:00', 32, 19, 2, 0, 'DEPO DOSSIER NOUVEAU', 0),
(319, 285, 286, 1, '2022-11-30 10:33:00', '2022-11-30 10:44:00', 128, 15, 2, 0, 'DEPOT KAYI  DES CHARGES', 0),
(320, 286, 287, 1, '2022-11-30 10:40:00', '2022-11-30 11:07:00', 21, 18, 2, 0, 'RDV', 0),
(321, 287, 288, 1, '2022-11-30 10:57:00', '2022-11-30 11:02:00', 127, 15, 2, 0, 'DEPOT KAYI  DES CHARGES', 0),
(322, 288, 289, 1, '2022-11-30 11:10:00', '2022-11-30 11:17:00', 127, 15, 2, 0, 'DEPOT KAYI  DES CHARGES', 0),
(323, 289, 290, 1, '2022-11-30 11:27:00', '2022-11-30 12:52:00', 28, 19, 2, 0, 'DEPO DOSSIER NOUVEAU', 0),
(324, 290, 291, 1, '2022-11-30 03:38:00', '2022-11-30 15:49:00', 30, 19, 2, 0, 'MODIFICATION CAHIER  DES CHARGES', 0),
(325, 291, 292, 1, '2022-12-01 08:29:00', NULL, 25, 19, 1, 0, 'DEPO DOSSIER NOUVEAU', 0),
(326, 292, 293, 1, '2022-12-01 08:31:00', NULL, 25, 19, 1, 0, 'DEPO DOSSIER NOUVEAU', 0),
(327, 293, 294, 1, '2022-12-04 10:01:00', '2022-12-04 13:57:00', 117, 14, 2, 0, 'RDV', 0),
(328, 294, 295, 1, '2022-12-04 11:02:00', '2022-12-04 12:52:00', 106, 17, 2, 0, 'RDV', 0),
(329, 295, 296, 1, '2022-12-04 11:13:00', '2022-12-04 12:52:00', 106, 17, 2, 0, 'RDV', 0),
(330, 296, 297, 1, '2022-12-04 11:15:00', '2022-12-04 11:46:00', 18, 24, 2, 0, 'RDV', 0),
(331, 297, 126, 1, '2022-12-04 11:19:00', '2022-12-04 11:46:00', 18, 24, 2, 0, 'RDV', 0),
(332, 298, 299, 1, '2022-12-04 11:33:00', '2022-12-04 12:52:00', 38, 19, 2, 0, 'RDV', 0),
(333, 299, 299, 1, '2022-12-04 11:39:00', '2022-12-04 12:52:00', 38, 19, 2, 0, 'RDV', 0),
(334, 300, 299, 1, '2022-12-04 11:40:00', '2022-12-04 12:52:00', 38, 19, 2, 0, 'RDV', 0),
(335, 301, 299, 1, '2022-12-04 11:46:00', '2022-12-04 12:51:00', 38, 19, 2, 0, 'RDV', 0),
(336, 302, 288, 1, '2022-12-04 01:50:00', '2022-12-04 14:18:00', 127, 15, 2, 0, 'RENSEIGNEMENTS', 0),
(337, 303, 304, 1, '2022-12-04 02:08:00', '2022-12-04 14:26:00', 106, 17, 2, 0, 'RENSEIGNEMENTR', 0),
(338, 304, 305, 1, '2022-12-04 02:22:00', '2022-12-04 15:09:00', 52, 20, 2, 0, 'RDV', 0),
(339, 305, 299, 1, '2022-12-04 03:09:00', '2022-12-04 15:13:00', 100, 22, 2, 0, 'RDV', 0),
(340, 306, 299, 1, '2022-12-04 03:10:00', '2022-12-04 15:13:00', 100, 22, 2, 0, 'RDV', 0),
(341, 307, 308, 1, '2022-12-05 08:41:00', '2022-12-05 09:58:00', 27, 19, 2, 0, 'DEPO DOSSIER T', 0),
(342, 308, 309, 1, '2022-12-05 08:43:00', '2022-12-05 09:05:00', 27, 19, 2, 0, 'COMPELIMOU T', 0),
(343, 309, 309, 1, '2022-12-05 08:45:00', '2022-12-05 09:05:00', 27, 19, 2, 0, 'COMPELIMOU T 1077 PXC', 0),
(344, 310, 109, 1, '2022-12-05 08:48:00', '2022-12-05 10:55:00', 30, 19, 2, 0, 'DEPO DOSSIER NOUVEAU', 0),
(345, 311, 312, 1, '2022-12-05 09:06:00', '2022-12-05 09:14:00', 35, 19, 2, 0, 'retrait  REPONES', 0),
(346, 312, 313, 1, '2022-12-05 09:09:00', '2022-12-05 10:43:00', 25, 19, 2, 0, 'ENREGISTREMENT', 0),
(347, 313, 314, 1, '2022-12-05 09:12:00', '2022-12-05 10:45:00', 25, 19, 2, 0, 'ENREGISTREMENT', 0),
(348, 314, 315, 1, '2022-12-05 09:21:00', '2022-12-05 10:33:00', 27, 19, 2, 0, 'TERANSEFAR R', 0),
(349, 315, 109, 1, '2022-12-05 09:25:00', '2022-12-05 11:58:00', 30, 19, 2, 0, 'DEPO DOSSIER NOUVEAU', 0),
(350, 316, 317, 1, '2022-12-05 09:32:00', '2022-12-05 10:34:00', 29, 19, 2, 0, 'retrait de permis', 0),
(351, 317, 318, 1, '2022-12-05 09:39:00', '2022-12-05 10:16:00', 29, 19, 2, 0, 'retrait de permis', 0),
(352, 318, 318, 1, '2022-12-05 09:41:00', '2022-12-05 10:16:00', 29, 19, 2, 0, 'retrait de permis', 0),
(353, 319, 320, 1, '2022-12-05 10:05:00', '2022-12-05 11:59:00', 32, 19, 2, 0, 'DEPO DOSSIER NOUVEAU', 0),
(354, 320, 321, 1, '2022-12-05 10:10:00', '2022-12-05 11:19:00', 31, 19, 2, 0, 'retrait de permis', 0),
(355, 321, 322, 1, '2022-12-05 10:12:00', '2022-12-05 11:59:00', 30, 19, 2, 0, 'ENREGISTREMENT', 0),
(356, 322, 297, 1, '2022-12-05 10:53:00', '2022-12-05 11:04:00', 104, 22, 2, 0, 'RENSEIGNEMENTR', 0),
(357, 323, 9, 1, '2022-12-05 12:50:00', '2022-12-05 13:50:00', 73, 21, 2, 0, 'POUR STAGIAIRE', 0),
(358, 324, 289, 1, '2022-12-05 01:48:00', '2022-12-05 13:52:00', 127, 15, 2, 0, 'RDV', 0),
(359, 325, 326, 1, '2022-12-05 01:55:00', '2022-12-05 14:55:00', 18, 24, 2, 0, 'RDV', 0),
(360, 326, 327, 1, '2022-12-05 03:26:00', '2022-12-05 15:48:00', NULL, 16, 2, 0, 'RDV', 0),
(361, 327, 328, 1, '2022-12-05 03:37:00', '2022-12-05 15:56:00', 18, 24, 2, 0, 'DE LA PAR LAAOUISI', 0),
(362, 328, 329, 1, '2022-12-06 01:05:00', NULL, 27, 19, 1, 0, 'DEPO DOSSIER NOUVEAU', 0),
(363, 77, 77, 1, '2022-12-07 08:39:00', '2022-12-07 10:04:00', 38, 19, 2, 0, 'Renseignement', 0),
(364, 329, 330, 1, '2022-12-07 08:43:00', '2022-12-07 09:48:00', 27, 19, 2, 0, 'Enregistrement Transfert', 0),
(365, 330, 53, 1, '2022-12-07 09:02:00', '2022-12-07 09:48:00', 27, 19, 2, 0, 'Enregistrement Transfert', 0),
(366, 60, 60, 1, '2022-12-07 09:42:00', '2022-12-07 10:02:00', 28, 19, 2, 0, 'Renseignement', 0),
(367, 331, 9, 1, '2022-12-07 09:50:00', '2022-12-07 15:26:00', 75, 21, 2, 0, 'RDV', 0),
(368, 332, 333, 1, '2022-12-07 10:05:00', '2022-12-07 10:25:00', 60, 23, 2, 0, 'Taxe Superficiaire', 0),
(369, 333, 334, 1, '2022-12-07 10:43:00', '2022-12-07 10:54:00', 38, 19, 2, 0, 'Renseignement', 0),
(370, 334, 335, 1, '2022-12-07 10:50:00', '2022-12-07 12:00:00', 25, 19, 2, 0, 'dépôt de Dossier', 0),
(371, 335, 336, 1, '2022-12-07 03:22:00', NULL, 18, 24, 1, 0, 'RDV', 0),
(372, 336, 9, 1, '2022-12-07 03:24:00', NULL, 18, 24, 1, 0, 'RDV', 0),
(373, 337, 338, 1, '2022-12-08 08:26:00', '2022-12-08 11:29:00', 27, 19, 2, 0, 'Enregistrement', 0),
(374, 338, 339, 1, '2022-12-08 08:50:00', '2022-12-08 13:17:00', 18, 24, 2, 0, 'RDV', 0),
(375, 339, 339, 1, '2022-12-08 08:51:00', '2022-12-08 09:39:00', 18, 24, 2, 0, 'RDV', 0),
(376, 340, 339, 1, '2022-12-08 08:54:00', '2022-12-08 09:38:00', 18, 24, 2, 0, 'RDV', 0),
(377, 341, 342, 1, '2022-12-08 09:14:00', '2022-12-08 11:25:00', 32, 19, 2, 0, 'Enregistrement 7864 PXC', 0),
(378, 342, 354, 1, '2022-12-08 09:18:00', '2022-12-08 11:25:00', 32, 19, 2, 0, 'Enregistrement', 0),
(379, 343, 344, 1, '2022-12-08 09:46:00', '2022-12-08 09:53:00', 100, 22, 2, 0, 'Renseignement', 0),
(380, 344, 9, 1, '2022-12-08 11:06:00', '2022-12-08 11:10:00', 104, 22, 2, 0, 'Rec. lettre DPM', 0),
(381, 345, 346, 1, '2022-12-08 11:17:00', '2022-12-08 12:58:00', 18, 24, 2, 0, 'RDV', 0),
(382, 346, 167, 1, '2022-12-08 02:29:00', '2022-12-08 15:21:00', 25, 19, 2, 0, 'Dépôt  RNV', 0),
(383, 347, 348, 1, '2022-12-08 02:55:00', '2022-12-08 15:46:00', 25, 19, 2, 0, 'Enregistrement', 0),
(384, 348, 348, 1, '2022-12-08 02:57:00', '2022-12-08 15:46:00', 25, 19, 2, 0, 'Enregistrement 5738 PXC', 0),
(385, 349, 348, 1, '2022-12-08 03:00:00', '2022-12-08 15:47:00', 25, 19, 2, 0, 'Enregistrement 5738 PXC', 0),
(386, 350, 351, 1, '2022-12-08 03:31:00', '2022-12-08 15:47:00', 25, 19, 2, 0, 'DEPOT DE DOSSIER  EXPLORATION', 0),
(387, 351, 352, 1, '2022-12-11 10:32:00', '2022-12-11 10:47:00', 59, 23, 2, 0, 'Taxe Superficiaire', 0),
(388, 352, 353, 1, '2022-12-11 02:18:00', '2022-12-11 14:48:00', 52, 20, 2, 0, 'RDV', 0),
(393, 356, 256, 1, '2022-12-12 08:22:00', '2022-12-12 11:34:00', 32, 19, 2, 0, 'Enregistrement', 0),
(394, 357, 358, 1, '2022-12-12 08:23:00', '2022-12-12 10:28:00', 38, 19, 2, 0, 'ACHEMINEMENT', 0),
(395, 358, 9, 1, '2022-12-12 08:27:00', '2022-12-12 09:54:00', 18, 24, 2, 0, 'RDV', 0),
(396, 359, 4, 1, '2022-12-12 08:33:00', '2022-12-12 09:15:00', 29, 19, 2, 0, 'Retrait de permis 7889 pec+7890 pec', 0),
(397, 360, 69, 1, '2022-12-12 08:39:00', '2022-12-12 12:55:00', 25, 19, 2, 0, 'Enregistrement', 0),
(398, 361, 54, 1, '2022-12-12 08:43:00', '2022-12-12 09:26:00', 27, 19, 2, 0, 'Enregistrement', 0),
(399, 362, 32, 1, '2022-12-12 08:58:00', '2022-12-12 09:07:00', 92, 16, 2, 0, 'Mainlevée', 0),
(400, 363, 360, 1, '2022-12-12 09:11:00', '2022-12-12 09:17:00', 35, 19, 2, 0, 'R.L.DDM', 0),
(401, 364, 256, 1, '2022-12-12 09:40:00', '2022-12-12 11:31:00', 32, 19, 2, 0, 'Enregistrement', 0),
(402, 365, 69, 1, '2022-12-12 09:48:00', '2022-12-12 12:00:00', 25, 19, 2, 0, 'DEPOT DE DOSSIER  EXPLORATION', 0),
(403, 366, 9, 1, '2022-12-12 09:59:00', '2022-12-12 10:50:00', 18, 24, 2, 0, 'RDV', 0),
(404, 367, 361, 1, '2022-12-12 10:02:00', '2022-12-12 12:20:00', 32, 19, 2, 0, 'Enregistrement', 0),
(405, 368, 362, 1, '2022-12-12 10:04:00', '2022-12-12 10:12:00', 38, 19, 2, 0, 'Renseignement', 0),
(406, 369, 9, 1, '2022-12-12 11:00:00', '2022-12-12 11:23:00', 18, 24, 2, 0, 'Renseignement', 0),
(407, 370, 9, 1, '2022-12-12 11:13:00', '2022-12-12 11:23:00', 18, 24, 2, 0, 'Renseignement', 0),
(408, 371, 363, 1, '2022-12-12 11:15:00', '2022-12-12 11:25:00', 25, 19, 2, 0, 'dépôt de Dossier', 0),
(409, 372, 364, 1, '2022-12-12 11:26:00', '2022-12-12 11:50:00', 25, 19, 2, 0, 'Dépôt', 0),
(410, 373, 365, 1, '2022-12-12 11:29:00', '2022-12-12 15:07:00', 25, 19, 2, 0, 'dépôt de Dossier  NV', 0),
(411, 374, 366, 1, '2022-12-12 11:37:00', '2022-12-12 12:05:00', 38, 19, 2, 0, 'Renseignement', 0),
(412, 350, 367, 1, '2022-12-12 14:53:00', '2022-12-13 15:45:00', 25, 19, 2, 0, 'DEPOT DE DOSSIER  EXTANTION 7086 PXC', 0),
(413, 264, 264, 1, '2022-12-13 08:27:00', '2022-12-13 09:24:00', 18, 24, 2, 0, 'RDV', 0),
(414, 375, 368, 1, '2022-12-13 08:42:00', '2022-12-13 09:35:00', 18, 24, 2, 0, 'RDV', 0),
(415, 376, 369, 1, '2022-12-13 09:11:00', '2022-12-13 09:22:00', 29, 19, 2, 0, 'Retrait de permis 7127 PXC', 0),
(416, 377, 69, 1, '2022-12-13 09:46:00', '2022-12-13 12:15:00', 28, 19, 2, 0, 'Complément de dossier*', 0),
(417, 378, 9, 1, '2022-12-13 09:49:00', '2022-12-13 11:11:00', 62, 21, 2, 0, 'RDV', 0),
(418, 379, 370, 1, '2022-12-13 09:51:00', '2022-12-13 10:40:00', 29, 19, 2, 0, 'Retrait de permis 2393 PXC', 0),
(419, 380, 371, 1, '2022-12-13 09:53:00', '2022-12-13 11:10:00', 29, 19, 2, 0, 'Retrait de permis  7688 pec', 0),
(420, 204, 372, 1, '2022-12-13 10:08:00', '2022-12-13 11:59:00', 25, 19, 2, 0, 'DEPOT DE DOSSIER  EXPLORATION', 0),
(421, 381, 9, 1, '2022-12-13 10:26:00', '2022-12-13 11:58:00', 103, 22, 2, 0, 'RDV', 0),
(422, 292, 373, 1, '2022-12-13 10:30:00', '2022-12-13 11:58:00', 25, 19, 2, 0, 'Dépôt RNV', 0),
(423, 382, 241, 1, '2022-12-13 10:33:00', '2022-12-13 11:03:00', 18, 24, 2, 0, 'RDV', 0),
(424, 383, 374, 1, '2022-12-13 11:04:00', '2022-12-13 11:58:00', 18, 24, 2, 0, 'RDV', 0),
(425, 384, 375, 1, '2022-12-13 11:06:00', '2022-12-13 11:58:00', 18, 24, 2, 0, 'RDV', 0),
(426, 385, 85, 1, '2022-12-13 11:43:00', '2022-12-13 15:04:00', 29, 19, 2, 0, 'Retrait de permis  7313 PXC', 0),
(427, 386, 376, 1, '2022-12-13 11:46:00', '2022-12-13 12:10:00', 38, 19, 2, 0, 'Renseignement', 0),
(428, 387, 377, 1, '2022-12-13 11:57:00', '2022-12-13 12:15:00', 18, 24, 2, 0, 'RDV', 0),
(429, 388, 9, 1, '2022-12-13 14:48:00', '2022-12-13 15:21:00', 18, 24, 2, 0, 'RDV', 0),
(430, 54, 378, 1, '2022-12-14 08:30:00', '2022-12-14 09:45:00', 27, 19, 2, 0, 'Renseignement', 0),
(431, 389, 379, 1, '2022-12-14 08:38:00', '2022-12-14 11:07:00', 89, 16, 2, 0, 'Renseignement', 0),
(432, 390, 379, 1, '2022-12-14 08:40:00', '2022-12-14 11:06:00', 89, 16, 2, 0, 'Renseignement', 0),
(433, 391, 380, 1, '2022-12-14 09:00:00', '2022-12-14 09:16:00', 27, 19, 2, 0, 'Renseignement', 0),
(434, 392, 366, 1, '2022-12-14 09:11:00', '2022-12-14 10:13:00', NULL, 19, 2, 0, 'DEPOT DE DOSSIER  EXPLORATION', 0),
(435, 393, 381, 1, '2022-12-14 09:18:00', '2022-12-14 11:40:00', 106, 17, 2, 0, 'RDV', 0),
(436, 394, 381, 1, '2022-12-14 09:19:00', '2022-12-14 11:40:00', 106, 17, 2, 0, 'RDV', 0),
(437, 395, 167, 1, '2022-12-14 09:22:00', '2022-12-14 09:49:00', 25, 19, 2, 0, 'DEPOT  D\'EXTANTION  1133 PXC', 0),
(438, 396, 249, 1, '2022-12-14 09:32:00', '2022-12-14 10:04:00', 27, 19, 2, 0, 'Complément de dossier*', 0),
(439, 397, 382, 1, '2022-12-14 09:58:00', '2022-12-14 10:13:00', 27, 19, 2, 0, 'Renseignement', 0),
(440, 319, 372, 1, '2022-12-14 10:14:00', '2022-12-14 11:06:00', 32, 19, 2, 0, 'Complément de dossier', 0),
(441, 398, 383, 1, '2022-12-14 13:57:00', '2022-12-14 14:36:00', 91, 16, 2, 0, 'Renseignement', 0),
(442, 399, 384, 1, '2022-12-14 14:29:00', '2022-12-14 15:30:00', 25, 19, 2, 0, 'dépôt de Dossier RNV', 0),
(443, 400, 385, 1, '2022-12-14 15:03:00', '2022-12-14 15:49:00', 38, 19, 2, 0, 'Renseignement', 0),
(444, 54, 386, 1, '2022-12-15 08:37:00', '2022-12-15 11:13:00', 38, 19, 2, 0, 'Renseignement', 0),
(445, 401, 387, 1, '2022-12-15 09:02:00', '2022-12-15 12:00:00', 119, 14, 2, 0, 'RDV', 0),
(446, 402, 387, 1, '2022-12-15 09:08:00', '2022-12-15 12:00:00', 119, 14, 2, 0, 'RDV', 0),
(447, 132, 388, 1, '2022-12-15 09:38:00', '2022-12-15 11:51:00', 28, 19, 2, 0, 'Enregistrement', 0),
(448, 403, 388, 1, '2022-12-15 09:40:00', '2022-12-15 11:45:00', 28, 19, 2, 0, 'Enregistrement', 0),
(449, 374, 366, 1, '2022-12-15 09:55:00', '2022-12-15 10:15:00', 38, 19, 2, 0, 'Renseignement', 0),
(450, 350, 389, 1, '2022-12-15 10:19:00', '2022-12-15 11:40:00', 25, 19, 2, 0, 'Dépôt  RNV', 0),
(451, 18, 390, 1, '2022-12-15 11:10:00', '2022-12-15 12:00:00', 38, 19, 2, 0, 'Renseignement', 0),
(452, 404, 391, 1, '2022-12-15 14:06:00', '2022-12-18 16:00:00', 73, 21, 2, 0, 'RDV', 0),
(453, 405, 126, 1, '2022-12-15 15:44:00', '2022-12-18 16:00:00', 18, 24, 2, 0, 'Renseignement', 0),
(454, 406, 274, 1, '2022-12-15 15:45:00', '2022-12-18 16:00:00', 18, 24, 2, 0, 'Renseignement', 0),
(455, 407, 392, 1, '2022-12-18 14:28:00', '2022-12-18 14:33:00', 60, 23, 2, 0, 'Taxe Superficiaire   5392 PXC', 0),
(456, 408, 393, 1, '2022-12-18 14:30:00', '2022-12-18 15:39:00', 106, 17, 2, 0, 'Renseignement', 0),
(457, 409, 344, 1, '2022-12-18 14:46:00', NULL, 101, 22, 1, 0, 'Renseignement', 0),
(458, 410, 344, 1, '2022-12-18 14:47:00', NULL, 101, 22, 1, 0, 'Renseignement', 0),
(459, 411, 394, 1, '2022-12-19 08:28:00', '2022-12-19 11:24:00', 25, 19, 2, 0, 'DEPOT DE DOSSIER  EXPLORATION', 0),
(460, 412, 395, 1, '2022-12-19 08:29:00', '2022-12-19 09:39:00', 27, 19, 2, 0, 'Retrait de permis 687 PXC', 0),
(461, 413, 396, 1, '2022-12-19 08:32:00', '2022-12-19 13:22:00', 25, 19, 2, 0, 'DEPOT DE DOSSIER', 0),
(462, 171, 397, 1, '2022-12-19 08:34:00', '2022-12-19 11:16:00', 27, 19, 2, 0, 'DEPOT TRANSFERT', 0),
(463, 414, 391, 1, '2022-12-19 08:54:00', '2022-12-19 10:22:00', 52, 20, 2, 0, 'RDV', 0),
(464, 415, 397, 1, '2022-12-19 08:58:00', '2022-12-19 11:02:00', 27, 19, 2, 0, 'DEPOT TRANSFERT', 0),
(465, 416, 398, 1, '2022-12-19 08:59:00', '2022-12-19 11:44:00', 27, 19, 2, 0, 'DEPOT TRANSFERT', 0),
(466, 417, 399, 1, '2022-12-19 09:17:00', '2022-12-19 12:00:00', 25, 19, 2, 0, 'DEPOT DOSSIER  RNV', 0),
(467, 38, 38, 1, '2022-12-19 09:31:00', '2022-12-19 13:22:00', 25, 19, 2, 0, 'DEPOT DE DOSSIER', 0),
(468, 418, 400, 1, '2022-12-19 10:38:00', '2022-12-19 11:03:00', 27, 19, 2, 0, 'COMPLEMENT  TRANSFERT', 0),
(469, 419, 9, 1, '2022-12-19 11:07:00', '2022-12-19 11:40:00', 18, 24, 2, 0, 'RDV', 0),
(470, 420, 9, 1, '2022-12-19 11:09:00', '2022-12-19 11:40:00', 18, 24, 2, 0, 'RDV', 0),
(471, 421, 401, 1, '2022-12-19 11:30:00', '2022-12-19 11:52:00', 29, 19, 2, 0, 'Retrait de permis', 0),
(472, 422, 402, 1, '2022-12-19 13:13:00', '2022-12-19 14:44:00', 25, 19, 2, 0, 'DEPOT D\'EXTANTION', 0),
(473, 423, 402, 1, '2022-12-19 13:15:00', '2022-12-19 14:44:00', 25, 19, 2, 0, 'DEPOT D\'EXTANTION', 0),
(474, 424, 403, 1, '2022-12-19 13:16:00', '2022-12-19 14:06:00', 25, 19, 2, 0, 'DEPOT DOSSIER  7325 PEM', 0),
(475, 425, 404, 1, '2022-12-19 13:20:00', '2022-12-19 13:52:00', 29, 19, 2, 0, 'Retrait de permis 2418 PXC', 0),
(476, 18, 405, 1, '2022-12-19 13:24:00', '2022-12-19 14:17:00', 38, 19, 2, 0, 'Renseignement', 0),
(477, 204, 406, 1, '2022-12-19 13:41:00', '2022-12-19 14:00:00', 32, 19, 2, 0, 'Complément de dossier', 0),
(478, 426, 407, 1, '2022-12-19 14:03:00', '2022-12-19 14:25:00', 128, 15, 2, 0, 'R.C.CH  MARCHE', 0),
(479, 427, 408, 1, '2022-12-19 14:06:00', '2022-12-19 14:29:00', 18, 24, 2, 0, 'RDV', 0),
(480, 189, 381, 1, '2022-12-19 14:45:00', '2022-12-19 15:13:00', 38, 19, 2, 0, 'Renseignement', 0),
(481, 22, 381, 1, '2022-12-19 14:46:00', '2022-12-19 15:13:00', 38, 19, 2, 0, 'Renseignement', 0),
(482, 428, 409, 1, '2022-12-19 15:04:00', '2022-12-19 15:13:00', 127, 15, 2, 0, 'R.C.CH  MARCHE', 0),
(483, 429, 410, 1, '2022-12-20 08:33:00', '2022-12-20 09:03:00', 56, 23, 2, 0, 'Taxe Superficiaire', 0),
(484, 430, 411, 1, '2022-12-20 08:43:00', '2022-12-20 13:58:00', 106, 17, 2, 0, 'Renseignement', 0),
(485, 431, 9, 1, '2022-12-20 09:03:00', '2022-12-20 09:18:00', 128, 15, 2, 0, 'R.C.CH  MARCHE', 0),
(486, 432, 412, 1, '2022-12-20 09:36:00', '2022-12-20 12:00:00', 117, 14, 2, 0, 'RDV', 0),
(487, 99, 99, 1, '2022-12-20 09:44:00', '2022-12-20 10:38:00', 29, 19, 2, 0, 'Retrait de permis  198 PXC+266  PXC', 0),
(488, 433, 195, 1, '2022-12-20 10:02:00', '2022-12-20 11:36:00', 27, 19, 2, 0, 'Retrait de permis 6089 PXC', 0),
(489, 434, 195, 1, '2022-12-20 10:04:00', '2022-12-20 11:36:00', 29, 19, 2, 0, 'Retrait de permis 6089 PXC', 0),
(490, 435, 413, 1, '2022-12-20 10:12:00', '2022-12-20 10:37:00', 127, 15, 2, 0, 'R.C.CH  MARCHE', 0),
(491, 436, 414, 1, '2022-12-20 10:35:00', '2022-12-20 12:00:00', 18, 24, 2, 0, 'RDV', 0),
(492, 437, 414, 1, '2022-12-20 10:38:00', '2022-12-20 12:00:00', 18, 24, 2, 0, 'RDV', 0),
(493, 438, 122, 1, '2022-12-20 10:46:00', '2022-12-20 11:08:00', 29, 19, 2, 0, 'Retrait de permis  7908 PEM', 0),
(494, 439, 415, 1, '2022-12-20 10:51:00', '2022-12-20 11:03:00', 127, 15, 2, 0, 'R.C.CH  MARCHE', 0),
(495, 440, 416, 1, '2022-12-20 10:53:00', '2022-12-20 12:00:00', 127, 15, 2, 0, 'EURL EASY RADIO', 0),
(496, 441, 417, 1, '2022-12-20 11:33:00', '2022-12-20 11:55:00', 27, 19, 2, 0, 'DEPOT TRANSFERT', 0),
(497, 220, 125, 1, '2022-12-20 11:38:00', '2022-12-20 11:55:00', 30, 19, 2, 0, 'Complément de dossier', 0),
(498, 32, 32, 1, '2022-12-20 13:11:00', '2022-12-20 13:50:00', 29, 19, 2, 0, 'Retrait de permis  7382 pxc', 0),
(499, 442, 418, 1, '2022-12-20 13:15:00', '2022-12-20 13:22:00', 32, 19, 2, 0, 'Enregistrement', 0),
(500, 443, 419, 1, '2022-12-20 13:18:00', '2022-12-20 15:15:00', 30, 19, 2, 0, 'Complément de dossier', 0),
(501, 444, 420, 1, '2022-12-20 13:54:00', '2022-12-20 14:12:00', 18, 24, 2, 0, 'Renseignement', 0),
(502, 156, 420, 1, '2022-12-20 13:54:00', '2022-12-20 14:12:00', 18, 24, 2, 0, 'Renseignement', 0),
(503, 445, 421, 1, '2022-12-20 14:13:00', '2022-12-20 14:51:00', 18, 24, 2, 0, 'Renseignement', 0),
(504, 350, 422, 1, '2022-12-20 14:49:00', '2022-12-20 15:31:00', 25, 19, 2, 0, 'DEPOT D\'EXTANTION', 0),
(505, 446, 423, 1, '2022-12-20 15:13:00', '2022-12-20 15:31:00', 38, 19, 2, 0, 'Renseignement', 0),
(506, 447, 424, 1, '2022-12-21 09:08:00', '2022-12-21 13:14:00', 25, 19, 2, 0, 'DEPO DOSSIER EXPLORATINON', 0),
(507, 448, 425, 1, '2022-12-21 13:12:00', '2022-12-21 14:09:00', 33, 19, 2, 0, 'retrait de permis', 0),
(508, 449, 426, 1, '2022-12-21 13:14:00', '2022-12-21 14:24:00', 25, 19, 2, 0, 'COMPELIMOU T', 0),
(509, 450, 427, 1, '2022-12-21 13:20:00', '2022-12-21 14:32:00', 32, 19, 2, 0, 'COMPELIMOU', 0),
(510, 451, 428, 1, '2022-12-21 13:38:00', '2022-12-21 13:51:00', 89, 16, 2, 0, 'RENSEIGNEMENTR', 0),
(511, 452, 428, 1, '2022-12-21 13:40:00', '2022-12-21 13:51:00', 89, 16, 2, 0, 'RENSEIGNEMENTR', 0);
INSERT INTO `visits` (`id`, `visitor`, `organization`, `category`, `entry_date`, `exit_date`, `emp_visited`, `service_emp_visited`, `status`, `hashost`, `subject`, `is_deleted`) VALUES
(512, 453, 429, 1, '2022-12-21 13:42:00', '2022-12-21 14:42:00', 25, 19, 2, 0, 'COMPELIMOU', 0),
(513, 454, 430, 1, '2022-12-21 14:09:00', '2022-12-21 14:20:00', 25, 19, 2, 0, 'RENSEIGNEMENTR', 0),
(514, 455, 432, 1, '2022-12-22 09:06:00', '2022-12-22 09:51:00', 25, 19, 2, 0, 'DEPOT DE DOSSIER 598 PXC', 0),
(515, 456, 432, 1, '2022-12-22 09:07:00', '2022-12-22 09:51:00', 25, 19, 2, 0, 'dépôt de Dossier', 0),
(516, 457, 430, 1, '2022-12-22 09:31:00', '2022-12-22 11:44:00', 38, 19, 2, 0, 'Renseignement', 0),
(517, 458, 433, 1, '2022-12-22 10:08:00', '2022-12-22 10:33:00', 89, 16, 2, 0, 'RENSEIGNEMENTR', 0),
(518, 459, 434, 1, '2022-12-22 11:08:00', '2022-12-22 11:50:00', 128, 15, 2, 0, 'R.C.CH  MARCHE', 0),
(519, 460, 126, 1, '2022-12-22 11:11:00', '2022-12-22 12:00:00', 18, 24, 2, 0, 'Renseignement', 0),
(520, 461, 9, 1, '2022-12-22 11:24:00', '2022-12-22 12:00:00', 18, 24, 2, 0, 'RDV', 0),
(521, 462, 435, 1, '2022-12-22 11:27:00', '2022-12-22 12:00:00', 38, 19, 2, 0, 'Renseignement', 0),
(522, 463, 435, 1, '2022-12-22 11:43:00', '2022-12-22 12:00:00', 38, 19, 2, 0, 'Renseignement', 0),
(523, 464, 436, 1, '2022-12-22 11:45:00', '2022-12-22 12:00:00', 128, 15, 2, 0, 'R.C.CH  MARCHE', 0),
(524, 145, 437, 1, '2022-12-22 13:26:00', '2022-12-22 15:10:00', 25, 19, 2, 0, 'DEPOT DE DOSSIER  EXPLORATION', 0),
(525, 277, 438, 1, '2022-12-22 13:31:00', '2022-12-22 15:32:00', 38, 19, 2, 0, 'DEPOT DE DOSSIER', 0),
(526, 465, 439, 1, '2022-12-22 13:34:00', '2022-12-22 14:38:00', 25, 19, 2, 0, 'DEPOT DE DOSSIER', 0),
(527, 466, 440, 1, '2022-12-22 13:46:00', '2022-12-22 14:34:00', 28, 19, 2, 0, 'Enregistrement', 0),
(528, 467, 441, 1, '2022-12-22 14:20:00', '2022-12-22 14:31:00', 35, 19, 2, 0, 'R.L.DDM', 0),
(529, 7, 7, 1, '2022-12-22 14:47:00', '2022-12-22 15:32:00', 128, 15, 2, 0, 'RDV', 0),
(530, 468, 442, 1, '2022-12-25 09:16:00', '2022-12-25 09:34:00', 56, 23, 2, 0, 'Taxe Superficiaire', 0),
(531, 469, 443, 1, '2022-12-25 09:27:00', '2022-12-25 09:33:00', 35, 19, 2, 0, 'R.L.DDM', 0),
(532, 470, 444, 1, '2022-12-25 14:50:00', '2022-12-25 15:33:00', 25, 19, 2, 0, 'Complément De Dossier', 0),
(533, 189, 189, 1, '2022-12-25 15:00:00', '2022-12-25 15:49:00', 38, 19, 2, 0, 'Renseignement', 0),
(534, 99, 445, 1, '2022-12-26 08:28:00', '2022-12-26 09:25:00', 25, 19, 2, 0, 'DEPOR  RNV', 0),
(535, 471, 446, 1, '2022-12-26 08:41:00', '2022-12-26 09:39:00', 27, 19, 2, 0, 'DEPOT TRANSFERT', 0),
(536, 472, 446, 1, '2022-12-26 08:42:00', '2022-12-26 09:39:00', 27, 19, 2, 0, 'DEPOT TRANSFERT', 0),
(537, 473, 447, 1, '2022-12-26 08:43:00', '2022-12-26 11:46:00', 29, 19, 2, 0, 'retrait de permis', 0),
(538, 373, 448, 1, '2022-12-26 08:45:00', '2022-12-26 10:44:00', 28, 19, 2, 0, 'Complément De Dossier', 0),
(539, 56, 449, 1, '2022-12-26 09:27:00', '2022-12-26 13:21:00', 28, 19, 2, 0, 'Enregistrement', 0),
(540, 59, 105, 1, '2022-12-26 09:50:00', '2022-12-26 10:44:00', 29, 19, 2, 0, 'retrait de permis', 0),
(541, 474, 450, 1, '2022-12-26 10:00:00', '2022-12-26 11:47:00', 25, 19, 2, 0, NULL, 0),
(542, 475, 451, 1, '2022-12-26 10:45:00', '2022-12-26 11:12:00', 29, 19, 2, 0, 'retrait de permis', 0),
(543, 476, 452, 1, '2022-12-26 10:56:00', '2022-12-26 12:30:00', 106, 17, 2, 0, 'RDV', 0),
(544, 477, 453, 1, '2022-12-26 11:01:00', '2022-12-26 12:30:00', 106, 17, 2, 0, 'Renseignement', 0),
(545, 478, 454, 1, '2022-12-26 11:13:00', '2022-12-26 12:00:00', 25, 19, 2, 0, 'DEPOT  RNV', 0),
(546, 479, 455, 1, '2022-12-26 11:20:00', '2022-12-26 13:54:00', 29, 19, 2, 0, 'retrait de permis', 0),
(547, 480, 449, 1, '2022-12-26 13:22:00', '2022-12-26 15:09:00', 28, 19, 2, 0, 'Enregistrement', 0),
(548, 481, 456, 1, '2022-12-26 13:47:00', '2022-12-26 14:22:00', 29, 19, 2, 0, 'retrait de permis', 0),
(549, 482, 457, 1, '2022-12-26 13:54:00', '2022-12-26 14:18:00', 106, 17, 2, 0, 'Renseignement', 0),
(550, 483, 457, 1, '2022-12-26 13:56:00', '2022-12-26 14:18:00', 106, 17, 2, 0, 'Renseignement', 0),
(551, 23, 458, 1, '2022-12-26 14:23:00', '2022-12-26 15:50:00', 25, 19, 2, 0, 'DEPOT DE DOSSIER  EXPLORATION', 0),
(552, 484, 459, 1, '2022-12-26 14:25:00', '2022-12-26 14:32:00', 38, 19, 2, 0, 'Renseignement', 0),
(553, 156, 156, 1, '2022-12-26 15:50:00', NULL, 18, 24, 1, 0, 'RDV', 0),
(554, 485, 203, 1, '2022-12-27 08:31:00', '2022-12-27 09:06:00', 28, 19, 2, 0, 'Enregistrement 7175 PXC', 0),
(555, 481, 460, 1, '2022-12-27 08:35:00', '2022-12-27 09:33:00', 29, 19, 2, 0, 'retrait de permis', 0),
(556, 486, 461, 1, '2022-12-27 09:10:00', '2022-12-27 10:16:00', 29, 19, 2, 0, 'retrait de permis 7304 PEM', 0),
(557, 487, 462, 1, '2022-12-27 09:25:00', '2022-12-27 11:07:00', 25, 19, 2, 0, 'DEPOT  RNV  2180 PXC', 0),
(558, 488, 463, 1, '2022-12-27 09:28:00', '2022-12-27 11:07:00', 25, 19, 2, 0, 'DEPOT DOSSIER', 0),
(559, 489, 9, 1, '2022-12-27 09:49:00', '2022-12-27 10:04:00', 38, 19, 2, 0, 'RDV', 0),
(560, 490, 9, 1, '2022-12-27 09:50:00', '2022-12-27 10:04:00', 38, 19, 2, 0, 'RDV', 0),
(561, 491, 464, 1, '2022-12-27 09:51:00', '2022-12-27 11:16:00', 18, 24, 2, 0, 'RDV', 0),
(562, 492, 464, 1, '2022-12-27 09:52:00', '2022-12-27 11:16:00', 18, 24, 2, 0, 'RDV', 0),
(563, 493, 464, 1, '2022-12-27 09:53:00', '2022-12-27 11:23:00', 18, 24, 2, 0, 'RDV', 0),
(564, 494, 76, 1, '2022-12-27 10:18:00', '2022-12-27 11:05:00', 29, 19, 2, 0, 'retrait de permis', 0),
(565, 495, 465, 1, '2022-12-27 11:25:00', '2022-12-27 11:32:00', 55, 20, 2, 0, 'Récupérer un cheque', 0),
(566, 80, 466, 1, '2022-12-27 11:29:00', '2022-12-27 14:37:00', 32, 19, 2, 0, 'Enregistrement', 0),
(567, 496, 461, 1, '2022-12-27 11:30:00', '2022-12-27 12:09:00', 29, 19, 2, 0, 'retrait de permis', 0),
(568, 132, 467, 1, '2022-12-27 13:17:00', '2022-12-27 14:34:00', 25, 19, 2, 0, 'Dépôt  Etantion 2885 pxc +7668 pec', 0),
(569, 162, 235, 1, '2022-12-27 13:22:00', '2022-12-27 15:14:00', 32, 19, 2, 0, 'Enregistrement  7799 PXC', 0),
(570, 497, 468, 1, '2022-12-27 14:04:00', '2022-12-27 14:38:00', 38, 19, 2, 0, 'Renseignement', 0),
(571, 498, 469, 1, '2022-12-27 14:56:00', '2022-12-27 15:54:00', 38, 19, 2, 0, 'Renseignement', 0),
(572, 6, 6, 1, '2022-12-27 15:21:00', '2022-12-27 15:30:00', 25, 19, 2, 0, 'Renseignement', 0),
(573, 499, 60, 1, '2022-12-28 08:45:00', '2022-12-28 10:35:00', 28, 19, 2, 0, 'Enregistrement  69 PXC', 0),
(574, 60, 60, 1, '2022-12-28 08:46:00', '2022-12-28 10:35:00', 28, 19, 2, 0, 'Enregistrement  69 PXC', 0),
(575, 500, 470, 1, '2022-12-28 09:03:00', '2022-12-28 10:04:00', 27, 19, 2, 0, 'DEPOT TRANSFERT', 0),
(576, 501, 471, 1, '2022-12-28 09:07:00', '2022-12-28 11:11:00', 27, 19, 2, 0, 'Enregistrement   6380 PXC', 0),
(577, 502, 472, 1, '2022-12-28 09:11:00', '2022-12-28 11:11:00', 18, 24, 2, 0, 'RDV', 0),
(578, 503, 126, 1, '2022-12-28 09:22:00', '2022-12-28 09:49:00', 18, 24, 2, 0, 'RDV', 0),
(579, 417, 473, 1, '2022-12-28 09:41:00', '2022-12-28 11:42:00', 25, 19, 2, 0, 'Dépôt RNV', 0),
(580, 504, 474, 1, '2022-12-28 10:00:00', '2022-12-28 10:25:00', 18, 24, 2, 0, 'RDV', 0),
(581, 505, 474, 1, '2022-12-28 10:02:00', '2022-12-28 10:25:00', 18, 24, 2, 0, 'RDV', 0),
(582, 506, 58, 1, '2022-12-28 10:12:00', '2022-12-28 14:48:00', 52, 20, 2, 0, 'RDV', 0),
(583, 507, 391, 1, '2022-12-28 10:21:00', '2022-12-28 12:15:00', 52, 20, 2, 0, 'RDV', 0),
(584, 508, 471, 1, '2022-12-28 10:24:00', '2022-12-28 11:11:00', 27, 19, 2, 0, 'Enregistrement', 0),
(585, 149, 475, 1, '2022-12-28 10:15:00', '2022-12-28 12:15:00', 25, 19, 2, 0, 'DEPOT DOSSIER', 0),
(586, 509, 430, 1, '2022-12-28 13:05:00', '2022-12-28 13:53:00', 18, 24, 2, 0, 'RDV', 0),
(587, 510, 430, 1, '2022-12-28 13:14:00', '2022-12-28 13:53:00', 18, 24, 2, 0, 'RDV', 0),
(588, 228, 451, 1, '2022-12-28 13:38:00', '2022-12-28 14:01:00', 27, 19, 2, 0, 'retrait de permis', 0),
(589, 511, 476, 1, '2022-12-28 14:36:00', '2022-12-28 15:16:00', 27, 19, 2, 0, 'Enregistrement 5416 PXC', 0),
(590, 56, 477, 1, '2022-12-28 14:37:00', '2022-12-28 15:16:00', 27, 19, 2, 0, 'Enregistrement', 0),
(591, 512, 478, 1, '2022-12-28 15:24:00', '2022-12-28 15:35:00', 128, 15, 2, 0, 'Complément', 0),
(592, 513, 479, 1, '2022-12-29 14:14:00', NULL, 18, 24, 1, 0, 'RDV', 0),
(593, 514, 479, 1, '2022-12-29 15:19:00', NULL, 18, 24, 1, 0, 'RDV', 0),
(594, 515, 480, 1, '2023-01-02 08:33:00', '2023-01-02 10:52:00', 29, 19, 2, 0, 'retrait de permis', 0),
(595, 516, 481, 1, '2023-01-02 08:34:00', '2023-01-02 10:52:00', 29, 19, 2, 0, 'retrait de permis  7742 PXC', 0),
(596, 171, 482, 1, '2023-01-02 08:36:00', '2023-01-02 09:02:00', 27, 19, 2, 0, 'Complément De Dossier', 0),
(597, 517, 483, 1, '2023-01-02 08:50:00', '2023-01-02 15:53:00', 29, 19, 2, 0, 'retrait de permis', 0),
(598, 56, 484, 1, '2023-01-02 09:22:00', '2023-01-02 10:17:00', 30, 19, 2, 0, 'Enregistrement', 0),
(599, 518, 485, 1, '2023-01-02 09:23:00', '2023-01-02 10:16:00', 30, 19, 2, 0, 'Enregistrement', 0),
(600, 519, 486, 1, '2023-01-02 09:25:00', '2023-01-02 09:35:00', 38, 19, 2, 0, 'Renseignement', 0),
(601, 76, 487, 1, '2023-01-02 09:33:00', '2023-01-02 11:16:00', 29, 19, 2, 0, 'Retrait de permis 7002 PEC', 0),
(602, 520, 488, 1, '2023-01-02 09:37:00', '2023-01-02 09:44:00', 38, 19, 2, 0, 'Renseignement', 0),
(603, 521, 489, 1, '2023-01-02 10:13:00', '2023-01-02 10:21:00', 27, 19, 2, 0, 'R.L.DDM', 0),
(604, 522, 490, 1, '2023-01-02 10:23:00', '2023-01-02 11:18:00', 27, 19, 2, 0, 'DEPOT TRANSFERT  654 PXC', 0),
(605, 39, 396, 1, '2023-01-02 10:38:00', '2023-01-02 11:16:00', 29, 19, 2, 0, 'Retrait de permis', 0),
(606, 38, 396, 1, '2023-01-02 10:40:00', '2023-01-02 12:00:00', 29, 19, 2, 0, 'Retrait de permis', 0),
(607, 523, 491, 1, '2023-01-02 10:49:00', '2023-01-02 11:38:00', 29, 19, 2, 0, 'Retrait de permis', 0),
(608, 524, 492, 1, '2023-01-02 13:57:00', '2023-01-02 14:38:00', 29, 19, 2, 0, 'Retrait de permis', 0),
(609, 96, 493, 1, '2023-01-02 14:23:00', '2023-01-02 15:19:00', NULL, 19, 2, 0, 'DEPOT DE DOSSIER  7293 PEC', 0),
(610, 525, 494, 1, '2023-01-02 15:22:00', '2023-01-02 15:54:00', 25, 19, 2, 0, 'DP RNV  6210 PXC', 0),
(611, 526, 495, 1, '2023-01-03 08:26:00', '2023-01-03 09:54:00', 18, 24, 2, 0, 'RDV', 0),
(612, 527, 496, 1, '2023-01-03 08:39:00', '2023-01-03 09:03:00', 29, 19, 2, 0, 'retrait de permis', 0),
(613, 528, 497, 1, '2023-01-03 08:51:00', '2023-01-03 13:25:00', 117, 14, 2, 0, 'RDV', 0),
(614, 529, 498, 1, '2023-01-03 09:19:00', '2023-01-03 09:55:00', 29, 19, 2, 0, 'retrait de permis', 0),
(615, 530, 499, 1, '2023-01-03 09:51:00', '2023-01-03 10:01:00', 25, 19, 2, 0, 'RENSEIGNEMENTR', 0),
(616, 531, 500, 1, '2023-01-03 10:02:00', '2023-01-03 11:39:00', 25, 19, 2, 0, 'DEPO DOSSIER R', 0),
(617, 532, 503, 1, '2023-01-03 10:05:00', '2023-01-03 10:16:00', 25, 19, 2, 0, 'DEPO DOSSIER R', 0),
(618, 533, 501, 1, '2023-01-03 10:07:00', '2023-01-03 10:49:00', 38, 19, 2, 0, 'RENSEIGNEMENTR', 0),
(619, 534, 504, 1, '2023-01-03 10:20:00', '2023-01-03 11:00:00', 38, 19, 2, 0, 'RENSEIGNEMENTR', 0),
(620, 535, 505, 1, '2023-01-03 11:03:00', '2023-01-03 11:12:00', 128, 15, 2, 0, 'RENSEIGNEMENTR', 0),
(621, 536, 506, 1, '2023-01-03 11:11:00', '2023-01-03 11:33:00', 29, 19, 2, 0, 'retrait de permis', 0),
(622, 537, 507, 1, '2023-01-03 11:41:00', '2023-01-03 13:19:00', 32, 19, 2, 0, 'COMPELIMOU XP', 0),
(623, 538, 508, 1, '2023-01-03 11:45:00', '2023-01-03 13:19:00', 25, 19, 2, 0, 'DEPO DOSSIER REN', 0),
(624, 539, 507, 1, '2023-01-03 11:51:00', '2023-01-03 13:18:00', 38, 19, 2, 0, 'COMPELIMOU', 0),
(625, 540, 509, 1, '2023-01-03 13:30:00', '2023-01-03 13:48:00', 38, 19, 2, 0, 'Renseignement', 0),
(626, 541, 510, 1, '2023-01-03 14:09:00', '2023-01-03 14:29:00', 18, 24, 2, 0, 'RDV', 0),
(627, 542, 510, 1, '2023-01-03 14:11:00', '2023-01-03 14:29:00', 18, 24, 2, 0, 'RDV', 0),
(628, 543, 511, 1, '2023-01-03 14:55:00', '2023-01-03 15:05:00', 44, 25, 2, 0, 'RENSEIGNEMENTR', 0),
(629, 544, 512, 1, '2023-01-03 15:40:00', NULL, 117, 14, 1, 0, 'RDV', 0),
(630, 6, 6, 1, '2023-01-04 08:30:00', '2023-01-04 09:30:00', 18, 24, 2, 0, 'RDV', 0),
(631, 545, 513, 1, '2023-01-04 08:40:00', '2023-01-04 11:24:00', 25, 19, 2, 0, 'DEPOT DE DOSSIER', 0),
(632, 546, 514, 1, '2023-01-04 08:41:00', '2023-01-04 10:19:00', 25, 19, 2, 0, 'DEPOT D\'EXTANTION', 0),
(633, 547, 515, 1, '2023-01-04 08:42:00', '2023-01-04 09:21:00', 38, 19, 2, 0, 'Renseignement', 0),
(634, 548, 516, 1, '2023-01-04 08:43:00', '2023-01-04 09:21:00', 38, 19, 2, 0, 'Renseignement', 0),
(635, 549, 517, 1, '2023-01-04 09:30:00', '2023-01-04 10:22:00', 18, 24, 2, 0, 'RDV', 0),
(636, 550, 518, 1, '2023-01-04 09:34:00', '2023-01-04 12:00:00', 25, 19, 2, 0, 'DEPOT DE DOSSIER  5669 PEC', 0),
(637, 551, 519, 1, '2023-01-04 09:50:00', '2023-01-04 10:03:00', 35, 19, 2, 0, 'R.L.DDM', 0),
(638, 552, 9, 1, '2023-01-04 10:01:00', '2023-01-04 11:24:00', 18, 24, 2, 0, 'RDV', 0),
(639, 553, 9, 1, '2023-01-04 10:03:00', '2023-01-04 11:24:00', 18, 24, 2, 0, 'RDV', 0),
(640, 554, 520, 1, '2023-01-04 10:10:00', '2023-01-04 10:22:00', 18, 24, 2, 0, 'RDV', 0),
(641, 555, 520, 1, '2023-01-04 10:19:00', '2023-01-04 10:22:00', 18, 24, 2, 0, 'RDV', 0),
(642, 556, 521, 1, '2023-01-04 10:37:00', '2023-01-04 12:00:00', 25, 19, 2, 0, 'Renseignement', 0),
(643, 70, 522, 1, '2023-01-04 10:57:00', '2023-01-04 12:00:00', 28, 19, 2, 0, 'DEPOT DE DOSSIER', 0),
(644, 204, 523, 1, '2023-01-04 11:09:00', '2023-01-04 13:30:00', 32, 19, 2, 0, 'Complément de dossier', 0),
(645, 557, 524, 1, '2023-01-04 11:16:00', '2023-01-04 11:23:00', 128, 15, 2, 0, 'RDV', 0),
(646, 558, 525, 1, '2023-01-04 11:34:00', '2023-01-04 12:15:00', 28, 19, 2, 0, 'Complément de dossier', 0),
(647, 559, 526, 1, '2023-01-04 13:58:00', '2023-01-04 14:27:00', 18, 24, 2, 0, 'Renseignement', 0),
(648, 560, 527, 1, '2023-01-05 08:44:00', '2023-01-05 09:55:00', 25, 19, 2, 0, 'DEPOT  RNV', 0),
(649, 96, 528, 1, '2023-01-05 09:10:00', '2023-01-05 10:49:00', 30, 19, 2, 0, 'Enregistrement', 0),
(650, 561, 528, 1, '2023-01-05 09:24:00', '2023-01-05 11:45:00', 30, 19, 2, 0, 'Enregistrement', 0),
(651, 562, 529, 1, '2023-01-05 10:00:00', '2023-01-05 11:57:00', NULL, 19, 2, 0, 'ACHEMINEMENT', 0),
(652, 563, 530, 1, '2023-01-05 10:16:00', '2023-01-05 11:20:00', 18, 24, 2, 0, 'RDV', 0),
(653, 564, 531, 1, '2023-01-05 11:32:00', '2023-01-05 12:15:00', 25, 19, 2, 0, 'ACHEMINEMENT', 0),
(654, 350, 532, 1, '2023-01-05 13:57:00', '2023-01-05 15:04:00', 25, 19, 2, 0, 'DEPOT  2 DE DOSSIER  D\'extantion', 0),
(655, 565, 533, 1, '2023-01-08 08:44:00', '2023-01-08 11:17:00', 18, 24, 2, 0, 'RDV', 0),
(656, 566, 533, 1, '2023-01-08 08:46:00', '2023-01-08 11:16:00', 18, 24, 2, 0, 'RDV', 0),
(657, 567, 534, 1, '2023-01-08 10:57:00', '2023-01-08 11:08:00', 60, 23, 2, 0, 'Taxe Superficiaire', 0),
(658, 568, 535, 1, '2023-01-09 08:37:00', '2023-01-09 09:31:00', 28, 19, 2, 0, 'Complément De Dossier', 0),
(659, 569, 121, 1, '2023-01-09 08:38:00', '2023-01-09 08:56:00', 29, 19, 2, 0, 'retrait de permis 7227 PEC', 0),
(660, 121, 536, 1, '2023-01-09 08:41:00', '2023-01-09 08:56:00', 29, 19, 2, 0, 'retrait de permis', 0),
(661, 56, 537, 1, '2023-01-09 09:09:00', '2023-01-09 09:31:00', 29, 19, 2, 0, 'retrait de permis', 0),
(662, 570, 537, 1, '2023-01-09 09:15:00', '2023-01-09 09:31:00', 29, 19, 2, 0, 'retrait de permis', 0),
(663, 310, 538, 1, '2023-01-09 09:17:00', '2023-01-09 09:54:00', 28, 19, 2, 0, 'Complément De Dossier', 0),
(664, 571, 539, 1, '2023-01-09 09:23:00', '2023-01-09 10:12:00', 27, 19, 2, 0, 'Complément De Dossier', 0),
(665, 572, 540, 1, '2023-01-09 09:36:00', '2023-01-09 09:54:00', 35, 19, 2, 0, 'R.L.DDM', 0),
(666, 156, 540, 1, '2023-01-09 09:40:00', '2023-01-09 09:54:00', 35, 19, 2, 0, 'R.L.DDM', 0),
(667, 573, 541, 1, '2023-01-09 09:47:00', '2023-01-09 10:26:00', 128, 15, 2, 0, 'R.C.CH  MARCHE', 0),
(668, 493, 464, 1, '2023-01-09 10:07:00', '2023-01-09 10:18:00', 38, 19, 2, 0, 'Renseignement', 0),
(669, 574, 542, 1, '2023-01-09 10:08:00', '2023-01-09 11:52:00', 25, 19, 2, 0, 'dépôt de Dossier', 0),
(670, 575, 543, 1, '2023-01-09 10:23:00', '2023-01-09 11:00:00', 28, 19, 2, 0, 'Complément De Dossier', 0),
(671, 165, 544, 1, '2023-01-09 10:28:00', '2023-01-09 10:59:00', 38, 19, 2, 0, 'Renseignement', 0),
(672, 576, 545, 1, '2023-01-09 10:58:00', '2023-01-09 12:08:00', 25, 19, 2, 0, 'DEPOT DE DOSSIER  EXPLORATION', 0),
(673, 577, 546, 1, '2023-01-09 11:03:00', '2023-01-09 11:24:00', 29, 19, 2, 0, 'retrait de permis', 0),
(674, 578, 547, 1, '2023-01-09 11:10:00', '2023-01-09 11:20:00', 38, 19, 2, 0, 'Renseignement', 0),
(675, 579, 547, 1, '2023-01-09 11:11:00', '2023-01-09 11:20:00', 38, 19, 2, 0, 'Renseignement', 0),
(676, 580, 548, 1, '2023-01-09 11:24:00', '2023-01-09 11:50:00', 25, 19, 2, 0, 'Dépôt  RNV', 0),
(677, 581, 549, 1, '2023-01-09 11:50:00', '2023-01-09 12:00:00', 27, 19, 2, 0, 'Enregistrement', 0),
(678, 130, 550, 1, '2023-01-09 13:08:00', '2023-01-09 15:12:00', 28, 19, 2, 0, 'Complément De Dossier', 0),
(679, 582, 551, 1, '2023-01-09 13:54:00', '2023-01-09 15:13:00', 28, 19, 2, 0, 'Enregistrement', 0),
(680, 189, 552, 1, '2023-01-09 14:29:00', '2023-01-09 15:12:00', 38, 19, 2, 0, 'Renseignement', 0),
(681, 583, 553, 1, '2023-01-09 14:54:00', '2023-01-09 15:39:00', 60, 23, 2, 0, 'Taxe Superficiaire 5212 PXC', 0),
(682, 584, 554, 1, '2023-01-09 15:31:00', '2023-01-09 15:37:00', 38, 19, 2, 0, 'Renseignement', 0),
(683, 585, 555, 1, '2023-01-10 08:43:00', '2023-01-10 10:07:00', 25, 19, 2, 0, 'DEPOT DE DOSSIER  EXPLORATION', 0),
(684, 586, 556, 1, '2023-01-10 08:45:00', '2023-01-10 09:02:00', 29, 19, 2, 0, 'retrait de permis', 0),
(685, 587, 557, 1, '2023-01-10 09:04:00', '2023-01-10 10:49:00', 44, 25, 2, 0, 'Renseignement', 0),
(686, 588, 557, 1, '2023-01-10 09:07:00', '2023-01-10 10:49:00', 44, 25, 2, 0, 'Renseignement', 0),
(687, 589, 275, 1, '2023-01-10 09:08:00', '2023-01-10 10:49:00', 44, 25, 2, 0, 'Renseignement', 0),
(688, 590, 275, 1, '2023-01-10 09:09:00', '2023-01-10 10:49:00', 44, 25, 2, 0, 'Renseignement', 0),
(689, 23, 558, 1, '2023-01-10 09:35:00', '2023-01-10 11:45:00', 28, 19, 2, 0, 'Complément De Dossier', 0),
(690, 591, 559, 1, '2023-01-10 09:37:00', '2023-01-10 10:30:00', 21, 18, 2, 0, 'RDV', 0),
(691, 592, 559, 1, '2023-01-10 09:39:00', '2023-01-10 10:30:00', 21, 18, 2, 0, 'RDV', 0),
(692, 99, 560, 1, '2023-01-10 09:40:00', '2023-01-10 12:00:00', 29, 19, 2, 0, 'retrait de permis', 0),
(693, 593, 484, 1, '2023-01-10 10:41:00', '2023-01-10 10:48:00', 30, 19, 2, 0, 'Complément de dossier', 0),
(694, 577, 546, 1, '2023-01-10 10:47:00', '2023-01-10 11:15:00', 29, 19, 2, 0, 'Retrait de permis', 0),
(695, 594, 388, 1, '2023-01-10 10:50:00', '2023-01-10 11:25:00', 29, 19, 2, 0, 'Retrait de permis', 0),
(696, 583, 553, 1, '2023-01-10 11:12:00', '2023-01-10 11:10:00', 60, 23, 2, 0, 'Taxe Superficiaire 5212 PXC', 0),
(697, 220, 561, 1, '2023-01-10 11:23:00', '2023-01-10 11:32:00', 29, 19, 2, 0, 'Retrait de permis', 0),
(698, 595, 367, 1, '2023-01-10 11:27:00', '2023-01-10 15:00:00', 32, 19, 2, 0, 'DEPOT DE DOSSIER', 0),
(699, 596, 367, 1, '2023-01-10 11:30:00', '2023-01-10 15:00:00', 28, 19, 2, 0, 'DEPOT DE DOSSIER', 0),
(700, 597, 162, 1, '2023-01-10 13:09:00', '2023-01-10 14:22:00', 28, 19, 2, 0, 'Enregistrement', 0),
(701, 598, 562, 1, '2023-01-10 13:12:00', '2023-01-10 13:40:00', 60, 23, 2, 0, 'Taxe Superficiaire', 0),
(702, 63, 563, 1, '2023-01-10 13:40:00', '2023-01-10 14:22:00', 18, 24, 2, 0, 'RDV', 0),
(703, 599, 564, 1, '2023-01-10 13:41:00', '2023-01-10 14:22:00', 18, 24, 2, 0, 'RDV', 0),
(704, 600, 565, 1, '2023-01-10 14:22:00', '2023-01-10 15:50:00', 25, 19, 2, 0, 'Dépôt  RNV', 0),
(705, 601, 565, 1, '2023-01-10 14:24:00', '2023-01-10 15:49:00', 25, 19, 2, 0, 'Dépôt  RNV', 0),
(706, 83, 83, 1, '2023-01-10 14:40:00', '2023-01-10 14:45:00', 38, 19, 2, 0, 'Renseignement', 0),
(707, 602, 566, 1, '2023-01-11 08:41:00', '2023-01-11 08:48:00', 24, 19, 2, 0, 'RENSEIGNEMENTR', 0),
(708, 603, 567, 1, '2023-01-11 08:45:00', '2023-01-11 09:05:00', 127, 15, 2, 0, 'R. CHARGES', 0),
(709, 604, 568, 1, '2023-01-11 09:23:00', '2023-01-11 10:25:00', 25, 19, 2, 0, 'Renseignement', 0),
(710, 605, 569, 1, '2023-01-11 09:36:00', '2023-01-11 10:28:00', 21, 18, 2, 0, 'R.L.DCM', 0),
(711, 606, 570, 1, '2023-01-11 10:28:00', '2023-01-11 11:26:00', 18, 24, 2, 0, 'RDV', 0),
(712, 607, 570, 1, '2023-01-11 10:37:00', '2023-01-11 11:26:00', 18, 24, 2, 0, 'RDV', 0),
(713, 608, 571, 1, '2023-01-11 10:38:00', '2023-01-11 12:15:00', 18, 24, 2, 0, 'RDV', 0),
(714, 609, 572, 1, '2023-01-11 10:40:00', '2023-01-11 10:49:00', 117, 14, 2, 0, 'RDV', 0),
(715, 582, 573, 1, '2023-01-11 10:53:00', '2023-01-11 11:15:00', 28, 19, 2, 0, 'Complément De Dossier', 0),
(716, 610, 9, 1, '2023-01-11 13:19:00', '2023-01-11 13:34:00', 18, 24, 2, 0, 'Renseignement', 0),
(717, 611, 9, 1, '2023-01-11 13:31:00', '2023-01-11 14:20:00', 18, 24, 2, 0, 'RDV', 0),
(718, 612, 574, 1, '2023-01-11 14:31:00', '2023-01-11 15:42:00', 18, 24, 2, 0, 'RDV', 0),
(719, 83, 574, 1, '2023-01-11 14:33:00', '2023-01-11 15:42:00', 18, 24, 2, 0, 'RDV', 0),
(720, 613, 575, 1, '2023-01-15 08:31:00', '2023-01-15 08:55:00', 56, 23, 2, 0, 'Taxe Superficiaire', 0),
(721, 614, 577, 1, '2023-01-15 08:53:00', '2023-01-15 08:59:00', 117, 14, 2, 0, 'RDV', 0),
(722, 615, 578, 1, '2023-01-15 10:04:00', '2023-01-15 10:19:00', 60, 23, 2, 0, 'Taxe Superficiaire', 0),
(723, 616, 474, 1, '2023-01-15 10:47:00', '2023-01-15 13:42:00', 18, 24, 2, 0, 'RDV', 0),
(724, 504, 474, 1, '2023-01-15 10:48:00', '2023-01-15 13:42:00', 18, 24, 2, 0, 'RDV', 0),
(725, 617, 457, 1, '2023-01-15 14:37:00', NULL, 106, 17, 1, 0, 'RDV', 0),
(726, 618, 457, 1, '2023-01-15 14:40:00', NULL, 106, 17, 1, 0, 'RDV', 0),
(727, 619, 457, 1, '2023-01-15 14:41:00', NULL, 106, 17, 1, 0, 'RDV', 0),
(728, 620, 388, 1, '2023-01-16 08:30:00', '2023-01-16 09:35:00', 29, 19, 2, 0, 'retrait de permis', 0),
(729, 621, 579, 1, '2023-01-16 08:34:00', '2023-01-16 09:43:00', 28, 19, 2, 0, 'Enregistrement', 0),
(730, 54, 579, 1, '2023-01-16 08:36:00', '2023-01-16 09:43:00', 28, 19, 2, 0, 'Enregistrement', 0),
(731, 622, 580, 1, '2023-01-16 08:37:00', '2023-01-16 08:50:00', 56, 23, 2, 0, 'Taxe Superficiaire', 0),
(732, 171, 538, 1, '2023-01-16 08:39:00', '2023-01-16 09:30:00', 30, 19, 2, 0, 'Enregistrement', 0),
(733, 623, 538, 1, '2023-01-16 08:40:00', '2023-01-16 09:30:00', 30, 19, 2, 0, 'Enregistrement', 0),
(734, 206, 339, 1, '2023-01-16 08:55:00', '2023-01-16 10:44:00', 44, 25, 2, 0, 'Renseignement', 0),
(735, 205, 339, 1, '2023-01-16 08:56:00', '2023-01-16 10:43:00', 44, 25, 2, 0, 'Renseignement', 0),
(736, 624, 581, 1, '2023-01-16 08:57:00', '2023-01-16 10:21:00', 25, 19, 2, 0, 'DEPOT D\'EXTANTION', 0),
(737, 83, 581, 1, '2023-01-16 09:00:00', '2023-01-16 10:21:00', 25, 19, 2, 0, 'DEPOT D\'EXTANTION', 0),
(738, 625, 582, 1, '2023-01-16 09:11:00', '2023-01-16 09:23:00', 60, 23, 2, 0, 'Taxe Superficiaire', 0),
(739, 626, 583, 1, '2023-01-16 09:35:00', '2023-01-16 10:10:00', 28, 19, 2, 0, 'Dépôt  RNV', 0),
(740, 627, 584, 1, '2023-01-16 09:41:00', '2023-01-16 10:10:00', 28, 19, 2, 0, 'Dépôt  RNV', 0),
(741, 628, 585, 1, '2023-01-16 10:10:00', '2023-01-16 10:25:00', 38, 19, 2, 0, 'Renseignement', 0),
(742, 162, 586, 1, '2023-01-16 10:11:00', '2023-01-16 12:00:00', 25, 19, 2, 0, 'DEPOT D\'EXTANTION', 0),
(743, 629, 587, 1, '2023-01-16 10:25:00', '2023-01-16 10:40:00', 38, 19, 2, 0, 'Renseignement', 0),
(744, 171, 588, 1, '2023-01-16 10:27:00', '2023-01-16 12:00:00', 25, 19, 2, 0, 'DEPÔT 2 DOSSIER D\'EXPLOITATION', 0),
(745, 481, 589, 1, '2023-01-16 10:31:00', '2023-01-16 11:45:00', 25, 19, 2, 0, 'Dépôt  D\'Exploration', 0),
(746, 630, 590, 1, '2023-01-16 10:44:00', '2023-01-16 11:00:00', 35, 19, 2, 0, 'R.L.DDM', 0),
(747, 631, 591, 1, '2023-01-16 11:03:00', '2023-01-16 12:00:00', 38, 19, 2, 0, 'Renseignement', 0),
(748, 632, 9, 1, '2023-01-16 11:06:00', '2023-01-16 11:14:00', 38, 19, 2, 0, 'Renseignement', 0),
(749, 234, 399, 1, '2023-01-16 13:28:00', '2023-01-16 13:48:00', 30, 19, 2, 0, 'Complément De Dossier', 0),
(750, 633, 592, 1, '2023-01-16 13:55:00', '2023-01-16 14:05:00', 128, 15, 2, 0, 'R.C.CH  MARCHE', 0),
(751, 634, 593, 1, '2023-01-16 14:02:00', '2023-01-16 14:41:00', 75, 21, 2, 0, 'RDV', 0),
(752, 635, 593, 1, '2023-01-16 14:05:00', '2023-01-16 14:41:00', 75, 21, 2, 0, 'RDV', 0),
(753, 557, 524, 1, '2023-01-16 14:14:00', '2023-01-16 14:25:00', 117, 14, 2, 0, 'RDV', 0),
(754, 580, 548, 1, '2023-01-16 14:15:00', '2023-01-16 15:26:00', 30, 19, 2, 0, 'Complément De Dossier', 0),
(755, 636, 594, 1, '2023-01-16 14:41:00', '2023-01-16 14:58:00', 27, 19, 2, 0, 'COMPLEMENT  TRANSFERT', 0),
(756, 27, 595, 1, '2023-01-16 14:45:00', '2023-01-16 14:57:00', 35, 19, 2, 0, 'retrait de permis', 0),
(757, 99, 596, 1, '2023-01-17 08:28:00', '2023-01-17 10:07:00', 30, 19, 2, 0, 'Complément De Dossier', 0),
(758, 373, 365, 1, '2023-01-17 08:29:00', '2023-01-17 10:07:00', 25, 19, 2, 0, 'DEPOT DE DOSSIER  EXPLORATION', 0),
(759, 637, 365, 1, '2023-01-17 08:31:00', '2023-01-17 10:07:00', 25, 19, 2, 0, 'DEPOT DE DOSSIER  EXPLORATION', 0),
(760, 48, 597, 1, '2023-01-17 08:32:00', '2023-01-17 08:44:00', 30, 19, 2, 0, 'Complément De Dossier', 0),
(761, 638, 598, 1, '2023-01-17 08:33:00', '2023-01-17 09:00:00', 56, 23, 2, 0, NULL, 0),
(762, 519, 599, 1, '2023-01-17 08:56:00', '2023-01-17 11:00:00', 38, 19, 2, 0, 'Renseignement', 0),
(763, 639, 600, 1, '2023-01-17 09:03:00', '2023-01-17 10:59:00', 27, 19, 2, 0, 'Complément De Dossier', 0),
(764, 640, 524, 1, '2023-01-17 09:08:00', '2023-01-17 11:10:00', 117, 14, 2, 0, 'RDV', 0),
(765, 60, 601, 1, '2023-01-17 09:11:00', '2023-01-17 10:16:00', 29, 19, 2, 0, 'retrait de permis', 0),
(766, 32, 32, 1, '2023-01-17 09:23:00', '2023-01-17 09:30:00', 38, 19, 2, 0, 'Renseignement', 0),
(767, 484, 464, 1, '2023-01-17 09:31:00', '2023-01-17 09:40:00', 38, 19, 2, 0, 'Renseignement', 0),
(768, 641, 602, 1, '2023-01-17 10:48:00', '2023-01-17 10:53:00', 56, 23, 2, 0, NULL, 0),
(769, 642, 603, 1, '2023-01-17 14:05:00', '2023-01-17 14:15:00', 56, 23, 2, 0, 'Taxe Superficiaire', 0),
(770, 643, 604, 1, '2023-01-17 14:08:00', '2023-01-17 14:33:00', 52, 20, 2, 0, 'RDV', 0),
(771, 644, 604, 1, '2023-01-17 14:11:00', '2023-01-17 14:33:00', 52, 20, 2, 0, 'RDV', 0),
(772, 645, 604, 1, '2023-01-17 14:12:00', '2023-01-17 14:33:00', 52, 20, 2, 0, 'RDV', 0),
(773, 646, 605, 1, '2023-01-17 15:07:00', NULL, 29, 19, 1, 0, 'retrait de permis', 0),
(774, 647, 606, 1, '2023-01-18 08:27:00', '2023-01-18 10:01:00', 32, 19, 2, 0, 'COMPELIMOU', 0),
(775, 648, 610, 1, '2023-01-18 09:04:00', '2023-01-18 09:32:00', 27, 19, 2, 0, 'Enregistrement', 0),
(776, 649, 609, 1, '2023-01-18 09:06:00', '2023-01-18 09:30:00', 27, 19, 2, 0, 'Enregistrement', 0),
(777, 650, 611, 1, '2023-01-18 09:49:00', '2023-01-18 10:01:00', 106, 17, 2, 0, 'RDV', 0),
(778, 651, 9, 1, '2023-01-18 10:25:00', '2023-01-18 10:34:00', 38, 19, 2, 0, 'Renseignement', 0),
(779, 59, 612, 1, '2023-01-18 10:37:00', '2023-01-18 13:30:00', 25, 19, 2, 0, 'DEPOT DE DOSSIER  EXPLORATION', 0),
(780, 652, 613, 1, '2023-01-18 11:17:00', '2023-01-18 12:00:00', 18, 24, 2, 0, 'RDV', 0),
(781, 653, 614, 1, '2023-01-18 11:20:00', '2023-01-18 12:00:00', 32, 19, 2, 0, 'Complément De Dossier', 0),
(782, 631, 591, 1, '2023-01-18 11:25:00', '2023-01-18 12:00:00', 29, 19, 2, 0, 'retrait de permis', 0),
(783, 445, 526, 1, '2023-01-18 13:41:00', '2023-01-18 13:47:00', 38, 19, 2, 0, 'Renseignement', 0),
(784, 654, 615, 1, '2023-01-18 13:56:00', '2023-01-18 14:50:00', 127, 15, 2, 0, 'R.C.CH  MARCHE', 0),
(785, 162, 616, 1, '2023-01-18 13:57:00', '2023-01-18 14:50:00', 32, 19, 2, 0, 'Complément De Dossier', 0),
(786, 56, 617, 1, '2023-01-18 14:50:00', '2023-09-18 15:40:00', 38, 19, 2, 0, 'Renseignement', 0),
(787, 655, 618, 1, '2023-01-19 08:30:00', '2023-01-19 08:50:00', 27, 19, 2, 0, 'COMPLEMENT  TRANSFERT', 0),
(788, 656, 619, 1, '2023-01-19 08:34:00', '2023-01-19 09:00:00', 32, 19, 2, 0, 'Complément De Dossier', 0),
(789, 657, 620, 1, '2023-01-19 10:02:00', '2023-01-19 12:00:00', 106, 17, 2, 0, 'RDV', 0),
(790, 658, 621, 1, '2023-01-19 10:24:00', '2023-01-19 14:00:00', 25, 19, 2, 0, 'Dépôt  De Dossier', 0),
(791, 659, 622, 1, '2023-01-19 11:07:00', '2023-01-19 11:34:00', 30, 19, 2, 0, 'Enregistrement', 0),
(792, 660, 617, 1, '2023-01-19 13:13:00', '2023-01-19 13:18:00', 38, 19, 2, 0, 'RENSEIGNEMENTR', 0),
(793, 661, 625, 1, '2023-01-19 13:15:00', '2023-01-19 15:28:00', 25, 19, 2, 0, 'DEPO DOSSIER X 5805 PXC', 0),
(794, 662, 626, 1, '2023-01-19 13:40:00', '2023-01-19 14:29:00', 25, 19, 2, 0, 'dépôt de Dossier', 0),
(795, 162, 627, 1, '2023-01-19 14:14:00', '2023-01-23 15:40:00', 28, 19, 2, 0, 'Complément De Dossier', 0),
(796, 663, 628, 1, '2023-01-22 10:55:00', '2023-01-22 11:30:00', 38, 19, 2, 0, 'Renseignement', 0),
(797, 664, 629, 1, '2023-01-23 09:04:00', '2023-01-23 10:18:00', 38, 19, 2, 0, 'RDV', 0),
(798, 114, 630, 1, '2023-01-23 09:31:00', '2023-01-23 10:10:00', 32, 19, 2, 0, 'Enregistrement', 0),
(799, 665, 631, 1, '2023-01-23 09:41:00', '2023-01-23 11:12:00', 29, 19, 2, 0, 'retrait de permis', 0),
(800, 666, 632, 1, '2023-01-23 09:58:00', '2023-01-23 11:05:00', 127, 15, 2, 0, 'Dépôt De Consultation', 0),
(801, 667, 633, 1, '2023-01-23 10:12:00', '2023-01-23 11:18:00', 127, 15, 2, 0, 'Dépôt De Consultation', 0),
(802, 668, 634, 1, '2023-01-23 10:16:00', '2023-01-23 11:12:00', 44, 25, 2, 0, 'Renseignement', 0),
(803, 669, 635, 1, '2023-01-23 10:38:00', '2023-01-23 11:17:00', 60, 23, 2, 0, 'Taxe Superficiaire', 0),
(804, 670, 636, 1, '2023-01-23 11:12:00', '2023-01-23 11:28:00', 128, 15, 2, 0, 'Dépôt De Consultation', 0),
(805, 171, 637, 1, '2023-01-23 11:18:00', '2023-01-23 12:13:00', 28, 19, 2, 0, 'Complément De Dossier', 0),
(806, 261, 638, 1, '2023-01-23 13:14:00', '2023-01-23 14:00:00', 28, 19, 2, 0, 'DEPOT D\'EXTANTION', 0),
(807, 671, 640, 1, '2023-01-23 13:17:00', '2023-01-23 13:45:00', 32, 19, 2, 0, 'Complément De Dossier', 0),
(808, 672, 641, 1, '2023-01-23 14:54:00', '2023-01-24 15:50:00', 21, 18, 2, 0, 'RENSEIGNEMENTR', 0),
(809, 673, 642, 1, '2023-01-23 14:59:00', '2023-01-23 15:23:00', 30, 19, 2, 0, 'COMPELIMOU', 0),
(810, 674, 643, 1, '2023-01-23 15:02:00', '2023-01-23 15:17:00', 127, 15, 2, 0, 'retrait  REPONES', 0),
(811, 675, 644, 1, '2023-01-24 08:39:00', '2023-01-24 09:12:00', 30, 19, 2, 0, 'Complément De Dossier', 0),
(812, 676, 645, 1, '2023-01-24 08:49:00', '2023-01-24 09:22:00', 29, 19, 2, 0, 'retrait de permis', 0),
(813, 280, 53, 1, '2023-01-24 08:51:00', '2023-01-24 09:22:00', 29, 19, 2, 0, 'retrait de permis', 0),
(814, 677, 646, 1, '2023-01-24 09:22:00', '2023-01-24 09:59:00', 18, 24, 2, 0, 'RDV', 0),
(815, 678, 647, 1, '2023-01-24 09:26:00', '2023-01-24 10:06:00', 29, 19, 2, 0, 'retrait de permis', 0),
(816, 679, 648, 1, '2023-01-24 09:30:00', '2023-01-24 09:55:00', 28, 19, 2, 0, 'Renseignement', 0),
(817, 680, 581, 1, '2023-01-24 09:36:00', '2023-01-24 11:05:00', 30, 19, 2, 0, 'Enregistrement', 0),
(818, 83, 581, 1, '2023-01-24 09:39:00', '2023-01-24 11:05:00', 30, 19, 2, 0, 'Enregistrement', 0),
(819, 681, 581, 1, '2023-01-24 10:33:00', '2023-01-24 11:05:00', 30, 19, 2, 0, 'Enregistrement', 0),
(820, 99, 99, 1, '2023-01-24 11:04:00', NULL, 29, 19, 1, 0, 'retrait de permis 7151 PXC', 0),
(821, 682, 649, 1, '2023-01-24 11:20:00', NULL, 29, 19, 0, 0, 'retrait de permis', 0),
(822, 683, 650, 1, '2023-01-24 13:47:00', '2023-01-24 14:58:00', 18, 24, 2, 0, 'RDV', 0),
(823, 684, 650, 1, '2023-01-24 13:49:00', '2023-01-24 14:58:00', 18, 24, 2, 0, 'RDV', 0),
(824, 685, 650, 1, '2023-01-24 13:50:00', '2023-01-24 14:58:00', 18, 24, 2, 0, 'RDV', 0),
(825, 686, 651, 1, '2023-01-24 13:55:00', '2023-01-24 15:18:00', 30, 19, 2, 0, 'COMPELIMOU', 0),
(826, 687, 652, 1, '2023-01-24 15:29:00', NULL, 127, 15, 1, 0, 'retrait KAYI DICHAREG', 0),
(827, 688, 9, 1, '2023-01-25 08:57:00', '2023-01-25 09:09:00', 100, 22, 2, 0, 'RDV', 0),
(828, 689, 653, 1, '2023-01-25 09:01:00', '2023-01-25 09:52:00', 27, 19, 2, 0, '104497488', 0),
(829, 690, 653, 1, '2023-01-25 09:03:00', '2023-01-25 09:52:00', 27, 19, 2, 0, 'DEPOT TRANSFERT', 0),
(830, 58, 655, 1, '2023-01-25 10:38:00', '2023-01-25 11:12:00', 28, 19, 2, 0, 'Dépôt  RNV', 0),
(831, 691, 656, 1, '2023-01-25 11:09:00', '2023-01-25 11:45:00', 27, 19, 2, 0, 'Enregistrement', 0),
(832, 692, 657, 1, '2023-01-25 11:12:00', '2023-01-25 11:20:00', 55, 20, 2, 0, 'R Chèque DFC', 0),
(833, 257, 658, 1, '2023-01-25 11:18:00', '2023-01-25 11:36:00', 38, 19, 2, 0, 'Renseignement', 0),
(834, 128, 659, 1, '2023-01-25 11:25:00', '2023-01-25 11:36:00', 38, 19, 2, 0, 'Renseignement', 0),
(835, 693, 660, 1, '2023-01-25 13:35:00', '2023-01-25 13:53:00', 60, 23, 2, 0, 'Taxe Superficiaire', 0),
(836, 694, 661, 1, '2023-01-25 13:51:00', NULL, 60, 23, 1, 0, 'retrait de permis', 0),
(837, 695, 662, 1, '2023-01-25 13:54:00', NULL, 25, 19, 1, 0, 'DEPOT DOSSIER', 0),
(838, 465, 662, 1, '2023-01-25 13:56:00', NULL, 25, 19, 1, 0, 'DEPOT DE DOSSIER', 0),
(839, 696, 3, 1, '2023-01-31 10:52:00', NULL, NULL, 14, 0, 0, 'sqdsqd', 0),
(840, 697, 663, 1, '2023-02-12 09:52:00', NULL, 119, 14, 0, 0, 'sdfdsfdsfsf', 0),
(841, 698, 672, 1, '2023-03-29 13:45:00', NULL, 127, 15, 0, 0, 'fdgfdgfdgfdgfdg', 0),
(842, 699, 675, 1, '2023-04-06 11:49:00', NULL, 118, 14, 0, 0, 'dsqdsqdsqdsqdqs', 0);

--
-- Indexes for dumped tables
--

--
-- Indexes for table `antennes`
--
ALTER TABLE `antennes`
  ADD PRIMARY KEY (`id`);

--
-- Indexes for table `antenne_users`
--
ALTER TABLE `antenne_users`
  ADD PRIMARY KEY (`id`),
  ADD KEY `antenne_users_ant_user_index` (`ant_user`),
  ADD KEY `antenne_users_ant_group_index` (`ant_group`);

--
-- Indexes for table `antenne_visitors`
--
ALTER TABLE `antenne_visitors`
  ADD PRIMARY KEY (`id`),
  ADD KEY `antenne_visitors_position_index` (`position`),
  ADD KEY `antenne_visitors_attachment_index` (`attachment`),
  ADD KEY `antenne_visitors_id_type_index` (`id_type`);

--
-- Indexes for table `antenne_visits`
--
ALTER TABLE `antenne_visits`
  ADD PRIMARY KEY (`id`),
  ADD KEY `antenne_visits_organization_index` (`organization`),
  ADD KEY `antenne_visits_category_index` (`category`),
  ADD KEY `antenne_visits_ant_location_index` (`ant_location`),
  ADD KEY `antenne_visits_emp_visited_index` (`emp_visited`),
  ADD KEY `antenne_visits_visitor_index` (`visitor`);

--
-- Indexes for table `attachments`
--
ALTER TABLE `attachments`
  ADD PRIMARY KEY (`id`);

--
-- Indexes for table `categories`
--
ALTER TABLE `categories`
  ADD PRIMARY KEY (`id`);

--
-- Indexes for table `failed_jobs`
--
ALTER TABLE `failed_jobs`
  ADD PRIMARY KEY (`id`),
  ADD UNIQUE KEY `failed_jobs_uuid_unique` (`uuid`);

--
-- Indexes for table `groups`
--
ALTER TABLE `groups`
  ADD PRIMARY KEY (`id`);

--
-- Indexes for table `id_types`
--
ALTER TABLE `id_types`
  ADD PRIMARY KEY (`id`);

--
-- Indexes for table `migrations`
--
ALTER TABLE `migrations`
  ADD PRIMARY KEY (`id`);

--
-- Indexes for table `organisations`
--
ALTER TABLE `organisations`
  ADD PRIMARY KEY (`id`);

--
-- Indexes for table `password_resets`
--
ALTER TABLE `password_resets`
  ADD KEY `password_resets_email_index` (`email`);

--
-- Indexes for table `personal_access_tokens`
--
ALTER TABLE `personal_access_tokens`
  ADD PRIMARY KEY (`id`),
  ADD UNIQUE KEY `personal_access_tokens_token_unique` (`token`),
  ADD KEY `personal_access_tokens_tokenable_type_tokenable_id_index` (`tokenable_type`,`tokenable_id`);

--
-- Indexes for table `positions`
--
ALTER TABLE `positions`
  ADD PRIMARY KEY (`id`);

--
-- Indexes for table `profiles`
--
ALTER TABLE `profiles`
  ADD PRIMARY KEY (`id`),
  ADD UNIQUE KEY `profiles_privilege_unique` (`privilege`);

--
-- Indexes for table `services`
--
ALTER TABLE `services`
  ADD PRIMARY KEY (`id`);

--
-- Indexes for table `syncs`
--
ALTER TABLE `syncs`
  ADD PRIMARY KEY (`id`);

--
-- Indexes for table `users`
--
ALTER TABLE `users`
  ADD PRIMARY KEY (`id`),
  ADD UNIQUE KEY `users_guid_unique` (`guid`),
  ADD KEY `users_profile_index` (`profile`);

--
-- Indexes for table `user_groups`
--
ALTER TABLE `user_groups`
  ADD PRIMARY KEY (`id`),
  ADD KEY `user_groups_a_user_index` (`a_user`),
  ADD KEY `user_groups_a_group_index` (`a_group`);

--
-- Indexes for table `visitors`
--
ALTER TABLE `visitors`
  ADD PRIMARY KEY (`id`),
  ADD KEY `visitors_position_index` (`position`) USING BTREE,
  ADD KEY `visitors_attachment_index` (`attachment`) USING BTREE,
  ADD KEY `visitors_id_type_index` (`id_type`) USING BTREE;

--
-- Indexes for table `visits`
--
ALTER TABLE `visits`
  ADD PRIMARY KEY (`id`),
  ADD KEY `visits_visitor_index` (`visitor`) USING BTREE,
  ADD KEY `visits_organization_index` (`organization`) USING BTREE,
  ADD KEY `visits_category_index` (`category`) USING BTREE,
  ADD KEY `visits_emp_visited_index` (`emp_visited`) USING BTREE,
  ADD KEY `visits_service_emp_visited_index` (`service_emp_visited`) USING BTREE;

--
-- AUTO_INCREMENT for dumped tables
--

--
-- AUTO_INCREMENT for table `antennes`
--
ALTER TABLE `antennes`
  MODIFY `id` bigint(20) UNSIGNED NOT NULL AUTO_INCREMENT, AUTO_INCREMENT=44;

--
-- AUTO_INCREMENT for table `antenne_users`
--
ALTER TABLE `antenne_users`
  MODIFY `id` bigint(20) UNSIGNED NOT NULL AUTO_INCREMENT, AUTO_INCREMENT=132;

--
-- AUTO_INCREMENT for table `antenne_visitors`
--
ALTER TABLE `antenne_visitors`
  MODIFY `id` bigint(20) UNSIGNED NOT NULL AUTO_INCREMENT, AUTO_INCREMENT=18;

--
-- AUTO_INCREMENT for table `antenne_visits`
--
ALTER TABLE `antenne_visits`
  MODIFY `id` bigint(20) UNSIGNED NOT NULL AUTO_INCREMENT, AUTO_INCREMENT=19;

--
-- AUTO_INCREMENT for table `attachments`
--
ALTER TABLE `attachments`
  MODIFY `id` bigint(20) UNSIGNED NOT NULL AUTO_INCREMENT;

--
-- AUTO_INCREMENT for table `categories`
--
ALTER TABLE `categories`
  MODIFY `id` bigint(20) UNSIGNED NOT NULL AUTO_INCREMENT, AUTO_INCREMENT=3;

--
-- AUTO_INCREMENT for table `failed_jobs`
--
ALTER TABLE `failed_jobs`
  MODIFY `id` bigint(20) UNSIGNED NOT NULL AUTO_INCREMENT;

--
-- AUTO_INCREMENT for table `groups`
--
ALTER TABLE `groups`
  MODIFY `id` bigint(20) UNSIGNED NOT NULL AUTO_INCREMENT, AUTO_INCREMENT=26;

--
-- AUTO_INCREMENT for table `id_types`
--
ALTER TABLE `id_types`
  MODIFY `id` bigint(20) UNSIGNED NOT NULL AUTO_INCREMENT, AUTO_INCREMENT=6;

--
-- AUTO_INCREMENT for table `migrations`
--
ALTER TABLE `migrations`
  MODIFY `id` int(10) UNSIGNED NOT NULL AUTO_INCREMENT, AUTO_INCREMENT=21;

--
-- AUTO_INCREMENT for table `organisations`
--
ALTER TABLE `organisations`
  MODIFY `id` bigint(20) UNSIGNED NOT NULL AUTO_INCREMENT, AUTO_INCREMENT=676;

--
-- AUTO_INCREMENT for table `personal_access_tokens`
--
ALTER TABLE `personal_access_tokens`
  MODIFY `id` bigint(20) UNSIGNED NOT NULL AUTO_INCREMENT;

--
-- AUTO_INCREMENT for table `positions`
--
ALTER TABLE `positions`
  MODIFY `id` bigint(20) UNSIGNED NOT NULL AUTO_INCREMENT, AUTO_INCREMENT=4;

--
-- AUTO_INCREMENT for table `profiles`
--
ALTER TABLE `profiles`
  MODIFY `id` bigint(20) UNSIGNED NOT NULL AUTO_INCREMENT, AUTO_INCREMENT=7;

--
-- AUTO_INCREMENT for table `services`
--
ALTER TABLE `services`
  MODIFY `id` bigint(20) UNSIGNED NOT NULL AUTO_INCREMENT, AUTO_INCREMENT=7;

--
-- AUTO_INCREMENT for table `syncs`
--
ALTER TABLE `syncs`
  MODIFY `id` bigint(20) UNSIGNED NOT NULL AUTO_INCREMENT;

--
-- AUTO_INCREMENT for table `users`
--
ALTER TABLE `users`
  MODIFY `id` bigint(20) UNSIGNED NOT NULL AUTO_INCREMENT, AUTO_INCREMENT=277;

--
-- AUTO_INCREMENT for table `user_groups`
--
ALTER TABLE `user_groups`
  MODIFY `id` bigint(20) UNSIGNED NOT NULL AUTO_INCREMENT, AUTO_INCREMENT=105;

--
-- AUTO_INCREMENT for table `visitors`
--
ALTER TABLE `visitors`
  MODIFY `id` bigint(20) UNSIGNED NOT NULL AUTO_INCREMENT, AUTO_INCREMENT=700;

--
-- AUTO_INCREMENT for table `visits`
--
ALTER TABLE `visits`
  MODIFY `id` bigint(20) UNSIGNED NOT NULL AUTO_INCREMENT, AUTO_INCREMENT=843;

--
-- Constraints for dumped tables
--

--
-- Constraints for table `antenne_users`
--
ALTER TABLE `antenne_users`
  ADD CONSTRAINT `antenne_users_ant_group_foreign` FOREIGN KEY (`ant_group`) REFERENCES `antennes` (`id`),
  ADD CONSTRAINT `antenne_users_ant_user_foreign` FOREIGN KEY (`ant_user`) REFERENCES `users` (`id`);

--
-- Constraints for table `antenne_visitors`
--
ALTER TABLE `antenne_visitors`
  ADD CONSTRAINT `antenne_visitors_attachment_foreign` FOREIGN KEY (`attachment`) REFERENCES `attachments` (`id`),
  ADD CONSTRAINT `antenne_visitors_id_type_foreign` FOREIGN KEY (`id_type`) REFERENCES `id_types` (`id`),
  ADD CONSTRAINT `antenne_visitors_position_foreign` FOREIGN KEY (`position`) REFERENCES `positions` (`id`);

--
-- Constraints for table `antenne_visits`
--
ALTER TABLE `antenne_visits`
  ADD CONSTRAINT `antenne_visits_ant_location_foreign` FOREIGN KEY (`ant_location`) REFERENCES `antennes` (`id`),
  ADD CONSTRAINT `antenne_visits_category_foreign` FOREIGN KEY (`category`) REFERENCES `categories` (`id`),
  ADD CONSTRAINT `antenne_visits_emp_visited_foreign` FOREIGN KEY (`emp_visited`) REFERENCES `users` (`id`),
  ADD CONSTRAINT `antenne_visits_organization_foreign` FOREIGN KEY (`organization`) REFERENCES `organisations` (`id`),
  ADD CONSTRAINT `antenne_visits_visitor_index` FOREIGN KEY (`visitor`) REFERENCES `antenne_visitors` (`id`);

--
-- Constraints for table `users`
--
ALTER TABLE `users`
  ADD CONSTRAINT `users_profile_foreign` FOREIGN KEY (`profile`) REFERENCES `profiles` (`id`);

--
-- Constraints for table `user_groups`
--
ALTER TABLE `user_groups`
  ADD CONSTRAINT `user_groups_a_group_foreign` FOREIGN KEY (`a_group`) REFERENCES `groups` (`id`),
  ADD CONSTRAINT `user_groups_a_user_foreign` FOREIGN KEY (`a_user`) REFERENCES `users` (`id`);

--
-- Constraints for table `visitors`
--
ALTER TABLE `visitors`
  ADD CONSTRAINT `visitors_attachment_foreign_new` FOREIGN KEY (`attachment`) REFERENCES `attachments` (`id`),
  ADD CONSTRAINT `visitors_id_type_foreign_new` FOREIGN KEY (`id_type`) REFERENCES `id_types` (`id`),
  ADD CONSTRAINT `visitors_position_foreign_new` FOREIGN KEY (`position`) REFERENCES `positions` (`id`);

--
-- Constraints for table `visits`
--
ALTER TABLE `visits`
  ADD CONSTRAINT `visits_category_foreign_new` FOREIGN KEY (`category`) REFERENCES `categories` (`id`),
  ADD CONSTRAINT `visits_emp_visited_foreign_new` FOREIGN KEY (`emp_visited`) REFERENCES `users` (`id`),
  ADD CONSTRAINT `visits_organization_foreign_new` FOREIGN KEY (`organization`) REFERENCES `organisations` (`id`),
  ADD CONSTRAINT `visits_service_emp_visited_foreign_new` FOREIGN KEY (`service_emp_visited`) REFERENCES `groups` (`id`),
  ADD CONSTRAINT `visits_visitor_foreign_new` FOREIGN KEY (`visitor`) REFERENCES `visitors` (`id`);
COMMIT;

/*!40101 SET CHARACTER_SET_CLIENT=@OLD_CHARACTER_SET_CLIENT */;
/*!40101 SET CHARACTER_SET_RESULTS=@OLD_CHARACTER_SET_RESULTS */;
/*!40101 SET COLLATION_CONNECTION=@OLD_COLLATION_CONNECTION */;
